<?xml version='1.0' encoding='UTF-8'?><!DOCTYPE paula SYSTEM "paula_mark.dtd">
<paula version="1.1">
	<header paula_id="GL09-10.tok"/>
	<markList xmlns:xlink="http://www.w3.org/1999/xlink" type="tok" xml:base="GL09-10.text.xml">
		<!--ⲣ-->
		<mark id="sTok1" xlink:href="#xpointer(string-range(//body,'',1,1))"/>
		<!--ⲛ̄-->
		<mark id="sTok2" xlink:href="#xpointer(string-range(//body,'',3,2))"/>
		<!--·-->
		<mark id="sTok3" xlink:href="#xpointer(string-range(//body,'',6,1))"/>
		<!--ⲙ̄-->
		<mark id="sTok4" xlink:href="#xpointer(string-range(//body,'',8,2))"/>
		<!--ⲡ-->
		<mark id="sTok5" xlink:href="#xpointer(string-range(//body,'',11,1))"/>
		<!--ⲛⲁⲩ-->
		<mark id="sTok6" xlink:href="#xpointer(string-range(//body,'',13,3))"/>
		<!--·-->
		<mark id="sTok7" xlink:href="#xpointer(string-range(//body,'',17,1))"/>
		<!--ⲉⲧ︤-->
		<mark id="sTok8" xlink:href="#xpointer(string-range(//body,'',19,3))"/>
		<!--ⲛ︥-->
		<mark id="sTok9" xlink:href="#xpointer(string-range(//body,'',23,2))"/>
		<!--ⲛⲁ-->
		<mark id="sTok10" xlink:href="#xpointer(string-range(//body,'',26,2))"/>
		<!--ϫⲓ-->
		<mark id="sTok11" xlink:href="#xpointer(string-range(//body,'',29,2))"/>
		<!--ⲙ̄-->
		<mark id="sTok12" xlink:href="#xpointer(string-range(//body,'',32,2))"/>
		<!--ⲡ̣-->
		<mark id="sTok13" xlink:href="#xpointer(string-range(//body,'',35,2))"/>
		<!--ⲣ̣ⲁⲛ-->
		<mark id="sTok14" xlink:href="#xpointer(string-range(//body,'',38,4))"/>
		<!--ϫⲉ-->
		<mark id="sTok15" xlink:href="#xpointer(string-range(//body,'',43,2))"/>
		<!--ⲁⲣⲭⲏ-->
		<mark id="sTok16" xlink:href="#xpointer(string-range(//body,'',46,4))"/>
		<!--·-->
		<mark id="sTok17" xlink:href="#xpointer(string-range(//body,'',51,1))"/>
		<!--ⲁⲩⲱ-->
		<mark id="sTok18" xlink:href="#xpointer(string-range(//body,'',53,3))"/>
		<!--ⲉⲝⲟⲩ-->
		<mark id="sTok19" xlink:href="#xpointer(string-range(//body,'',57,4))"/>
		<!--ⲥⲓⲁ-->
		<mark id="sTok20" xlink:href="#xpointer(string-range(//body,'',62,3))"/>
		<!--ⲡ-->
		<mark id="sTok21" xlink:href="#xpointer(string-range(//body,'',66,1))"/>
		<!--ⲟⲩⲁ-->
		<mark id="sTok22" xlink:href="#xpointer(string-range(//body,'',68,3))"/>
		<!--ⲡ-->
		<mark id="sTok23" xlink:href="#xpointer(string-range(//body,'',72,1))"/>
		<!--ⲟⲩⲁ-->
		<mark id="sTok24" xlink:href="#xpointer(string-range(//body,'',74,3))"/>
		<!--·-->
		<mark id="sTok25" xlink:href="#xpointer(string-range(//body,'',78,1))"/>
		<!--ⲕⲁ-->
		<mark id="sTok26" xlink:href="#xpointer(string-range(//body,'',80,2))"/>
		<!--ⲧⲁ-->
		<mark id="sTok27" xlink:href="#xpointer(string-range(//body,'',83,2))"/>
		<!--ⲧⲉϥ-->
		<mark id="sTok28" xlink:href="#xpointer(string-range(//body,'',86,3))"/>
		<!--ⲙⲓⲛⲉ-->
		<mark id="sTok29" xlink:href="#xpointer(string-range(//body,'',90,4))"/>
		<!--·-->
		<mark id="sTok30" xlink:href="#xpointer(string-range(//body,'',95,1))"/>
		<!--ⲁⲩⲱ-->
		<mark id="sTok31" xlink:href="#xpointer(string-range(//body,'',97,3))"/>
		<!--ⲧⲛ-->
		<mark id="sTok32" xlink:href="#xpointer(string-range(//body,'',101,2))"/>
		<!--ϣⲟⲩϣⲟⲩ-->
		<mark id="sTok33" xlink:href="#xpointer(string-range(//body,'',104,6))"/>
		<!--ⲙ̄-->
		<mark id="sTok34" xlink:href="#xpointer(string-range(//body,'',111,2))"/>
		<!--ⲙⲟ-->
		<mark id="sTok35" xlink:href="#xpointer(string-range(//body,'',114,2))"/>
		<!--ⲛ-->
		<mark id="sTok36" xlink:href="#xpointer(string-range(//body,'',117,1))"/>
		<!--ⲧⲏⲣ-->
		<mark id="sTok37" xlink:href="#xpointer(string-range(//body,'',119,3))"/>
		<!--ⲛ-->
		<mark id="sTok38" xlink:href="#xpointer(string-range(//body,'',123,1))"/>
		<!--ϩⲛ-->
		<mark id="sTok39" xlink:href="#xpointer(string-range(//body,'',125,2))"/>
		<!--ⲙ-->
		<mark id="sTok40" xlink:href="#xpointer(string-range(//body,'',128,1))"/>
		<!--ⲙⲛⲧ-->
		<mark id="sTok41" xlink:href="#xpointer(string-range(//body,'',130,3))"/>
		<!--ⲛⲟϭ-->
		<mark id="sTok42" xlink:href="#xpointer(string-range(//body,'',134,3))"/>
		<!--ⲙ̄-->
		<mark id="sTok43" xlink:href="#xpointer(string-range(//body,'',138,2))"/>
		<!--ⲡ̣-->
		<mark id="sTok44" xlink:href="#xpointer(string-range(//body,'',141,2))"/>
		<!--ⲛⲟⲩ-->
		<mark id="sTok45" xlink:href="#xpointer(string-range(//body,'',144,3))"/>
		<!--ⲧⲉ-->
		<mark id="sTok46" xlink:href="#xpointer(string-range(//body,'',148,2))"/>
		<!--·-->
		<mark id="sTok47" xlink:href="#xpointer(string-range(//body,'',151,1))"/>
		<!--ⲁⲩⲱ-->
		<mark id="sTok48" xlink:href="#xpointer(string-range(//body,'',153,3))"/>
		<!--ϩⲛ̣-->
		<mark id="sTok49" xlink:href="#xpointer(string-range(//body,'',157,3))"/>
		<!--ⲛ̣ⲉϥ-->
		<mark id="sTok50" xlink:href="#xpointer(string-range(//body,'',161,4))"/>
		<!--ⲧⲟⲡⲟⲥ-->
		<mark id="sTok51" xlink:href="#xpointer(string-range(//body,'',166,5))"/>
		<!--ⲉⲧ-->
		<mark id="sTok52" xlink:href="#xpointer(string-range(//body,'',172,2))"/>
		<!--[ⲟⲩⲁ]-->
		<mark id="sTok53" xlink:href="#xpointer(string-range(//body,'',175,5))"/>
		<!--ⲁⲃ-->
		<mark id="sTok54" xlink:href="#xpointer(string-range(//body,'',181,2))"/>
		<!--ⲛ-->
		<mark id="sTok55" xlink:href="#xpointer(string-range(//body,'',184,1))"/>
		<!--ⲧⲛ-->
		<mark id="sTok56" xlink:href="#xpointer(string-range(//body,'',186,2))"/>
		<!--ⲥⲟⲟ-->
		<mark id="sTok57" xlink:href="#xpointer(string-range(//body,'',189,3))"/>
		<!--[ⲩⲛ]-->
		<mark id="sTok58" xlink:href="#xpointer(string-range(//body,'',193,4))"/>
		<!--ⲇ̣ⲉ-->
		<mark id="sTok59" xlink:href="#xpointer(string-range(//body,'',198,3))"/>
		<!--ⲁⲛ-->
		<mark id="sTok60" xlink:href="#xpointer(string-range(//body,'',202,2))"/>
		<!--ϫⲉ-->
		<mark id="sTok61" xlink:href="#xpointer(string-range(//body,'',205,2))"/>
		<!--ⲟⲩ-->
		<mark id="sTok62" xlink:href="#xpointer(string-range(//body,'',208,2))"/>
		<!--ⲡ-->
		<mark id="sTok63" xlink:href="#xpointer(string-range(//body,'',211,1))"/>
		<!--ⲉⲧ̣-->
		<mark id="sTok64" xlink:href="#xpointer(string-range(//body,'',213,3))"/>
		<!--ⲛ̣ⲁ-->
		<mark id="sTok65" xlink:href="#xpointer(string-range(//body,'',217,3))"/>
		<!--ⲧⲱ-->
		<mark id="sTok66" xlink:href="#xpointer(string-range(//body,'',221,2))"/>
		<!--ⲙⲛⲧ-->
		<mark id="sTok67" xlink:href="#xpointer(string-range(//body,'',224,3))"/>
		<!--ⲉⲣⲟ-->
		<mark id="sTok68" xlink:href="#xpointer(string-range(//body,'',228,3))"/>
		<!--ⲛ-->
		<mark id="sTok69" xlink:href="#xpointer(string-range(//body,'',232,1))"/>
		<!--·-->
		<mark id="sTok70" xlink:href="#xpointer(string-range(//body,'',234,1))"/>
		<!--ⲙ-->
		<mark id="sTok71" xlink:href="#xpointer(string-range(//body,'',236,1))"/>
		<!--ⲡ-->
		<mark id="sTok72" xlink:href="#xpointer(string-range(//body,'',238,1))"/>
		<!--ⲛⲁⲩ-->
		<mark id="sTok73" xlink:href="#xpointer(string-range(//body,'',240,3))"/>
		<!--ⲉ̣-->
		<mark id="sTok74" xlink:href="#xpointer(string-range(//body,'',244,2))"/>
		<!--ⲧ̣ⲛ-->
		<mark id="sTok75" xlink:href="#xpointer(string-range(//body,'',247,3))"/>
		<!--ⲛⲁ-->
		<mark id="sTok76" xlink:href="#xpointer(string-range(//body,'',251,2))"/>
		<!--ϯ-->
		<mark id="sTok77" xlink:href="#xpointer(string-range(//body,'',254,1))"/>
		<!--ⲗⲟⲅⲟ̣ⲥ̣-->
		<mark id="sTok78" xlink:href="#xpointer(string-range(//body,'',256,7))"/>
		<!--[ⲙ]-->
		<mark id="sTok79" xlink:href="#xpointer(string-range(//body,'',264,3))"/>
		<!--ⲡ-->
		<mark id="sTok80" xlink:href="#xpointer(string-range(//body,'',268,1))"/>
		<!--ⲛⲟⲩⲧⲉ-->
		<mark id="sTok81" xlink:href="#xpointer(string-range(//body,'',270,5))"/>
		<!--ϩⲁ-->
		<mark id="sTok82" xlink:href="#xpointer(string-range(//body,'',276,2))"/>
		<!--ⲛ-->
		<mark id="sTok83" xlink:href="#xpointer(string-range(//body,'',279,1))"/>
		<!--[ⲉ]-->
		<mark id="sTok84" xlink:href="#xpointer(string-range(//body,'',281,3))"/>
		<!--ⲛ̣-->
		<mark id="sTok85" xlink:href="#xpointer(string-range(//body,'',285,2))"/>
		<!--ϩ̣ⲃⲏⲩⲉ-->
		<mark id="sTok86" xlink:href="#xpointer(string-range(//body,'',288,6))"/>
		<!--ⲧⲏ-->
		<mark id="sTok87" xlink:href="#xpointer(string-range(//body,'',295,2))"/>
		<!--ⲣ-->
		<mark id="sTok88" xlink:href="#xpointer(string-range(//body,'',298,1))"/>
		<!--ⲟⲩ-->
		<mark id="sTok89" xlink:href="#xpointer(string-range(//body,'',300,2))"/>
		<!--[·]-->
		<mark id="sTok90" xlink:href="#xpointer(string-range(//body,'',303,3))"/>
		<!--ϩⲁⲙⲟⲓ-->
		<mark id="sTok91" xlink:href="#xpointer(string-range(//body,'',307,5))"/>
		<!--ⲛ̄ⲧⲉ-->
		<mark id="sTok92" xlink:href="#xpointer(string-range(//body,'',313,4))"/>
		<!--ⲧⲙ-->
		<mark id="sTok93" xlink:href="#xpointer(string-range(//body,'',318,2))"/>
		<!--ⲡⲉⲛ-->
		<mark id="sTok94" xlink:href="#xpointer(string-range(//body,'',321,3))"/>
		<!--ϩⲟⲩⲟ-->
		<mark id="sTok95" xlink:href="#xpointer(string-range(//body,'',325,4))"/>
		<!--·-->
		<mark id="sTok96" xlink:href="#xpointer(string-range(//body,'',330,1))"/>
		<!--ϫⲓ-->
		<mark id="sTok97" xlink:href="#xpointer(string-range(//body,'',332,2))"/>
		<!--ϣⲓⲡⲉ-->
		<mark id="sTok98" xlink:href="#xpointer(string-range(//body,'',335,4))"/>
		<!--·-->
		<mark id="sTok99" xlink:href="#xpointer(string-range(//body,'',340,1))"/>
		<!--ⲁⲩⲱ-->
		<mark id="sTok100" xlink:href="#xpointer(string-range(//body,'',342,3))"/>
		<!--ⲛ-->
		<mark id="sTok101" xlink:href="#xpointer(string-range(//body,'',346,1))"/>
		<!--ⲧⲛ-->
		<mark id="sTok102" xlink:href="#xpointer(string-range(//body,'',348,2))"/>
		<!--ⲗⲩⲡⲉⲓ-->
		<mark id="sTok103" xlink:href="#xpointer(string-range(//body,'',351,5))"/>
		<!--ϩⲙ-->
		<mark id="sTok104" xlink:href="#xpointer(string-range(//body,'',357,2))"/>
		<!--ⲡ-->
		<mark id="sTok105" xlink:href="#xpointer(string-range(//body,'',360,1))"/>
		<!--ⲉϩⲟⲟⲩ-->
		<mark id="sTok106" xlink:href="#xpointer(string-range(//body,'',362,5))"/>
		<!--[ⲉ]-->
		<mark id="sTok107" xlink:href="#xpointer(string-range(//body,'',368,3))"/>
		<!--ⲧ-->
		<mark id="sTok108" xlink:href="#xpointer(string-range(//body,'',372,1))"/>
		<!--ⲙⲙⲁⲩ-->
		<mark id="sTok109" xlink:href="#xpointer(string-range(//body,'',374,4))"/>
		<!--·-->
		<mark id="sTok110" xlink:href="#xpointer(string-range(//body,'',379,1))"/>
		<!--ϫⲉ-->
		<mark id="sTok111" xlink:href="#xpointer(string-range(//body,'',381,2))"/>
		<!--ⲛⲛ-->
		<mark id="sTok112" xlink:href="#xpointer(string-range(//body,'',384,2))"/>
		<!--ⲁ-->
		<mark id="sTok113" xlink:href="#xpointer(string-range(//body,'',387,1))"/>
		<!--ϫⲟⲟ-->
		<mark id="sTok114" xlink:href="#xpointer(string-range(//body,'',389,3))"/>
		<!--ⲥ-->
		<mark id="sTok115" xlink:href="#xpointer(string-range(//body,'',393,1))"/>
		<!--ϫⲉ-->
		<mark id="sTok116" xlink:href="#xpointer(string-range(//body,'',395,2))"/>
		<!--ⲛ̄-->
		<mark id="sTok117" xlink:href="#xpointer(string-range(//body,'',398,2))"/>
		<!--ⲧⲛ-->
		<mark id="sTok118" xlink:href="#xpointer(string-range(//body,'',401,2))"/>
		<!--ⲛⲉϩ-->
		<mark id="sTok119" xlink:href="#xpointer(string-range(//body,'',404,3))"/>
		<!--ⲡ̣ⲉ-->
		<mark id="sTok120" xlink:href="#xpointer(string-range(//body,'',408,3))"/>
		<!--·-->
		<mark id="sTok121" xlink:href="#xpointer(string-range(//body,'',412,1))"/>
		<!--ⲁⲩⲱ-->
		<mark id="sTok122" xlink:href="#xpointer(string-range(//body,'',414,3))"/>
		<!--[ⲛ]-->
		<mark id="sTok123" xlink:href="#xpointer(string-range(//body,'',418,3))"/>
		<!--ⲧⲛ-->
		<mark id="sTok124" xlink:href="#xpointer(string-range(//body,'',422,2))"/>
		<!--ⲣⲓ-->
		<mark id="sTok125" xlink:href="#xpointer(string-range(//body,'',425,2))"/>
		<!--[ⲙ]-->
		<mark id="sTok126" xlink:href="#xpointer(string-range(//body,'',428,3))"/>
		<!--ⲉ-->
		<mark id="sTok127" xlink:href="#xpointer(string-range(//body,'',432,1))"/>
		<!--ⲙ-->
		<mark id="sTok128" xlink:href="#xpointer(string-range(//body,'',434,1))"/>
		<!--ⲡ-->
		<mark id="sTok129" xlink:href="#xpointer(string-range(//body,'',436,1))"/>
		<!--ⲙ-->
		<mark id="sTok130" xlink:href="#xpointer(string-range(//body,'',438,1))"/>
		<!--[ⲁ-->
		<mark id="sTok131" xlink:href="#xpointer(string-range(//body,'',440,2))"/>
		<!--ⲉ]-->
		<mark id="sTok132" xlink:href="#xpointer(string-range(//body,'',443,2))"/>
		<!--ⲛ̣ⲉⲣⲉ-->
		<mark id="sTok133" xlink:href="#xpointer(string-range(//body,'',446,5))"/>
		<!--[…]-->
		<mark id="sTok134" xlink:href="#xpointer(string-range(//body,'',452,3))"/>
		<!--ⲛ-->
		<mark id="sTok135" xlink:href="#xpointer(string-range(//body,'',456,1))"/>
		<!--ⲙⲛⲧ-->
		<mark id="sTok136" xlink:href="#xpointer(string-range(//body,'',458,3))"/>
		<!--̣[ϣⲃ]ⲏ̣ⲣ-->
		<mark id="sTok137" xlink:href="#xpointer(string-range(//body,'',462,8))"/>
		<!--[…]-->
		<mark id="sTok138" xlink:href="#xpointer(string-range(//body,'',471,3))"/>
		<!--ⲧ̄ⲛ-->
		<mark id="sTok139" xlink:href="#xpointer(string-range(//body,'',475,3))"/>
		<!--[…]-->
		<mark id="sTok140" xlink:href="#xpointer(string-range(//body,'',479,3))"/>
		<!--ⲡⲉ-->
		<mark id="sTok141" xlink:href="#xpointer(string-range(//body,'',483,2))"/>
		<!--[…̣]-->
		<mark id="sTok142" xlink:href="#xpointer(string-range(//body,'',486,4))"/>
		<!--ⲧ̄ⲧ̄-->
		<mark id="sTok143" xlink:href="#xpointer(string-range(//body,'',491,4))"/>
		<!--ⲉ̣-->
		<mark id="sTok144" xlink:href="#xpointer(string-range(//body,'',496,2))"/>
		<!--ⲡ-->
		<mark id="sTok145" xlink:href="#xpointer(string-range(//body,'',499,1))"/>
		<!--ϫ[ⲓⲛ]ϫ̣ⲏ-->
		<mark id="sTok146" xlink:href="#xpointer(string-range(//body,'',501,8))"/>
		<!--·-->
		<mark id="sTok147" xlink:href="#xpointer(string-range(//body,'',510,1))"/>
		<!--[ⲟ-->
		<mark id="sTok148" xlink:href="#xpointer(string-range(//body,'',512,2))"/>
		<!--ⲩ]-->
		<mark id="sTok149" xlink:href="#xpointer(string-range(//body,'',515,2))"/>
		<!--ⲛ-->
		<mark id="sTok150" xlink:href="#xpointer(string-range(//body,'',518,1))"/>
		<!--ⲣⲱⲙⲉ-->
		<mark id="sTok151" xlink:href="#xpointer(string-range(//body,'',520,4))"/>
		<!--ⲉ-->
		<mark id="sTok152" xlink:href="#xpointer(string-range(//body,'',525,1))"/>
		<!--ϥ-->
		<mark id="sTok153" xlink:href="#xpointer(string-range(//body,'',527,1))"/>
		<!--ⲣ̣ⲁ̣-->
		<mark id="sTok154" xlink:href="#xpointer(string-range(//body,'',529,4))"/>
		<!--[ϣ]-->
		<mark id="sTok155" xlink:href="#xpointer(string-range(//body,'',534,3))"/>
		<!--ⲉ-->
		<mark id="sTok156" xlink:href="#xpointer(string-range(//body,'',538,1))"/>
		<!--·-->
		<mark id="sTok157" xlink:href="#xpointer(string-range(//body,'',540,1))"/>
		<!--ⲙ̄-->
		<mark id="sTok158" xlink:href="#xpointer(string-range(//body,'',542,2))"/>
		<!--ⲡ-->
		<mark id="sTok159" xlink:href="#xpointer(string-range(//body,'',545,1))"/>
		<!--ⲥⲟⲡ-->
		<mark id="sTok160" xlink:href="#xpointer(string-range(//body,'',547,3))"/>
		<!--ⲉ̣ⲧ̣-->
		<mark id="sTok161" xlink:href="#xpointer(string-range(//body,'',551,4))"/>
		<!--[ⲉ]-->
		<mark id="sTok162" xlink:href="#xpointer(string-range(//body,'',556,3))"/>
		<!--ϥ-->
		<mark id="sTok163" xlink:href="#xpointer(string-range(//body,'',560,1))"/>
		<!--ⲛⲁ-->
		<mark id="sTok164" xlink:href="#xpointer(string-range(//body,'',562,2))"/>
		<!--ϫⲓ-->
		<mark id="sTok165" xlink:href="#xpointer(string-range(//body,'',565,2))"/>
		<!--ⲛ̄-->
		<mark id="sTok166" xlink:href="#xpointer(string-range(//body,'',568,2))"/>
		<!--ϩⲉⲛ-->
		<mark id="sTok167" xlink:href="#xpointer(string-range(//body,'',571,3))"/>
		<!--ϩⲛⲁⲁⲩ-->
		<mark id="sTok168" xlink:href="#xpointer(string-range(//body,'',575,5))"/>
		<!--ⲛ-->
		<mark id="sTok169" xlink:href="#xpointer(string-range(//body,'',581,1))"/>
		<!--ⲁⲛⲁⲅⲕⲁⲓ̈ⲟⲛ-->
		<mark id="sTok170" xlink:href="#xpointer(string-range(//body,'',583,10))"/>
		<!--·-->
		<mark id="sTok171" xlink:href="#xpointer(string-range(//body,'',594,1))"/>
		<!--ⲉ-->
		<mark id="sTok172" xlink:href="#xpointer(string-range(//body,'',596,1))"/>
		<!--ⲁ-->
		<mark id="sTok173" xlink:href="#xpointer(string-range(//body,'',598,1))"/>
		<!--ⲩ-->
		<mark id="sTok174" xlink:href="#xpointer(string-range(//body,'',600,1))"/>
		<!--ϭⲁⲗⲱ-->
		<mark id="sTok175" xlink:href="#xpointer(string-range(//body,'',602,4))"/>
		<!--ⲟⲩ-->
		<mark id="sTok176" xlink:href="#xpointer(string-range(//body,'',607,2))"/>
		<!--ⲉⲣⲟ-->
		<mark id="sTok177" xlink:href="#xpointer(string-range(//body,'',610,3))"/>
		<!--ϥ-->
		<mark id="sTok178" xlink:href="#xpointer(string-range(//body,'',614,1))"/>
		<!--·-->
		<mark id="sTok179" xlink:href="#xpointer(string-range(//body,'',616,1))"/>
		<!--ⲉ-->
		<mark id="sTok180" xlink:href="#xpointer(string-range(//body,'',618,1))"/>
		<!--ϣⲁ-->
		<mark id="sTok181" xlink:href="#xpointer(string-range(//body,'',620,2))"/>
		<!--ϥ-->
		<mark id="sTok182" xlink:href="#xpointer(string-range(//body,'',623,1))"/>
		<!--ⲧⲁⲁ-->
		<mark id="sTok183" xlink:href="#xpointer(string-range(//body,'',625,3))"/>
		<!--ⲩ-->
		<mark id="sTok184" xlink:href="#xpointer(string-range(//body,'',629,1))"/>
		<!--·-->
		<mark id="sTok185" xlink:href="#xpointer(string-range(//body,'',631,1))"/>
		<!--ⲟⲛ-->
		<mark id="sTok186" xlink:href="#xpointer(string-range(//body,'',633,2))"/>
		<!--ϩⲛ-->
		<mark id="sTok187" xlink:href="#xpointer(string-range(//body,'',636,2))"/>
		<!--ⲟⲩ-->
		<mark id="sTok188" xlink:href="#xpointer(string-range(//body,'',639,2))"/>
		<!--ⲧⲱⲧ-->
		<mark id="sTok189" xlink:href="#xpointer(string-range(//body,'',642,3))"/>
		<!--·-->
		<mark id="sTok190" xlink:href="#xpointer(string-range(//body,'',646,1))"/>
		<!--ⲛ-->
		<mark id="sTok191" xlink:href="#xpointer(string-range(//body,'',648,1))"/>
		<!--ϩⲏⲧ-->
		<mark id="sTok192" xlink:href="#xpointer(string-range(//body,'',650,3))"/>
		<!--ⲉⲧⲟⲟⲧ-->
		<mark id="sTok193" xlink:href="#xpointer(string-range(//body,'',654,5))"/>
		<!--ϥ-->
		<mark id="sTok194" xlink:href="#xpointer(string-range(//body,'',660,1))"/>
		<!--ⲙ̄-->
		<mark id="sTok195" xlink:href="#xpointer(string-range(//body,'',662,2))"/>
		<!--ⲡ-->
		<mark id="sTok196" xlink:href="#xpointer(string-range(//body,'',665,1))"/>
		<!--ⲉⲛⲧ-->
		<mark id="sTok197" xlink:href="#xpointer(string-range(//body,'',667,3))"/>
		<!--ⲁ-->
		<mark id="sTok198" xlink:href="#xpointer(string-range(//body,'',671,1))"/>
		<!--ϥ-->
		<mark id="sTok199" xlink:href="#xpointer(string-range(//body,'',673,1))"/>
		<!--ϭⲁⲗⲱ-->
		<mark id="sTok200" xlink:href="#xpointer(string-range(//body,'',675,4))"/>
		<!--ⲟⲩ-->
		<mark id="sTok201" xlink:href="#xpointer(string-range(//body,'',680,2))"/>
		<!--ⲉⲣⲟ-->
		<mark id="sTok202" xlink:href="#xpointer(string-range(//body,'',683,3))"/>
		<!--ϥ-->
		<mark id="sTok203" xlink:href="#xpointer(string-range(//body,'',687,1))"/>
		<!--·-->
		<mark id="sTok204" xlink:href="#xpointer(string-range(//body,'',689,1))"/>
		<!--ⲙ̄-->
		<mark id="sTok205" xlink:href="#xpointer(string-range(//body,'',691,2))"/>
		<!--ⲡ-->
		<mark id="sTok206" xlink:href="#xpointer(string-range(//body,'',694,1))"/>
		<!--ⲛⲁⲩ-->
		<mark id="sTok207" xlink:href="#xpointer(string-range(//body,'',696,3))"/>
		<!--·-->
		<mark id="sTok208" xlink:href="#xpointer(string-range(//body,'',700,1))"/>
		<!--ⲉⲧⲉ-->
		<mark id="sTok209" xlink:href="#xpointer(string-range(//body,'',702,3))"/>
		<!--ϥ-->
		<mark id="sTok210" xlink:href="#xpointer(string-range(//body,'',706,1))"/>
		<!--ⲛⲁ-->
		<mark id="sTok211" xlink:href="#xpointer(string-range(//body,'',708,2))"/>
		<!--ϫⲛⲟⲩ-->
		<mark id="sTok212" xlink:href="#xpointer(string-range(//body,'',711,4))"/>
		<!--ϥ-->
		<mark id="sTok213" xlink:href="#xpointer(string-range(//body,'',716,1))"/>
		<!--·-->
		<mark id="sTok214" xlink:href="#xpointer(string-range(//body,'',718,1))"/>
		<!--ⲁ-->
		<mark id="sTok215" xlink:href="#xpointer(string-range(//body,'',720,1))"/>
		<!--ⲩⲱ̄-->
		<mark id="sTok216" xlink:href="#xpointer(string-range(//body,'',722,3))"/>
		<!--ⲟⲩⲛ-->
		<mark id="sTok217" xlink:href="#xpointer(string-range(//body,'',726,3))"/>
		<!--ⲣⲱⲙⲉ-->
		<mark id="sTok218" xlink:href="#xpointer(string-range(//body,'',730,4))"/>
		<!--ⲉ-->
		<mark id="sTok219" xlink:href="#xpointer(string-range(//body,'',735,1))"/>
		<!--ϥ-->
		<mark id="sTok220" xlink:href="#xpointer(string-range(//body,'',737,1))"/>
		<!--ⲣⲁϣⲉ-->
		<mark id="sTok221" xlink:href="#xpointer(string-range(//body,'',739,4))"/>
		<!--·-->
		<mark id="sTok222" xlink:href="#xpointer(string-range(//body,'',744,1))"/>
		<!--ⲙ-->
		<mark id="sTok223" xlink:href="#xpointer(string-range(//body,'',746,1))"/>
		<!--ⲡ-->
		<mark id="sTok224" xlink:href="#xpointer(string-range(//body,'',748,1))"/>
		<!--ⲥⲟⲡ-->
		<mark id="sTok225" xlink:href="#xpointer(string-range(//body,'',750,3))"/>
		<!--·-->
		<mark id="sTok226" xlink:href="#xpointer(string-range(//body,'',754,1))"/>
		<!--ⲉ-->
		<mark id="sTok227" xlink:href="#xpointer(string-range(//body,'',756,1))"/>
		<!--ⲧⲉ-->
		<mark id="sTok228" xlink:href="#xpointer(string-range(//body,'',758,2))"/>
		<!--ϥ-->
		<mark id="sTok229" xlink:href="#xpointer(string-range(//body,'',761,1))"/>
		<!--ⲥⲟⲟⲩⲧⲛ-->
		<mark id="sTok230" xlink:href="#xpointer(string-range(//body,'',763,6))"/>
		<!--ⲉⲃⲟⲗ-->
		<mark id="sTok231" xlink:href="#xpointer(string-range(//body,'',770,4))"/>
		<!--ⲉ-->
		<mark id="sTok232" xlink:href="#xpointer(string-range(//body,'',775,1))"/>
		<!--ϫⲓ-->
		<mark id="sTok233" xlink:href="#xpointer(string-range(//body,'',777,2))"/>
		<!--·-->
		<mark id="sTok234" xlink:href="#xpointer(string-range(//body,'',780,1))"/>
		<!--ⲛ-->
		<mark id="sTok235" xlink:href="#xpointer(string-range(//body,'',782,1))"/>
		<!--ⲛ-->
		<mark id="sTok236" xlink:href="#xpointer(string-range(//body,'',784,1))"/>
		<!--ⲉⲛⲧ-->
		<mark id="sTok237" xlink:href="#xpointer(string-range(//body,'',786,3))"/>
		<!--ⲁ-->
		<mark id="sTok238" xlink:href="#xpointer(string-range(//body,'',790,1))"/>
		<!--ⲩ-->
		<mark id="sTok239" xlink:href="#xpointer(string-range(//body,'',792,1))"/>
		<!--ϭⲁ-->
		<mark id="sTok240" xlink:href="#xpointer(string-range(//body,'',794,2))"/>
		<!--ⲗⲱ-->
		<mark id="sTok241" xlink:href="#xpointer(string-range(//body,'',797,2))"/>
		<!--ⲟⲩ-->
		<mark id="sTok242" xlink:href="#xpointer(string-range(//body,'',800,2))"/>
		<!--ⲉⲣⲟ-->
		<mark id="sTok243" xlink:href="#xpointer(string-range(//body,'',803,3))"/>
		<!--ϥ-->
		<mark id="sTok244" xlink:href="#xpointer(string-range(//body,'',807,1))"/>
		<!--·-->
		<mark id="sTok245" xlink:href="#xpointer(string-range(//body,'',809,1))"/>
		<!--[…]-->
		<mark id="sTok246" xlink:href="#xpointer(string-range(//body,'',811,3))"/>
		<!--ⲛⲟⲛ-->
		<mark id="sTok247" xlink:href="#xpointer(string-range(//body,'',815,3))"/>
		<!--·-->
		<mark id="sTok248" xlink:href="#xpointer(string-range(//body,'',819,1))"/>
		<!--ϫⲉ-->
		<mark id="sTok249" xlink:href="#xpointer(string-range(//body,'',821,2))"/>
		<!--ϣⲁ-->
		<mark id="sTok250" xlink:href="#xpointer(string-range(//body,'',824,2))"/>
		<!--ϥ-->
		<mark id="sTok251" xlink:href="#xpointer(string-range(//body,'',827,1))"/>
		<!--ⲱ-->
		<mark id="sTok252" xlink:href="#xpointer(string-range(//body,'',829,1))"/>
		<!--ⲕⲙ-->
		<mark id="sTok253" xlink:href="#xpointer(string-range(//body,'',831,2))"/>
		<!--·-->
		<mark id="sTok254" xlink:href="#xpointer(string-range(//body,'',834,1))"/>
		<!--ⲁⲩⲱ-->
		<mark id="sTok255" xlink:href="#xpointer(string-range(//body,'',836,3))"/>
		<!--ⲛ-->
		<mark id="sTok256" xlink:href="#xpointer(string-range(//body,'',840,1))"/>
		<!--ϥ-->
		<mark id="sTok257" xlink:href="#xpointer(string-range(//body,'',842,1))"/>
		<!--ⲣ-->
		<mark id="sTok258" xlink:href="#xpointer(string-range(//body,'',844,1))"/>
		<!--ϩⲏ-->
		<mark id="sTok259" xlink:href="#xpointer(string-range(//body,'',846,2))"/>
		<!--ⲃⲉ-->
		<mark id="sTok260" xlink:href="#xpointer(string-range(//body,'',849,2))"/>
		<!--·-->
		<mark id="sTok261" xlink:href="#xpointer(string-range(//body,'',852,1))"/>
		<!--ⲛ-->
		<mark id="sTok262" xlink:href="#xpointer(string-range(//body,'',854,1))"/>
		<!--ϥ-->
		<mark id="sTok263" xlink:href="#xpointer(string-range(//body,'',856,1))"/>
		<!--ⲣ-->
		<mark id="sTok264" xlink:href="#xpointer(string-range(//body,'',858,1))"/>
		<!--ϩⲟⲧⲉ-->
		<mark id="sTok265" xlink:href="#xpointer(string-range(//body,'',860,4))"/>
		<!--ⲇⲉ-->
		<mark id="sTok266" xlink:href="#xpointer(string-range(//body,'',865,2))"/>
		<!--ⲟⲛ-->
		<mark id="sTok267" xlink:href="#xpointer(string-range(//body,'',868,2))"/>
		<!--ϫⲉ-->
		<mark id="sTok268" xlink:href="#xpointer(string-range(//body,'',871,2))"/>
		<!--ⲙⲡⲉ-->
		<mark id="sTok269" xlink:href="#xpointer(string-range(//body,'',874,3))"/>
		<!--ϥ-->
		<mark id="sTok270" xlink:href="#xpointer(string-range(//body,'',878,1))"/>
		<!--ϩⲁⲣⲉϩ-->
		<mark id="sTok271" xlink:href="#xpointer(string-range(//body,'',880,5))"/>
		<!--ⲉ-->
		<mark id="sTok272" xlink:href="#xpointer(string-range(//body,'',886,1))"/>
		<!--ⲛ-->
		<mark id="sTok273" xlink:href="#xpointer(string-range(//body,'',888,1))"/>
		<!--ⲉⲛⲧ-->
		<mark id="sTok274" xlink:href="#xpointer(string-range(//body,'',890,3))"/>
		<!--ⲁ-->
		<mark id="sTok275" xlink:href="#xpointer(string-range(//body,'',894,1))"/>
		<!--ⲩ-->
		<mark id="sTok276" xlink:href="#xpointer(string-range(//body,'',896,1))"/>
		<!--ⲧⲁⲁ-->
		<mark id="sTok277" xlink:href="#xpointer(string-range(//body,'',898,3))"/>
		<!--ⲩ-->
		<mark id="sTok278" xlink:href="#xpointer(string-range(//body,'',902,1))"/>
		<!--·-->
		<mark id="sTok279" xlink:href="#xpointer(string-range(//body,'',904,1))"/>
		<!--ⲉ-->
		<mark id="sTok280" xlink:href="#xpointer(string-range(//body,'',906,1))"/>
		<!--ⲧⲟⲟⲧ︤-->
		<mark id="sTok281" xlink:href="#xpointer(string-range(//body,'',908,5))"/>
		<!--ϥ-->
		<mark id="sTok282" xlink:href="#xpointer(string-range(//body,'',914,1))"/>
		<!--·-->
		<mark id="sTok283" xlink:href="#xpointer(string-range(//body,'',916,1))"/>
		<!--ⲁⲗⲗⲁ-->
		<mark id="sTok284" xlink:href="#xpointer(string-range(//body,'',918,4))"/>
		<!--ϣⲁ-->
		<mark id="sTok285" xlink:href="#xpointer(string-range(//body,'',923,2))"/>
		<!--ⲩ-->
		<mark id="sTok286" xlink:href="#xpointer(string-range(//body,'',926,1))"/>
		<!--ⲥⲱⲕ-->
		<mark id="sTok287" xlink:href="#xpointer(string-range(//body,'',928,3))"/>
		<!--ⲙⲙⲟ-->
		<mark id="sTok288" xlink:href="#xpointer(string-range(//body,'',932,3))"/>
		<!--ϥ-->
		<mark id="sTok289" xlink:href="#xpointer(string-range(//body,'',936,1))"/>
		<!--ⲉ-->
		<mark id="sTok290" xlink:href="#xpointer(string-range(//body,'',938,1))"/>
		<!--ⲙ-->
		<mark id="sTok291" xlink:href="#xpointer(string-range(//body,'',940,1))"/>
		<!--ⲙⲁ-->
		<mark id="sTok292" xlink:href="#xpointer(string-range(//body,'',942,2))"/>
		<!--·-->
		<mark id="sTok293" xlink:href="#xpointer(string-range(//body,'',945,1))"/>
		<!--ⲛ̄-->
		<mark id="sTok294" xlink:href="#xpointer(string-range(//body,'',947,2))"/>
		<!--ϯ-->
		<mark id="sTok295" xlink:href="#xpointer(string-range(//body,'',950,1))"/>
		<!--ϩⲁⲡ-->
		<mark id="sTok296" xlink:href="#xpointer(string-range(//body,'',952,3))"/>
		<!--ⲉ-->
		<mark id="sTok297" xlink:href="#xpointer(string-range(//body,'',956,1))"/>
		<!--ϥ-->
		<mark id="sTok298" xlink:href="#xpointer(string-range(//body,'',958,1))"/>
		<!--ϭⲟⲟⲗⲉ-->
		<mark id="sTok299" xlink:href="#xpointer(string-range(//body,'',960,5))"/>
		<!--ⲙ̄-->
		<mark id="sTok300" xlink:href="#xpointer(string-range(//body,'',966,2))"/>
		<!--ⲡ-->
		<mark id="sTok301" xlink:href="#xpointer(string-range(//body,'',969,1))"/>
		<!--ϣⲓ-->
		<mark id="sTok302" xlink:href="#xpointer(string-range(//body,'',971,2))"/>
		<!--ⲡⲉ-->
		<mark id="sTok303" xlink:href="#xpointer(string-range(//body,'',974,2))"/>
		<!--·-->
		<mark id="sTok304" xlink:href="#xpointer(string-range(//body,'',977,1))"/>
		<!--ⲁⲩⲱ-->
		<mark id="sTok305" xlink:href="#xpointer(string-range(//body,'',979,3))"/>
		<!--ⲉ-->
		<mark id="sTok306" xlink:href="#xpointer(string-range(//body,'',983,1))"/>
		<!--ϥ-->
		<mark id="sTok307" xlink:href="#xpointer(string-range(//body,'',985,1))"/>
		<!--ϩⲁ-->
		<mark id="sTok308" xlink:href="#xpointer(string-range(//body,'',987,2))"/>
		<!--ϩⲟ-->
		<mark id="sTok309" xlink:href="#xpointer(string-range(//body,'',990,2))"/>
		<!--ⲧⲉ-->
		<mark id="sTok310" xlink:href="#xpointer(string-range(//body,'',993,2))"/>
		<!--·-->
		<mark id="sTok311" xlink:href="#xpointer(string-range(//body,'',996,1))"/>
		<!--ⲉ-->
		<mark id="sTok312" xlink:href="#xpointer(string-range(//body,'',998,1))"/>
		<!--ϥ-->
		<mark id="sTok313" xlink:href="#xpointer(string-range(//body,'',1000,1))"/>
		<!--ⲙⲉϩ-->
		<mark id="sTok314" xlink:href="#xpointer(string-range(//body,'',1002,3))"/>
		<!--ⲇⲉ-->
		<mark id="sTok315" xlink:href="#xpointer(string-range(//body,'',1006,2))"/>
		<!--ⲟⲛ-->
		<mark id="sTok316" xlink:href="#xpointer(string-range(//body,'',1009,2))"/>
		<!--ⲛ-->
		<mark id="sTok317" xlink:href="#xpointer(string-range(//body,'',1012,1))"/>
		<!--ϣⲧⲟⲣⲧⲣ-->
		<mark id="sTok318" xlink:href="#xpointer(string-range(//body,'',1014,6))"/>
		<!--ⲉ-->
		<mark id="sTok319" xlink:href="#xpointer(string-range(//body,'',1021,1))"/>
		<!--ⲛ-->
		<mark id="sTok320" xlink:href="#xpointer(string-range(//body,'',1023,1))"/>
		<!--ϥ-->
		<mark id="sTok321" xlink:href="#xpointer(string-range(//body,'',1025,1))"/>
		<!--ⲙⲉⲉⲩⲉ-->
		<mark id="sTok322" xlink:href="#xpointer(string-range(//body,'',1027,5))"/>
		<!--ⲁⲛ-->
		<mark id="sTok323" xlink:href="#xpointer(string-range(//body,'',1033,2))"/>
		<!--·-->
		<mark id="sTok324" xlink:href="#xpointer(string-range(//body,'',1036,1))"/>
		<!--ⲉ-->
		<mark id="sTok325" xlink:href="#xpointer(string-range(//body,'',1038,1))"/>
		<!--ⲣ-->
		<mark id="sTok326" xlink:href="#xpointer(string-range(//body,'',1040,1))"/>
		<!--ⲃⲟⲗ-->
		<mark id="sTok327" xlink:href="#xpointer(string-range(//body,'',1042,3))"/>
		<!--ⲛ-->
		<mark id="sTok328" xlink:href="#xpointer(string-range(//body,'',1046,1))"/>
		<!--ⲟⲉⲓ-->
		<mark id="sTok329" xlink:href="#xpointer(string-range(//body,'',1048,3))"/>
		<!--·-->
		<mark id="sTok330" xlink:href="#xpointer(string-range(//body,'',1052,1))"/>
		<!--ⲛⲧⲟϥ-->
		<mark id="sTok331" xlink:href="#xpointer(string-range(//body,'',1054,4))"/>
		<!--ⲛ-->
		<mark id="sTok332" xlink:href="#xpointer(string-range(//body,'',1059,1))"/>
		<!--ⲛⲁⲓ-->
		<mark id="sTok333" xlink:href="#xpointer(string-range(//body,'',1061,3))"/>
		<!--·-->
		<mark id="sTok334" xlink:href="#xpointer(string-range(//body,'',1065,1))"/>
		<!--ⲛ-->
		<mark id="sTok335" xlink:href="#xpointer(string-range(//body,'',1067,1))"/>
		<!--ⲛ-->
		<mark id="sTok336" xlink:href="#xpointer(string-range(//body,'',1069,1))"/>
		<!--ⲉⲧⲉ-->
		<mark id="sTok337" xlink:href="#xpointer(string-range(//body,'',1071,3))"/>
		<!--ⲕ-->
		<mark id="sTok338" xlink:href="#xpointer(string-range(//body,'',1075,1))"/>
		<!--ⲥⲱⲧⲙ-->
		<mark id="sTok339" xlink:href="#xpointer(string-range(//body,'',1077,4))"/>
		<!--·-->
		<mark id="sTok340" xlink:href="#xpointer(string-range(//body,'',1082,1))"/>
		<!--ⲉ-->
		<mark id="sTok341" xlink:href="#xpointer(string-range(//body,'',1084,1))"/>
		<!--ⲣⲟ-->
		<mark id="sTok342" xlink:href="#xpointer(string-range(//body,'',1086,2))"/>
		<!--ⲟⲩ-->
		<mark id="sTok343" xlink:href="#xpointer(string-range(//body,'',1089,2))"/>
		<!--·-->
		<mark id="sTok344" xlink:href="#xpointer(string-range(//body,'',1092,1))"/>
		<!--ⲱ-->
		<mark id="sTok345" xlink:href="#xpointer(string-range(//body,'',1094,1))"/>
		<!--ⲡ-->
		<mark id="sTok346" xlink:href="#xpointer(string-range(//body,'',1096,1))"/>
		<!--ⲣⲱⲙⲉ-->
		<mark id="sTok347" xlink:href="#xpointer(string-range(//body,'',1098,4))"/>
		<!--ⲉⲧ-->
		<mark id="sTok348" xlink:href="#xpointer(string-range(//body,'',1103,2))"/>
		<!--ϭⲱϣⲧ-->
		<mark id="sTok349" xlink:href="#xpointer(string-range(//body,'',1106,4))"/>
		<!--ⲉⲃⲟⲗ-->
		<mark id="sTok350" xlink:href="#xpointer(string-range(//body,'',1111,4))"/>
		<!--ϩⲏⲧ︤-->
		<mark id="sTok351" xlink:href="#xpointer(string-range(//body,'',1116,4))"/>
		<!--ϥ︥-->
		<mark id="sTok352" xlink:href="#xpointer(string-range(//body,'',1121,2))"/>
		<!--ⲙ-->
		<mark id="sTok353" xlink:href="#xpointer(string-range(//body,'',1124,1))"/>
		<!--ⲡ-->
		<mark id="sTok354" xlink:href="#xpointer(string-range(//body,'',1126,1))"/>
		<!--ⲙⲁ-->
		<mark id="sTok355" xlink:href="#xpointer(string-range(//body,'',1128,2))"/>
		<!--·-->
		<mark id="sTok356" xlink:href="#xpointer(string-range(//body,'',1131,1))"/>
		<!--ⲛ̄-->
		<mark id="sTok357" xlink:href="#xpointer(string-range(//body,'',1133,2))"/>
		<!--ϯ-->
		<mark id="sTok358" xlink:href="#xpointer(string-range(//body,'',1136,1))"/>
		<!--ϩⲁⲡ-->
		<mark id="sTok359" xlink:href="#xpointer(string-range(//body,'',1138,3))"/>
		<!--·-->
		<mark id="sTok360" xlink:href="#xpointer(string-range(//body,'',1142,1))"/>
		<!--ⲉⲧ-->
		<mark id="sTok361" xlink:href="#xpointer(string-range(//body,'',1144,2))"/>
		<!--ϩ︤ⲛ︥-->
		<mark id="sTok362" xlink:href="#xpointer(string-range(//body,'',1147,4))"/>
		<!--ⲙ̄-->
		<mark id="sTok363" xlink:href="#xpointer(string-range(//body,'',1152,2))"/>
		<!--ⲡⲏⲩⲉ-->
		<mark id="sTok364" xlink:href="#xpointer(string-range(//body,'',1155,4))"/>
		<!--·-->
		<mark id="sTok365" xlink:href="#xpointer(string-range(//body,'',1160,1))"/>
		<!--ⲁⲩⲱ-->
		<mark id="sTok366" xlink:href="#xpointer(string-range(//body,'',1162,3))"/>
		<!--ⲁⲛⲟⲕ-->
		<mark id="sTok367" xlink:href="#xpointer(string-range(//body,'',1166,4))"/>
		<!--ϩⲱⲱ-->
		<mark id="sTok368" xlink:href="#xpointer(string-range(//body,'',1171,3))"/>
		<!--ⲧ-->
		<mark id="sTok369" xlink:href="#xpointer(string-range(//body,'',1175,1))"/>
		<!--·-->
		<mark id="sTok370" xlink:href="#xpointer(string-range(//body,'',1177,1))"/>
		<!--ⲛ-->
		<mark id="sTok371" xlink:href="#xpointer(string-range(//body,'',1179,1))"/>
		<!--ⲧⲁ-->
		<mark id="sTok372" xlink:href="#xpointer(string-range(//body,'',1181,2))"/>
		<!--ⲛⲟⲉⲓ-->
		<mark id="sTok373" xlink:href="#xpointer(string-range(//body,'',1184,4))"/>
		<!--ϫⲉ-->
		<mark id="sTok374" xlink:href="#xpointer(string-range(//body,'',1189,2))"/>
		<!--ⲉⲣⲉ-->
		<mark id="sTok375" xlink:href="#xpointer(string-range(//body,'',1192,3))"/>
		<!--ⲡⲁⲓ-->
		<mark id="sTok376" xlink:href="#xpointer(string-range(//body,'',1196,3))"/>
		<!--ⲉⲧ-->
		<mark id="sTok377" xlink:href="#xpointer(string-range(//body,'',1200,2))"/>
		<!--ϭⲱ-->
		<mark id="sTok378" xlink:href="#xpointer(string-range(//body,'',1203,2))"/>
		<!--ⲗⲡ-->
		<mark id="sTok379" xlink:href="#xpointer(string-range(//body,'',1206,2))"/>
		<!--ⲉⲃⲟⲗ-->
		<mark id="sTok380" xlink:href="#xpointer(string-range(//body,'',1209,4))"/>
		<!--ⲛ̄-->
		<mark id="sTok381" xlink:href="#xpointer(string-range(//body,'',1214,2))"/>
		<!--ⲛ-->
		<mark id="sTok382" xlink:href="#xpointer(string-range(//body,'',1217,1))"/>
		<!--ⲉⲧ︤-->
		<mark id="sTok383" xlink:href="#xpointer(string-range(//body,'',1219,3))"/>
		<!--ⲙ︥-->
		<mark id="sTok384" xlink:href="#xpointer(string-range(//body,'',1223,2))"/>
		<!--ⲡϣⲁ-->
		<mark id="sTok385" xlink:href="#xpointer(string-range(//body,'',1226,3))"/>
		<!--·-->
		<mark id="sTok386" xlink:href="#xpointer(string-range(//body,'',1230,1))"/>
		<!--ⲛ-->
		<mark id="sTok387" xlink:href="#xpointer(string-range(//body,'',1232,1))"/>
		<!--ϫⲟ-->
		<mark id="sTok388" xlink:href="#xpointer(string-range(//body,'',1234,2))"/>
		<!--ⲟⲩ-->
		<mark id="sTok389" xlink:href="#xpointer(string-range(//body,'',1237,2))"/>
		<!--·-->
		<mark id="sTok390" xlink:href="#xpointer(string-range(//body,'',1240,1))"/>
		<!--ϫⲱ-->
		<mark id="sTok391" xlink:href="#xpointer(string-range(//body,'',1242,2))"/>
		<!--ⲙⲙⲟ-->
		<mark id="sTok392" xlink:href="#xpointer(string-range(//body,'',1245,3))"/>
		<!--ⲥ-->
		<mark id="sTok393" xlink:href="#xpointer(string-range(//body,'',1249,1))"/>
		<!--ϫⲉ-->
		<mark id="sTok394" xlink:href="#xpointer(string-range(//body,'',1251,2))"/>
		<!--ⲟⲩ-->
		<mark id="sTok395" xlink:href="#xpointer(string-range(//body,'',1254,2))"/>
		<!--·-->
		<mark id="sTok396" xlink:href="#xpointer(string-range(//body,'',1257,1))"/>
		<!--ⲉϣϫⲉ-->
		<mark id="sTok397" xlink:href="#xpointer(string-range(//body,'',1259,4))"/>
		<!--ϯ-->
		<mark id="sTok398" xlink:href="#xpointer(string-range(//body,'',1264,1))"/>
		<!--ϥⲓ-->
		<mark id="sTok399" xlink:href="#xpointer(string-range(//body,'',1266,2))"/>
		<!--ⲣⲟⲟⲩϣ-->
		<mark id="sTok400" xlink:href="#xpointer(string-range(//body,'',1269,5))"/>
		<!--ϩⲱⲱ-->
		<mark id="sTok401" xlink:href="#xpointer(string-range(//body,'',1275,3))"/>
		<!--ⲧ-->
		<mark id="sTok402" xlink:href="#xpointer(string-range(//body,'',1279,1))"/>
		<!--ⲉ-->
		<mark id="sTok403" xlink:href="#xpointer(string-range(//body,'',1281,1))"/>
		<!--ⲁϩⲉⲣⲁⲧⲉ-->
		<mark id="sTok404" xlink:href="#xpointer(string-range(//body,'',1283,7))"/>
		<!--ⲡ-->
		<mark id="sTok405" xlink:href="#xpointer(string-range(//body,'',1291,1))"/>
		<!--ⲃⲏⲙⲁ-->
		<mark id="sTok406" xlink:href="#xpointer(string-range(//body,'',1293,4))"/>
		<!--ⲙ̄-->
		<mark id="sTok407" xlink:href="#xpointer(string-range(//body,'',1298,2))"/>
		<!--ⲡⲉ-->
		<mark id="sTok408" xlink:href="#xpointer(string-range(//body,'',1301,2))"/>
		<!--ⲭ︤ⲥ︥-->
		<mark id="sTok409" xlink:href="#xpointer(string-range(//body,'',1304,4))"/>
		<!--ⲛ-->
		<mark id="sTok410" xlink:href="#xpointer(string-range(//body,'',1309,1))"/>
		<!--ⲉ-->
		<mark id="sTok411" xlink:href="#xpointer(string-range(//body,'',1311,1))"/>
		<!--ϣⲁ-->
		<mark id="sTok412" xlink:href="#xpointer(string-range(//body,'',1313,2))"/>
		<!--ⲩ-->
		<mark id="sTok413" xlink:href="#xpointer(string-range(//body,'',1316,1))"/>
		<!--ⲥⲟⲩⲛ̄-->
		<mark id="sTok414" xlink:href="#xpointer(string-range(//body,'',1318,5))"/>
		<!--ⲣⲱⲙⲉ-->
		<mark id="sTok415" xlink:href="#xpointer(string-range(//body,'',1324,4))"/>
		<!--ⲛⲓⲙ-->
		<mark id="sTok416" xlink:href="#xpointer(string-range(//body,'',1329,3))"/>
		<!--ⲁⲛ-->
		<mark id="sTok417" xlink:href="#xpointer(string-range(//body,'',1333,2))"/>
		<!--·-->
		<mark id="sTok418" xlink:href="#xpointer(string-range(//body,'',1336,1))"/>
		<!--ⲙ̄-->
		<mark id="sTok419" xlink:href="#xpointer(string-range(//body,'',1338,2))"/>
		<!--ⲡ-->
		<mark id="sTok420" xlink:href="#xpointer(string-range(//body,'',1341,1))"/>
		<!--ⲛⲁⲩ-->
		<mark id="sTok421" xlink:href="#xpointer(string-range(//body,'',1343,3))"/>
		<!--ⲛ-->
		<mark id="sTok422" xlink:href="#xpointer(string-range(//body,'',1347,1))"/>
		<!--ϫⲓ-->
		<mark id="sTok423" xlink:href="#xpointer(string-range(//body,'',1349,2))"/>
		<!--·-->
		<mark id="sTok424" xlink:href="#xpointer(string-range(//body,'',1352,1))"/>
		<!--ϫⲉ-->
		<mark id="sTok425" xlink:href="#xpointer(string-range(//body,'',1354,2))"/>
		<!--ⲥⲉ-->
		<mark id="sTok426" xlink:href="#xpointer(string-range(//body,'',1357,2))"/>
		<!--ⲛϩⲟⲧ-->
		<mark id="sTok427" xlink:href="#xpointer(string-range(//body,'',1360,4))"/>
		<!--ⲁⲗⲗⲁ-->
		<mark id="sTok428" xlink:href="#xpointer(string-range(//body,'',1365,4))"/>
		<!--ⲧ-->
		<mark id="sTok429" xlink:href="#xpointer(string-range(//body,'',1370,1))"/>
		<!--ⲙⲟⲓ̈ϩⲉ-->
		<mark id="sTok430" xlink:href="#xpointer(string-range(//body,'',1372,6))"/>
		<!--ⲧⲉ-->
		<mark id="sTok431" xlink:href="#xpointer(string-range(//body,'',1379,2))"/>
		<!--ⲛⲁⲙⲉ-->
		<mark id="sTok432" xlink:href="#xpointer(string-range(//body,'',1382,4))"/>
		<!--ⲡⲉ-->
		<mark id="sTok433" xlink:href="#xpointer(string-range(//body,'',1387,2))"/>
		<!--ⲡ-->
		<mark id="sTok434" xlink:href="#xpointer(string-range(//body,'',1390,1))"/>
		<!--ⲛⲁⲩ-->
		<mark id="sTok435" xlink:href="#xpointer(string-range(//body,'',1392,3))"/>
		<!--ⲛ-->
		<mark id="sTok436" xlink:href="#xpointer(string-range(//body,'',1396,1))"/>
		<!--ϯ-->
		<mark id="sTok437" xlink:href="#xpointer(string-range(//body,'',1398,1))"/>
		<!--·-->
		<mark id="sTok438" xlink:href="#xpointer(string-range(//body,'',1400,1))"/>
		<!--ⲛ̄-->
		<mark id="sTok439" xlink:href="#xpointer(string-range(//body,'',1402,2))"/>
		<!--ⲛ-->
		<mark id="sTok440" xlink:href="#xpointer(string-range(//body,'',1405,1))"/>
		<!--ⲉⲛⲧ-->
		<mark id="sTok441" xlink:href="#xpointer(string-range(//body,'',1407,3))"/>
		<!--ⲁ-->
		<mark id="sTok442" xlink:href="#xpointer(string-range(//body,'',1411,1))"/>
		<!--ⲕ-->
		<mark id="sTok443" xlink:href="#xpointer(string-range(//body,'',1413,1))"/>
		<!--ϫⲓⲧ-->
		<mark id="sTok444" xlink:href="#xpointer(string-range(//body,'',1415,3))"/>
		<!--ⲟⲩ-->
		<mark id="sTok445" xlink:href="#xpointer(string-range(//body,'',1419,2))"/>
		<!--·-->
		<mark id="sTok446" xlink:href="#xpointer(string-range(//body,'',1422,1))"/>
		<!--ⲁⲩⲱ-->
		<mark id="sTok447" xlink:href="#xpointer(string-range(//body,'',1424,3))"/>
		<!--ⲛ-->
		<mark id="sTok448" xlink:href="#xpointer(string-range(//body,'',1428,1))"/>
		<!--ⲅ-->
		<mark id="sTok449" xlink:href="#xpointer(string-range(//body,'',1430,1))"/>
		<!--ⲟⲩⲱⲛ︤ϩ︥-->
		<mark id="sTok450" xlink:href="#xpointer(string-range(//body,'',1432,7))"/>
		<!--ⲉⲃⲟⲗ-->
		<mark id="sTok451" xlink:href="#xpointer(string-range(//body,'',1440,4))"/>
		<!--·-->
		<mark id="sTok452" xlink:href="#xpointer(string-range(//body,'',1445,1))"/>
		<!--ⲙ̄-->
		<mark id="sTok453" xlink:href="#xpointer(string-range(//body,'',1447,2))"/>
		<!--ⲡⲓⲥⲧⲟⲥ-->
		<mark id="sTok454" xlink:href="#xpointer(string-range(//body,'',1450,6))"/>
		<!--ϫⲉ-->
		<mark id="sTok455" xlink:href="#xpointer(string-range(//body,'',1457,2))"/>
		<!--ⲁ-->
		<mark id="sTok456" xlink:href="#xpointer(string-range(//body,'',1460,1))"/>
		<!--ⲕ-->
		<mark id="sTok457" xlink:href="#xpointer(string-range(//body,'',1462,1))"/>
		<!--ⲧⲁ-->
		<mark id="sTok458" xlink:href="#xpointer(string-range(//body,'',1464,2))"/>
		<!--ⲁ-->
		<mark id="sTok459" xlink:href="#xpointer(string-range(//body,'',1467,1))"/>
		<!--ⲩ-->
		<mark id="sTok460" xlink:href="#xpointer(string-range(//body,'',1469,1))"/>
		<!--ⲉⲧⲟⲟⲧ-->
		<mark id="sTok461" xlink:href="#xpointer(string-range(//body,'',1471,5))"/>
		<!--ϥ-->
		<mark id="sTok462" xlink:href="#xpointer(string-range(//body,'',1477,1))"/>
		<!--ⲙ-->
		<mark id="sTok463" xlink:href="#xpointer(string-range(//body,'',1479,1))"/>
		<!--ⲡ-->
		<mark id="sTok464" xlink:href="#xpointer(string-range(//body,'',1481,1))"/>
		<!--ⲉⲛ-->
		<mark id="sTok465" xlink:href="#xpointer(string-range(//body,'',1483,2))"/>
		<!--ⲧ-->
		<mark id="sTok466" xlink:href="#xpointer(string-range(//body,'',1486,1))"/>
		<!--ⲁ-->
		<mark id="sTok467" xlink:href="#xpointer(string-range(//body,'',1488,1))"/>
		<!--ϥ-->
		<mark id="sTok468" xlink:href="#xpointer(string-range(//body,'',1490,1))"/>
		<!--ⲧⲁⲁ-->
		<mark id="sTok469" xlink:href="#xpointer(string-range(//body,'',1492,3))"/>
		<!--ⲩ-->
		<mark id="sTok470" xlink:href="#xpointer(string-range(//body,'',1496,1))"/>
		<!--ⲛⲁ-->
		<mark id="sTok471" xlink:href="#xpointer(string-range(//body,'',1498,2))"/>
		<!--ⲕ-->
		<mark id="sTok472" xlink:href="#xpointer(string-range(//body,'',1501,1))"/>
		<!--ⲛ-->
		<mark id="sTok473" xlink:href="#xpointer(string-range(//body,'',1503,1))"/>
		<!--ⲥⲉ-->
		<mark id="sTok474" xlink:href="#xpointer(string-range(//body,'',1505,2))"/>
		<!--ϣⲁⲁⲧ-->
		<mark id="sTok475" xlink:href="#xpointer(string-range(//body,'',1508,4))"/>
		<!--·-->
		<mark id="sTok476" xlink:href="#xpointer(string-range(//body,'',1513,1))"/>
		<!--ⲁⲛ-->
		<mark id="sTok477" xlink:href="#xpointer(string-range(//body,'',1515,2))"/>
		<!--·-->
		<mark id="sTok478" xlink:href="#xpointer(string-range(//body,'',1518,1))"/>
		<!--ⲛ̄-->
		<mark id="sTok479" xlink:href="#xpointer(string-range(//body,'',1520,2))"/>
		<!--ⲗⲁⲁⲩ-->
		<mark id="sTok480" xlink:href="#xpointer(string-range(//body,'',1523,4))"/>
		<!--·-->
		<mark id="sTok481" xlink:href="#xpointer(string-range(//body,'',1528,1))"/>
		<!--ⲡ-->
		<mark id="sTok482" xlink:href="#xpointer(string-range(//body,'',1530,1))"/>
		<!--ⲣⲱⲙⲉ-->
		<mark id="sTok483" xlink:href="#xpointer(string-range(//body,'',1532,4))"/>
		<!--ⲛⲁ-->
		<mark id="sTok484" xlink:href="#xpointer(string-range(//body,'',1537,2))"/>
		<!--ϣⲓⲛⲉ-->
		<mark id="sTok485" xlink:href="#xpointer(string-range(//body,'',1540,4))"/>
		<!--ⲁⲩⲱ-->
		<mark id="sTok486" xlink:href="#xpointer(string-range(//body,'',1545,3))"/>
		<!--ⲛ-->
		<mark id="sTok487" xlink:href="#xpointer(string-range(//body,'',1549,1))"/>
		<!--ϥ-->
		<mark id="sTok488" xlink:href="#xpointer(string-range(//body,'',1551,1))"/>
		<!--ⲇⲟⲕⲓⲙⲁ-->
		<mark id="sTok489" xlink:href="#xpointer(string-range(//body,'',1553,6))"/>
		<!--ⲍⲉ-->
		<mark id="sTok490" xlink:href="#xpointer(string-range(//body,'',1560,2))"/>
		<!--ϫⲉ-->
		<mark id="sTok491" xlink:href="#xpointer(string-range(//body,'',1563,2))"/>
		<!--ⲛⲓⲙ-->
		<mark id="sTok492" xlink:href="#xpointer(string-range(//body,'',1566,3))"/>
		<!--ⲡ-->
		<mark id="sTok493" xlink:href="#xpointer(string-range(//body,'',1570,1))"/>
		<!--ⲉⲧ︤-->
		<mark id="sTok494" xlink:href="#xpointer(string-range(//body,'',1572,3))"/>
		<!--ⲛ︥-->
		<mark id="sTok495" xlink:href="#xpointer(string-range(//body,'',1576,2))"/>
		<!--ϩⲟⲧ-->
		<mark id="sTok496" xlink:href="#xpointer(string-range(//body,'',1579,3))"/>
		<!--ⲉ-->
		<mark id="sTok497" xlink:href="#xpointer(string-range(//body,'',1583,1))"/>
		<!--ϭⲁⲗ-->
		<mark id="sTok498" xlink:href="#xpointer(string-range(//body,'',1585,3))"/>
		<!--ⲉ-->
		<mark id="sTok499" xlink:href="#xpointer(string-range(//body,'',1589,1))"/>
		<!--ϩⲉⲛ-->
		<mark id="sTok500" xlink:href="#xpointer(string-range(//body,'',1591,3))"/>
		<!--ϩⲛⲁ-->
		<mark id="sTok501" xlink:href="#xpointer(string-range(//body,'',1595,3))"/>
		<!--ⲁⲩ-->
		<mark id="sTok502" xlink:href="#xpointer(string-range(//body,'',1599,2))"/>
		<!--·-->
		<mark id="sTok503" xlink:href="#xpointer(string-range(//body,'',1602,1))"/>
		<!--ⲉⲣⲟ-->
		<mark id="sTok504" xlink:href="#xpointer(string-range(//body,'',1604,3))"/>
		<!--ϥ-->
		<mark id="sTok505" xlink:href="#xpointer(string-range(//body,'',1608,1))"/>
		<!--·-->
		<mark id="sTok506" xlink:href="#xpointer(string-range(//body,'',1610,1))"/>
		<!--ⲛⲧⲉ-->
		<mark id="sTok507" xlink:href="#xpointer(string-range(//body,'',1612,3))"/>
		<!--ⲡ-->
		<mark id="sTok508" xlink:href="#xpointer(string-range(//body,'',1616,1))"/>
		<!--ⲕⲁϩ-->
		<mark id="sTok509" xlink:href="#xpointer(string-range(//body,'',1618,3))"/>
		<!--ⲉ-->
		<mark id="sTok510" xlink:href="#xpointer(string-range(//body,'',1622,1))"/>
		<!--ⲩ-->
		<mark id="sTok511" xlink:href="#xpointer(string-range(//body,'',1624,1))"/>
		<!--ⲛⲁ-->
		<mark id="sTok512" xlink:href="#xpointer(string-range(//body,'',1626,2))"/>
		<!--ⲧⲁⲕⲟ-->
		<mark id="sTok513" xlink:href="#xpointer(string-range(//body,'',1629,4))"/>
		<!--·-->
		<mark id="sTok514" xlink:href="#xpointer(string-range(//body,'',1634,1))"/>
		<!--ⲁⲩⲱ-->
		<mark id="sTok515" xlink:href="#xpointer(string-range(//body,'',1636,3))"/>
		<!--ⲟⲩⲛ-->
		<mark id="sTok516" xlink:href="#xpointer(string-range(//body,'',1640,3))"/>
		<!--ⲣⲱⲙⲉ-->
		<mark id="sTok517" xlink:href="#xpointer(string-range(//body,'',1644,4))"/>
		<!--ⲉ-->
		<mark id="sTok518" xlink:href="#xpointer(string-range(//body,'',1649,1))"/>
		<!--ϥ-->
		<mark id="sTok519" xlink:href="#xpointer(string-range(//body,'',1651,1))"/>
		<!--ⲙⲟⲩ-->
		<mark id="sTok520" xlink:href="#xpointer(string-range(//body,'',1653,3))"/>
		<!--ϣⲧ-->
		<mark id="sTok521" xlink:href="#xpointer(string-range(//body,'',1657,2))"/>
		<!--ⲙ̄ⲙⲟ-->
		<mark id="sTok522" xlink:href="#xpointer(string-range(//body,'',1660,4))"/>
		<!--ϥ-->
		<mark id="sTok523" xlink:href="#xpointer(string-range(//body,'',1665,1))"/>
		<!--ⲙⲡⲁ-->
		<mark id="sTok524" xlink:href="#xpointer(string-range(//body,'',1667,3))"/>
		<!--ⲧⲉ̣-->
		<mark id="sTok525" xlink:href="#xpointer(string-range(//body,'',1671,3))"/>
		<!--ϥ-->
		<mark id="sTok526" xlink:href="#xpointer(string-range(//body,'',1675,1))"/>
		<!--ϫⲓ-->
		<mark id="sTok527" xlink:href="#xpointer(string-range(//body,'',1677,2))"/>
		<!--·-->
		<mark id="sTok528" xlink:href="#xpointer(string-range(//body,'',1680,1))"/>
		<!--ϫⲉ-->
		<mark id="sTok529" xlink:href="#xpointer(string-range(//body,'',1682,2))"/>
		<!--ⲛⲉ-->
		<mark id="sTok530" xlink:href="#xpointer(string-range(//body,'',1685,2))"/>
		<!--ϥ-->
		<mark id="sTok531" xlink:href="#xpointer(string-range(//body,'',1688,1))"/>
		<!--ⲛⲁ-->
		<mark id="sTok532" xlink:href="#xpointer(string-range(//body,'',1690,2))"/>
		<!--ϩⲁⲣ̣ⲉϩ-->
		<mark id="sTok533" xlink:href="#xpointer(string-range(//body,'',1693,6))"/>
		<!--ⲉ-->
		<mark id="sTok534" xlink:href="#xpointer(string-range(//body,'',1700,1))"/>
		<!--ⲛ-->
		<mark id="sTok535" xlink:href="#xpointer(string-range(//body,'',1702,1))"/>
		<!--ⲉⲛⲧ-->
		<mark id="sTok536" xlink:href="#xpointer(string-range(//body,'',1704,3))"/>
		<!--ⲁ-->
		<mark id="sTok537" xlink:href="#xpointer(string-range(//body,'',1708,1))"/>
		<!--ⲩ-->
		<mark id="sTok538" xlink:href="#xpointer(string-range(//body,'',1710,1))"/>
		<!--ⲧⲁ-->
		<mark id="sTok539" xlink:href="#xpointer(string-range(//body,'',1712,2))"/>
		<!--[ⲁ]-->
		<mark id="sTok540" xlink:href="#xpointer(string-range(//body,'',1715,3))"/>
		<!--ⲩ̣-->
		<mark id="sTok541" xlink:href="#xpointer(string-range(//body,'',1719,2))"/>
		<!--ⲉⲧⲟⲟⲧ︤-->
		<mark id="sTok542" xlink:href="#xpointer(string-range(//body,'',1722,6))"/>
		<!--ϥ︥-->
		<mark id="sTok543" xlink:href="#xpointer(string-range(//body,'',1729,2))"/>
		<!--ⲁⲩⲱ̣-->
		<mark id="sTok544" xlink:href="#xpointer(string-range(//body,'',1732,4))"/>
		<!--ⲥ-->
		<mark id="sTok545" xlink:href="#xpointer(string-range(//body,'',1737,1))"/>
		<!--ⲛⲁ-->
		<mark id="sTok546" xlink:href="#xpointer(string-range(//body,'',1739,2))"/>
		<!--ϣⲱⲡⲉ-->
		<mark id="sTok547" xlink:href="#xpointer(string-range(//body,'',1742,4))"/>
		<!--ⲛⲧ-->
		<mark id="sTok548" xlink:href="#xpointer(string-range(//body,'',1747,2))"/>
		<!--[ⲉ]-->
		<mark id="sTok549" xlink:href="#xpointer(string-range(//body,'',1750,3))"/>
		<!--ⲧ̣ⲙ-->
		<mark id="sTok550" xlink:href="#xpointer(string-range(//body,'',1754,3))"/>
		<!--ⲛ-->
		<mark id="sTok551" xlink:href="#xpointer(string-range(//body,'',1758,1))"/>
		<!--ⲉⲧ-->
		<mark id="sTok552" xlink:href="#xpointer(string-range(//body,'',1760,2))"/>
		<!--ϫⲓ-->
		<mark id="sTok553" xlink:href="#xpointer(string-range(//body,'',1763,2))"/>
		<!--ⲛ-->
		<mark id="sTok554" xlink:href="#xpointer(string-range(//body,'',1766,1))"/>
		<!--ϩⲉⲛ-->
		<mark id="sTok555" xlink:href="#xpointer(string-range(//body,'',1768,3))"/>
		<!--ⲙⲛⲧ-->
		<mark id="sTok556" xlink:href="#xpointer(string-range(//body,'',1772,3))"/>
		<!--ⲛⲟϭ-->
		<mark id="sTok557" xlink:href="#xpointer(string-range(//body,'',1776,3))"/>
		<!--ⲉ-->
		<mark id="sTok558" xlink:href="#xpointer(string-range(//body,'',1780,1))"/>
		<!--ⲃⲟⲗ-->
		<mark id="sTok559" xlink:href="#xpointer(string-range(//body,'',1782,3))"/>
		<!--[ϩⲓ]-->
		<mark id="sTok560" xlink:href="#xpointer(string-range(//body,'',1786,4))"/>
		<!--ⲧⲙ-->
		<mark id="sTok561" xlink:href="#xpointer(string-range(//body,'',1791,2))"/>
		<!--ⲡ-->
		<mark id="sTok562" xlink:href="#xpointer(string-range(//body,'',1794,1))"/>
		<!--ⲛⲟⲩ-->
		<mark id="sTok563" xlink:href="#xpointer(string-range(//body,'',1796,3))"/>
		<!--ⲧⲉ-->
		<mark id="sTok564" xlink:href="#xpointer(string-range(//body,'',1800,2))"/>
		<!--ⲇ̣ⲓ̣ⲁ̣ⲕ̣ⲣⲓⲛⲉ-->
		<mark id="sTok565" xlink:href="#xpointer(string-range(//body,'',1803,12))"/>
		<!--·-->
		<mark id="sTok566" xlink:href="#xpointer(string-range(//body,'',1816,1))"/>
		<!--ⲙ-->
		<mark id="sTok567" xlink:href="#xpointer(string-range(//body,'',1818,1))"/>
		<!--ⲙⲟ-->
		<mark id="sTok568" xlink:href="#xpointer(string-range(//body,'',1820,2))"/>
		<!--ⲟⲩ-->
		<mark id="sTok569" xlink:href="#xpointer(string-range(//body,'',1823,2))"/>
		<!--·-->
		<mark id="sTok570" xlink:href="#xpointer(string-range(//body,'',1826,1))"/>
		<!--ⲁⲩⲱ-->
		<mark id="sTok571" xlink:href="#xpointer(string-range(//body,'',1828,3))"/>
		<!--ⲛ-->
		<mark id="sTok572" xlink:href="#xpointer(string-range(//body,'',1832,1))"/>
		<!--ⲉ-->
		<mark id="sTok573" xlink:href="#xpointer(string-range(//body,'',1834,1))"/>
		<!--ⲧ-->
		<mark id="sTok574" xlink:href="#xpointer(string-range(//body,'',1836,1))"/>
		<!--ⲟⲩ-->
		<mark id="sTok575" xlink:href="#xpointer(string-range(//body,'',1838,2))"/>
		<!--ϫⲓ-->
		<mark id="sTok576" xlink:href="#xpointer(string-range(//body,'',1841,2))"/>
		<!--ⲙ̄-->
		<mark id="sTok577" xlink:href="#xpointer(string-range(//body,'',1844,2))"/>
		<!--ⲡ-->
		<mark id="sTok578" xlink:href="#xpointer(string-range(//body,'',1847,1))"/>
		<!--ⲣⲁⲛ-->
		<mark id="sTok579" xlink:href="#xpointer(string-range(//body,'',1849,3))"/>
		<!--·-->
		<mark id="sTok580" xlink:href="#xpointer(string-range(//body,'',1853,1))"/>
		<!--ⲉ-->
		<mark id="sTok581" xlink:href="#xpointer(string-range(//body,'',1855,1))"/>
		<!--ⲃⲟⲗ-->
		<mark id="sTok582" xlink:href="#xpointer(string-range(//body,'',1857,3))"/>
		<!--ϩⲓⲧ-->
		<mark id="sTok583" xlink:href="#xpointer(string-range(//body,'',1861,3))"/>
		<!--[ⲟⲟⲧ-->
		<mark id="sTok584" xlink:href="#xpointer(string-range(//body,'',1865,4))"/>
		<!--ⲟ]-->
		<mark id="sTok585" xlink:href="#xpointer(string-range(//body,'',1870,2))"/>
		<!--ⲩ-->
		<mark id="sTok586" xlink:href="#xpointer(string-range(//body,'',1873,1))"/>
		<!--·-->
		<mark id="sTok587" xlink:href="#xpointer(string-range(//body,'',1875,1))"/>
		<!--ⲛ-->
		<mark id="sTok588" xlink:href="#xpointer(string-range(//body,'',1877,1))"/>
		<!--ⲥⲉ-->
		<mark id="sTok589" xlink:href="#xpointer(string-range(//body,'',1879,2))"/>
		<!--ⲧⲙ-->
		<mark id="sTok590" xlink:href="#xpointer(string-range(//body,'',1882,2))"/>
		<!--ⲇⲓⲁⲕⲣ̣ⲓ̣-->
		<mark id="sTok591" xlink:href="#xpointer(string-range(//body,'',1885,8))"/>
		<!--[ⲛ]-->
		<mark id="sTok592" xlink:href="#xpointer(string-range(//body,'',1894,3))"/>
		<!--ⲉ-->
		<mark id="sTok593" xlink:href="#xpointer(string-range(//body,'',1898,1))"/>
		<!--ⲙ-->
		<mark id="sTok594" xlink:href="#xpointer(string-range(//body,'',1900,1))"/>
		<!--ⲙⲟ-->
		<mark id="sTok595" xlink:href="#xpointer(string-range(//body,'',1902,2))"/>
		<!--ⲟⲩ-->
		<mark id="sTok596" xlink:href="#xpointer(string-range(//body,'',1905,2))"/>
		<!--·-->
		<mark id="sTok597" xlink:href="#xpointer(string-range(//body,'',1908,1))"/>
		<!--ⲏ-->
		<mark id="sTok598" xlink:href="#xpointer(string-range(//body,'',1910,1))"/>
		<!--ϫⲉ-->
		<mark id="sTok599" xlink:href="#xpointer(string-range(//body,'',1912,2))"/>
		<!--ϩⲉ̣ⲛ-->
		<mark id="sTok600" xlink:href="#xpointer(string-range(//body,'',1915,4))"/>
		<!--ⲟⲩ-->
		<mark id="sTok601" xlink:href="#xpointer(string-range(//body,'',1920,2))"/>
		<!--ⲛⲉ-->
		<mark id="sTok602" xlink:href="#xpointer(string-range(//body,'',1923,2))"/>
		<!--·-->
		<mark id="sTok603" xlink:href="#xpointer(string-range(//body,'',1926,1))"/>
		<!--ⲏ-->
		<mark id="sTok604" xlink:href="#xpointer(string-range(//body,'',1928,1))"/>
		<!--ϫⲉ-->
		<mark id="sTok605" xlink:href="#xpointer(string-range(//body,'',1930,2))"/>
		<!--ϩⲉⲛ-->
		<mark id="sTok606" xlink:href="#xpointer(string-range(//body,'',1933,3))"/>
		<!--ⲁϣ-->
		<mark id="sTok607" xlink:href="#xpointer(string-range(//body,'',1937,2))"/>
		<!--ⲙ-->
		<mark id="sTok608" xlink:href="#xpointer(string-range(//body,'',1940,1))"/>
		<!--ⲙⲓⲛⲉ-->
		<mark id="sTok609" xlink:href="#xpointer(string-range(//body,'',1942,4))"/>
		<!--ⲛⲉ-->
		<mark id="sTok610" xlink:href="#xpointer(string-range(//body,'',1947,2))"/>
		<!--·-->
		<mark id="sTok611" xlink:href="#xpointer(string-range(//body,'',1950,1))"/>
		<!--ⲙⲛ-->
		<mark id="sTok612" xlink:href="#xpointer(string-range(//body,'',1952,2))"/>
		<!--ⲛⲉⲩ-->
		<mark id="sTok613" xlink:href="#xpointer(string-range(//body,'',1955,3))"/>
		<!--ⲕⲉ-->
		<mark id="sTok614" xlink:href="#xpointer(string-range(//body,'',1959,2))"/>
		<!--ϩⲃⲏⲩⲉ-->
		<mark id="sTok615" xlink:href="#xpointer(string-range(//body,'',1962,5))"/>
		<!--·-->
		<mark id="sTok616" xlink:href="#xpointer(string-range(//body,'',1968,1))"/>
		<!--ⲉ-->
		<mark id="sTok617" xlink:href="#xpointer(string-range(//body,'',1970,1))"/>
		<!--ⲣⲉ-->
		<mark id="sTok618" xlink:href="#xpointer(string-range(//body,'',1972,2))"/>
		<!--ⲟⲩⲁ-->
		<mark id="sTok619" xlink:href="#xpointer(string-range(//body,'',1975,3))"/>
		<!--·-->
		<mark id="sTok620" xlink:href="#xpointer(string-range(//body,'',1979,1))"/>
		<!--ⲛⲁ-->
		<mark id="sTok621" xlink:href="#xpointer(string-range(//body,'',1981,2))"/>
		<!--ϫⲟⲟ-->
		<mark id="sTok622" xlink:href="#xpointer(string-range(//body,'',1984,3))"/>
		<!--ⲥ-->
		<mark id="sTok623" xlink:href="#xpointer(string-range(//body,'',1988,1))"/>
		<!--ⲛ-->
		<mark id="sTok624" xlink:href="#xpointer(string-range(//body,'',1990,1))"/>
		<!--ⲁϣ-->
		<mark id="sTok625" xlink:href="#xpointer(string-range(//body,'',1992,2))"/>
		<!--ⲛ-->
		<mark id="sTok626" xlink:href="#xpointer(string-range(//body,'',1995,1))"/>
		<!--ϩⲉ-->
		<mark id="sTok627" xlink:href="#xpointer(string-range(//body,'',1997,2))"/>
		<!--·-->
		<mark id="sTok628" xlink:href="#xpointer(string-range(//body,'',2000,1))"/>
		<!--ϫⲉ-->
		<mark id="sTok629" xlink:href="#xpointer(string-range(//body,'',2002,2))"/>
		<!--ⲛ̣-->
		<mark id="sTok630" xlink:href="#xpointer(string-range(//body,'',2005,2))"/>
		<!--[-->
		<mark id="sTok631" xlink:href="#xpointer(string-range(//body,'',2008,1))"/>
		<!--ⲁⲛⲧ̄-->
		<mark id="sTok632" xlink:href="#xpointer(string-range(//body,'',2010,4))"/>
		<!--[.]-->
		<mark id="sTok633" xlink:href="#xpointer(string-range(//body,'',2015,3))"/>
		<!--ⲧ-->
		<mark id="sTok634" xlink:href="#xpointer(string-range(//body,'',2019,1))"/>
		<!--ϣⲟⲟⲡ-->
		<mark id="sTok635" xlink:href="#xpointer(string-range(//body,'',2021,4))"/>
		<!--[-->
		<mark id="sTok636" xlink:href="#xpointer(string-range(//body,'',2026,1))"/>
		<!--ⲉⲣⲉ-->
		<mark id="sTok637" xlink:href="#xpointer(string-range(//body,'',2028,3))"/>
		<!--[…]-->
		<mark id="sTok638" xlink:href="#xpointer(string-range(//body,'',2032,3))"/>
		<!--ⲥⲉⲙⲛ-->
		<mark id="sTok639" xlink:href="#xpointer(string-range(//body,'',2036,4))"/>
		<!--[-->
		<mark id="sTok640" xlink:href="#xpointer(string-range(//body,'',2041,1))"/>
		<!--ϣ-->
		<mark id="sTok641" xlink:href="#xpointer(string-range(//body,'',2043,1))"/>
		<!--[…]-->
		<mark id="sTok642" xlink:href="#xpointer(string-range(//body,'',2045,3))"/>
		<!--ⲧ̄-->
		<mark id="sTok643" xlink:href="#xpointer(string-range(//body,'',2049,2))"/>
		<!--·-->
		<mark id="sTok644" xlink:href="#xpointer(string-range(//body,'',2052,1))"/>
		<!--ⲁⲩ-->
		<mark id="sTok645" xlink:href="#xpointer(string-range(//body,'',2054,2))"/>
		<!--[-->
		<mark id="sTok646" xlink:href="#xpointer(string-range(//body,'',2057,1))"/>
		<!--ⲣ̣-->
		<mark id="sTok647" xlink:href="#xpointer(string-range(//body,'',2059,2))"/>
		<!--[…]-->
		<mark id="sTok648" xlink:href="#xpointer(string-range(//body,'',2062,3))"/>
		<!--ⲩⲉ̣ⲛⲧ̄-->
		<mark id="sTok649" xlink:href="#xpointer(string-range(//body,'',2066,6))"/>
		<!--[-->
		<mark id="sTok650" xlink:href="#xpointer(string-range(//body,'',2073,1))"/>
		<!--ⲕ-->
		<mark id="sTok651" xlink:href="#xpointer(string-range(//body,'',2075,1))"/>
		<!--[…]-->
		<mark id="sTok652" xlink:href="#xpointer(string-range(//body,'',2077,3))"/>
		<!--ⲛⲧ̄-->
		<mark id="sTok653" xlink:href="#xpointer(string-range(//body,'',2081,3))"/>
		<!--[-->
		<mark id="sTok654" xlink:href="#xpointer(string-range(//body,'',2085,1))"/>
		<!--ⲛ-->
		<mark id="sTok655" xlink:href="#xpointer(string-range(//body,'',2087,1))"/>
		<!--ⲧ̄ⲧ̄ⲧ̄-->
		<mark id="sTok656" xlink:href="#xpointer(string-range(//body,'',2089,6))"/>
		<!--ⲉ-->
		<mark id="sTok657" xlink:href="#xpointer(string-range(//body,'',2096,1))"/>
		<!--ⲧⲏⲣ-->
		<mark id="sTok658" xlink:href="#xpointer(string-range(//body,'',2098,3))"/>
		<!--ⲟⲩ-->
		<mark id="sTok659" xlink:href="#xpointer(string-range(//body,'',2102,2))"/>
		<!--·-->
		<mark id="sTok660" xlink:href="#xpointer(string-range(//body,'',2105,1))"/>
		<!--[-->
		<mark id="sTok661" xlink:href="#xpointer(string-range(//body,'',2107,1))"/>
		<!--ⲙ̣ⲙⲛⲧⲣⲉⲙⲡ-->
		<mark id="sTok662" xlink:href="#xpointer(string-range(//body,'',2109,9))"/>
		<!--[-->
		<mark id="sTok663" xlink:href="#xpointer(string-range(//body,'',2119,1))"/>
		<!--ϫ̣ⲱ-->
		<mark id="sTok664" xlink:href="#xpointer(string-range(//body,'',2121,3))"/>
		<!--ⲙⲙⲟ-->
		<mark id="sTok665" xlink:href="#xpointer(string-range(//body,'',2125,3))"/>
		<!--ϥ-->
		<mark id="sTok666" xlink:href="#xpointer(string-range(//body,'',2129,1))"/>
		<!--·-->
		<mark id="sTok667" xlink:href="#xpointer(string-range(//body,'',2131,1))"/>
		<!--ϫ-->
		<mark id="sTok668" xlink:href="#xpointer(string-range(//body,'',2133,1))"/>
		<!--[ⲉ]-->
		<mark id="sTok669" xlink:href="#xpointer(string-range(//body,'',2135,3))"/></markList></paula>