<?xml version='1.0' encoding='UTF-8'?><!DOCTYPE paula SYSTEM "paula_feat.dtd">
<paula version="1.1">
	<header paula_id="scriptorium.GL09-10.mark_note"/>
	<featList xmlns:xlink="http://www.w3.org/1999/xlink" type="note" xml:base="scriptorium.GL09-10.mark.xml">
		<feat xlink:href="#sSpan1" value="choir number ⲑ partially visible"/>
		<feat xlink:href="#sSpan36" value="Sup. str. not certain."/>
		<feat xlink:href="#sSpan113" value="Sup. str. not certain"/>
		<feat xlink:href="#sSpan415" value="There is space for 2–3 letters in the lacuna"/>
		<feat xlink:href="#sSpan431" value="There is space for 3–4 letters in each of the two lacunas"/>
		<feat xlink:href="#sSpan756" value="The letters at the end of line 14 have been washed out (also smearing ⲁⲩϭⲁ in the line above), but the first text is illegible (possibly ⲛ̣ⲧ̄ⲧ̄); probably also ⲛⲟⲛ· at the beginning of line 15 should have been deleted"/>
		<feat xlink:href="#sSpan1088" value="Choir number missing; ⲓ restored by Stephen Emmel"/>
		<feat xlink:href="#sSpan1539" value="The initial and the first letters of these lines are smudged, but presumably not intentionally."/>
		<feat xlink:href="#sSpan1597" value="The second raised point is not certain"/>
		<feat xlink:href="#sSpan1960" value="Space for 0–1 letters in the lacuna"/>
		<feat xlink:href="#sSpan1986" value="Possibly ⲁⲛⲧ︦[ⲧ̄]; space for 0–1 letters in the lacuna at the end of the line."/>
		<feat xlink:href="#sSpan2007" value="Space for 1+ letters in the lacuna at the end of the line"/>
		<feat xlink:href="#sSpan2027" value="Space for 0+ letters in the lacuna at the end of the line"/>
		<feat xlink:href="#sSpan2056" value="Space for 1+ letters in the lacuna at the end of the line"/>
		<feat xlink:href="#sSpan2076" value="Space for 4+ letters in the lacuna at the end of the line"/>
		<feat xlink:href="#sSpan2115" value="Space for 1+ letters in the lacuna at the end of the line; perhaps restore [o]."/>
		<feat xlink:href="#sSpan2124" value="Space for 1+ letters in the lacuna at the end of the line."/></featList></paula>