<?xml version='1.0' encoding='UTF-8'?><!DOCTYPE paula SYSTEM "paula_feat.dtd">
<paula version="1.1">
	<header paula_id="scriptorium.GL09-10.mark_supplied_reason"/>
	<featList xmlns:xlink="http://www.w3.org/1999/xlink" type="supplied_reason" xml:base="scriptorium.GL09-10.mark.xml">
		<feat xlink:href="#sSpan191" value="lost"/>
		<feat xlink:href="#sSpan253" value="lost"/>
		<feat xlink:href="#sSpan271" value="lost"/>
		<feat xlink:href="#sSpan281" value="lost"/>
		<feat xlink:href="#sSpan342" value="lost"/>
		<feat xlink:href="#sSpan408" value="lost"/>
		<feat xlink:href="#sSpan492" value="lost"/>
		<feat xlink:href="#sSpan511" value="lost"/>
		<feat xlink:href="#sSpan1710" value="lost"/>
		<feat xlink:href="#sSpan1737" value="lost"/>
		<feat xlink:href="#sSpan1764" value="lost"/>
		<feat xlink:href="#sSpan1835" value="lost"/>
		<feat xlink:href="#sSpan1854" value="lost"/></featList></paula>