<?xml version='1.0' encoding='UTF-8'?><!DOCTYPE paula SYSTEM "paula_feat.dtd">
<paula version="1.1">
	<header paula_id="scriptorium.GL09-10.mark_multiword"/>
	<featList xmlns:xlink="http://www.w3.org/1999/xlink" type="multiword" xml:base="scriptorium.GL09-10.mark.xml">
		<feat xlink:href="#sSpan832" value="ⲇⲉ ⲟⲛ"/>
		<feat xlink:href="#sSpan979" value="ⲇⲉ ⲟⲛ"/>
		<feat xlink:href="#sSpan1198" value="ϭⲱⲗⲡ ⲉⲃⲟⲗ"/>
		<feat xlink:href="#sSpan1441" value="ⲟⲩⲱⲛϩ ⲉⲃⲟⲗ"/>
		<feat xlink:href="#sSpan1829" value="ⲉⲃⲟⲗ ϩⲓⲧⲟⲟⲧ"/></featList></paula>