<?xml version='1.0' encoding='UTF-8'?><!DOCTYPE paula SYSTEM "paula_rel.dtd">
<paula version="1.1">
	<header paula_id="scriptorium.GL09-10.head"/>
	<relList xmlns:xlink="http://www.w3.org/1999/xlink" type="head">
		<rel id="sPointingRel1005" xlink:href="scriptorium.GL09-10.mark.xml#sSpan260" target="scriptorium.GL09-10.mark.xml#sSpan261"/>
		<rel id="sPointingRel1007" xlink:href="scriptorium.GL09-10.mark.xml#sSpan1457" target="scriptorium.GL09-10.mark.xml#sSpan1455"/>
		<rel id="sPointingRel1009" xlink:href="scriptorium.GL09-10.mark.xml#sSpan1144" target="scriptorium.GL09-10.mark.xml#sSpan1145"/>
		<rel id="sPointingRel1011" xlink:href="scriptorium.GL09-10.mark.xml#sSpan1041" target="scriptorium.GL09-10.mark.xml#sSpan1039"/>
		<rel id="sPointingRel1013" xlink:href="scriptorium.GL09-10.mark.xml#sSpan537" target="scriptorium.GL09-10.mark.xml#sSpan535"/>
		<rel id="sPointingRel1015" xlink:href="scriptorium.GL09-10.mark.xml#sSpan855" target="scriptorium.GL09-10.mark.xml#sSpan853"/>
		<rel id="sPointingRel1017" xlink:href="scriptorium.GL09-10.mark.xml#sSpan1620" target="scriptorium.GL09-10.mark.xml#sSpan1632"/>
		<rel id="sPointingRel1019" xlink:href="scriptorium.GL09-10.mark.xml#sSpan270" target="scriptorium.GL09-10.mark.xml#sSpan272"/>
		<rel id="sPointingRel1021" xlink:href="scriptorium.GL09-10.mark.xml#sSpan1370" target="scriptorium.GL09-10.mark.xml#sSpan1371"/>
		<rel id="sPointingRel1023" xlink:href="scriptorium.GL09-10.mark.xml#sSpan212" target="scriptorium.GL09-10.mark.xml#sSpan208"/>
		<rel id="sPointingRel1025" xlink:href="scriptorium.GL09-10.mark.xml#sSpan909" target="scriptorium.GL09-10.mark.xml#sSpan910"/>
		<rel id="sPointingRel1027" xlink:href="scriptorium.GL09-10.mark.xml#sSpan1225" target="scriptorium.GL09-10.mark.xml#sSpan1223"/>
		<rel id="sPointingRel1029" xlink:href="scriptorium.GL09-10.mark.xml#sSpan1529" target="scriptorium.GL09-10.mark.xml#sSpan1527"/>
		<rel id="sPointingRel1031" xlink:href="scriptorium.GL09-10.mark.xml#sSpan1400" target="scriptorium.GL09-10.mark.xml#sSpan1398"/>
		<rel id="sPointingRel1033" xlink:href="scriptorium.GL09-10.mark.xml#sSpan709" target="scriptorium.GL09-10.mark.xml#sSpan710"/>
		<rel id="sPointingRel1035" xlink:href="scriptorium.GL09-10.mark.xml#sSpan1130" target="scriptorium.GL09-10.mark.xml#sSpan1128"/>
		<rel id="sPointingRel1037" xlink:href="scriptorium.GL09-10.mark.xml#sSpan1336" target="scriptorium.GL09-10.mark.xml#sSpan1337"/>
		<rel id="sPointingRel1039" xlink:href="scriptorium.GL09-10.mark.xml#sSpan72" target="scriptorium.GL09-10.mark.xml#sSpan70"/>
		<rel id="sPointingRel1041" xlink:href="scriptorium.GL09-10.mark.xml#sSpan429" target="scriptorium.GL09-10.mark.xml#sSpan427"/>
		<rel id="sPointingRel1043" xlink:href="scriptorium.GL09-10.mark.xml#sSpan1115" target="scriptorium.GL09-10.mark.xml#sSpan1116"/>
		<rel id="sPointingRel1045" xlink:href="scriptorium.GL09-10.mark.xml#sSpan1484" target="scriptorium.GL09-10.mark.xml#sSpan1482"/>
		<rel id="sPointingRel1047" xlink:href="scriptorium.GL09-10.mark.xml#sSpan1053" target="scriptorium.GL09-10.mark.xml#sSpan1050"/>
		<rel id="sPointingRel1049" xlink:href="scriptorium.GL09-10.mark.xml#sSpan80" target="scriptorium.GL09-10.mark.xml#sSpan81"/>
		<rel id="sPointingRel1051" xlink:href="scriptorium.GL09-10.mark.xml#sSpan504" target="scriptorium.GL09-10.mark.xml#sSpan505"/>
		<rel id="sPointingRel1053" xlink:href="scriptorium.GL09-10.mark.xml#sSpan1817" target="scriptorium.GL09-10.mark.xml#sSpan1818"/>
		<rel id="sPointingRel1055" xlink:href="scriptorium.GL09-10.mark.xml#sSpan922" target="scriptorium.GL09-10.mark.xml#sSpan920"/>
		<rel id="sPointingRel1057" xlink:href="scriptorium.GL09-10.mark.xml#sSpan1650" target="scriptorium.GL09-10.mark.xml#sSpan1648"/>
		<rel id="sPointingRel1059" xlink:href="scriptorium.GL09-10.mark.xml#sSpan1942" target="scriptorium.GL09-10.mark.xml#sSpan1940"/>
		<rel id="sPointingRel1061" xlink:href="scriptorium.GL09-10.mark.xml#sSpan689" target="scriptorium.GL09-10.mark.xml#sSpan687"/>
		<rel id="sPointingRel1063" xlink:href="scriptorium.GL09-10.mark.xml#sSpan1594" target="scriptorium.GL09-10.mark.xml#sSpan1595"/>
		<rel id="sPointingRel1065" xlink:href="scriptorium.GL09-10.mark.xml#sSpan405" target="scriptorium.GL09-10.mark.xml#sSpan406"/>
		<rel id="sPointingRel1067" xlink:href="scriptorium.GL09-10.mark.xml#sSpan990" target="scriptorium.GL09-10.mark.xml#sSpan988"/>
		<rel id="sPointingRel1069" xlink:href="scriptorium.GL09-10.mark.xml#sSpan237" target="scriptorium.GL09-10.mark.xml#sSpan238"/>
		<rel id="sPointingRel1071" xlink:href="scriptorium.GL09-10.mark.xml#sSpan1190" target="scriptorium.GL09-10.mark.xml#sSpan1223"/>
		<rel id="sPointingRel1073" xlink:href="scriptorium.GL09-10.mark.xml#sSpan1285" target="scriptorium.GL09-10.mark.xml#sSpan1287"/>
		<rel id="sPointingRel1075" xlink:href="scriptorium.GL09-10.mark.xml#sSpan608" target="scriptorium.GL09-10.mark.xml#sSpan606"/>
		<rel id="sPointingRel1077" xlink:href="scriptorium.GL09-10.mark.xml#sSpan1576" target="scriptorium.GL09-10.mark.xml#sSpan1572"/>
		<rel id="sPointingRel1079" xlink:href="scriptorium.GL09-10.mark.xml#sSpan58" target="scriptorium.GL09-10.mark.xml#sSpan56"/>
		<rel id="sPointingRel1081" xlink:href="scriptorium.GL09-10.mark.xml#sSpan23" target="scriptorium.GL09-10.mark.xml#sSpan24"/>
		<rel id="sPointingRel1083" xlink:href="scriptorium.GL09-10.mark.xml#sSpan526" target="scriptorium.GL09-10.mark.xml#sSpan527"/>
		<rel id="sPointingRel1085" xlink:href="scriptorium.GL09-10.mark.xml#sSpan1770" target="scriptorium.GL09-10.mark.xml#sSpan1771"/>
		<rel id="sPointingRel1087" xlink:href="scriptorium.GL09-10.mark.xml#sSpan1209" target="scriptorium.GL09-10.mark.xml#sSpan1207"/>
		<rel id="sPointingRel1089" xlink:href="scriptorium.GL09-10.mark.xml#sSpan1699" target="scriptorium.GL09-10.mark.xml#sSpan1697"/>
		<rel id="sPointingRel1091" xlink:href="scriptorium.GL09-10.mark.xml#sSpan483" target="scriptorium.GL09-10.mark.xml#sSpan481"/>
		<rel id="sPointingRel1093" xlink:href="scriptorium.GL09-10.mark.xml#sSpan650" target="scriptorium.GL09-10.mark.xml#sSpan652"/>
		<rel id="sPointingRel1095" xlink:href="scriptorium.GL09-10.mark.xml#sSpan746" target="scriptorium.GL09-10.mark.xml#sSpan744"/>
		<rel id="sPointingRel1097" xlink:href="scriptorium.GL09-10.mark.xml#sSpan140" target="scriptorium.GL09-10.mark.xml#sSpan142"/>
		<rel id="sPointingRel1099" xlink:href="scriptorium.GL09-10.mark.xml#sSpan622" target="scriptorium.GL09-10.mark.xml#sSpan620"/>
		<rel id="sPointingRel1101" xlink:href="scriptorium.GL09-10.mark.xml#sSpan938" target="scriptorium.GL09-10.mark.xml#sSpan939"/>
		<rel id="sPointingRel1103" xlink:href="scriptorium.GL09-10.mark.xml#sSpan1085" target="scriptorium.GL09-10.mark.xml#sSpan1081"/>
		<rel id="sPointingRel1105" xlink:href="scriptorium.GL09-10.mark.xml#sSpan1538" target="scriptorium.GL09-10.mark.xml#sSpan1545"/>
		<rel id="sPointingRel1107" xlink:href="scriptorium.GL09-10.mark.xml#sSpan48" target="scriptorium.GL09-10.mark.xml#sSpan49"/>
		<rel id="sPointingRel1109" xlink:href="scriptorium.GL09-10.mark.xml#sSpan339" target="scriptorium.GL09-10.mark.xml#sSpan340"/>
		<rel id="sPointingRel1111" xlink:href="scriptorium.GL09-10.mark.xml#sSpan466" target="scriptorium.GL09-10.mark.xml#sSpan467"/>
		<rel id="sPointingRel1113" xlink:href="scriptorium.GL09-10.mark.xml#sSpan1296" target="scriptorium.GL09-10.mark.xml#sSpan1298"/>
		<rel id="sPointingRel1115" xlink:href="scriptorium.GL09-10.mark.xml#sSpan1803" target="scriptorium.GL09-10.mark.xml#sSpan1799"/>
		<rel id="sPointingRel1117" xlink:href="scriptorium.GL09-10.mark.xml#sSpan1316" target="scriptorium.GL09-10.mark.xml#sSpan1314"/>
		<rel id="sPointingRel1119" xlink:href="scriptorium.GL09-10.mark.xml#sSpan1752" target="scriptorium.GL09-10.mark.xml#sSpan1755"/>
		<rel id="sPointingRel1121" xlink:href="scriptorium.GL09-10.mark.xml#sSpan1411" target="scriptorium.GL09-10.mark.xml#sSpan1409"/>
		<rel id="sPointingRel1123" xlink:href="scriptorium.GL09-10.mark.xml#sSpan171" target="scriptorium.GL09-10.mark.xml#sSpan173"/>
		<rel id="sPointingRel1125" xlink:href="scriptorium.GL09-10.mark.xml#sSpan1390" target="scriptorium.GL09-10.mark.xml#sSpan1391"/>
		<rel id="sPointingRel1127" xlink:href="scriptorium.GL09-10.mark.xml#sSpan1346" target="scriptorium.GL09-10.mark.xml#sSpan1344"/>
		<rel id="sPointingRel1129" xlink:href="scriptorium.GL09-10.mark.xml#sSpan152" target="scriptorium.GL09-10.mark.xml#sSpan153"/>
		<rel id="sPointingRel1131" xlink:href="scriptorium.GL09-10.mark.xml#sSpan1741" target="scriptorium.GL09-10.mark.xml#sSpan1739"/>
		<rel id="sPointingRel1133" xlink:href="scriptorium.GL09-10.mark.xml#sSpan1922" target="scriptorium.GL09-10.mark.xml#sSpan1926"/>
		<rel id="sPointingRel1135" xlink:href="scriptorium.GL09-10.mark.xml#sSpan101" target="scriptorium.GL09-10.mark.xml#sSpan102"/>
		<rel id="sPointingRel1137" xlink:href="scriptorium.GL09-10.mark.xml#sSpan588" target="scriptorium.GL09-10.mark.xml#sSpan584"/></relList></paula>