<?xml version='1.0' encoding='UTF-8'?><!DOCTYPE paula SYSTEM "paula_feat.dtd">
<paula version="1.1">
	<header paula_id="scriptorium.GL09-10.mark_pos"/>
	<featList xmlns:xlink="http://www.w3.org/1999/xlink" type="pos" xml:base="scriptorium.GL09-10.mark.xml">
		<feat xlink:href="#sSpan2" value="UNKNOWN"/>
		<feat xlink:href="#sSpan11" value="UNKNOWN"/>
		<feat xlink:href="#sSpan13" value="PUNCT"/>
		<feat xlink:href="#sSpan17" value="PREP"/>
		<feat xlink:href="#sSpan21" value="ART"/>
		<feat xlink:href="#sSpan24" value="N"/>
		<feat xlink:href="#sSpan26" value="PUNCT"/>
		<feat xlink:href="#sSpan30" value="CREL"/>
		<feat xlink:href="#sSpan34" value="PPERS"/>
		<feat xlink:href="#sSpan37" value="FUT"/>
		<feat xlink:href="#sSpan40" value="V"/>
		<feat xlink:href="#sSpan42" value="PREP"/>
		<feat xlink:href="#sSpan46" value="ART"/>
		<feat xlink:href="#sSpan49" value="N"/>
		<feat xlink:href="#sSpan51" value="CONJ"/>
		<feat xlink:href="#sSpan56" value="N"/>
		<feat xlink:href="#sSpan60" value="PUNCT"/>
		<feat xlink:href="#sSpan64" value="CONJ"/>
		<feat xlink:href="#sSpan70" value="N"/>
		<feat xlink:href="#sSpan76" value="ART"/>
		<feat xlink:href="#sSpan81" value="NUM"/>
		<feat xlink:href="#sSpan83" value="ART"/>
		<feat xlink:href="#sSpan87" value="NUM"/>
		<feat xlink:href="#sSpan89" value="PUNCT"/>
		<feat xlink:href="#sSpan94" value="PREP"/>
		<feat xlink:href="#sSpan99" value="PPOS"/>
		<feat xlink:href="#sSpan102" value="N"/>
		<feat xlink:href="#sSpan104" value="PUNCT"/>
		<feat xlink:href="#sSpan108" value="CONJ"/>
		<feat xlink:href="#sSpan114" value="PPERS"/>
		<feat xlink:href="#sSpan119" value="V"/>
		<feat xlink:href="#sSpan121" value="PREP"/>
		<feat xlink:href="#sSpan126" value="PPERO"/>
		<feat xlink:href="#sSpan128" value="IMOD"/>
		<feat xlink:href="#sSpan132" value="PPERO"/>
		<feat xlink:href="#sSpan134" value="PREP"/>
		<feat xlink:href="#sSpan138" value="ART"/>
		<feat xlink:href="#sSpan142" value="N"/>
		<feat xlink:href="#sSpan146" value="PREP"/>
		<feat xlink:href="#sSpan150" value="ART"/>
		<feat xlink:href="#sSpan153" value="N"/>
		<feat xlink:href="#sSpan156" value="PUNCT"/>
		<feat xlink:href="#sSpan160" value="CONJ"/>
		<feat xlink:href="#sSpan165" value="PREP"/>
		<feat xlink:href="#sSpan169" value="PPOS"/>
		<feat xlink:href="#sSpan173" value="N"/>
		<feat xlink:href="#sSpan176" value="CREL"/>
		<feat xlink:href="#sSpan180" value="VSTAT"/>
		<feat xlink:href="#sSpan182" value="NEG"/>
		<feat xlink:href="#sSpan187" value="PPERS"/>
		<feat xlink:href="#sSpan189" value="V"/>
		<feat xlink:href="#sSpan193" value="PTC"/>
		<feat xlink:href="#sSpan197" value="NEG"/>
		<feat xlink:href="#sSpan201" value="CONJ"/>
		<feat xlink:href="#sSpan206" value="PINT"/>
		<feat xlink:href="#sSpan208" value="ART"/>
		<feat xlink:href="#sSpan213" value="CREL"/>
		<feat xlink:href="#sSpan215" value="FUT"/>
		<feat xlink:href="#sSpan217" value="V"/>
		<feat xlink:href="#sSpan220" value="PREP"/>
		<feat xlink:href="#sSpan224" value="PPERO"/>
		<feat xlink:href="#sSpan226" value="PUNCT"/>
		<feat xlink:href="#sSpan230" value="PREP"/>
		<feat xlink:href="#sSpan234" value="ART"/>
		<feat xlink:href="#sSpan238" value="N"/>
		<feat xlink:href="#sSpan240" value="CCIRC"/>
		<feat xlink:href="#sSpan244" value="PPERS"/>
		<feat xlink:href="#sSpan246" value="FUT"/>
		<feat xlink:href="#sSpan249" value="V"/>
		<feat xlink:href="#sSpan254" value="PREP"/>
		<feat xlink:href="#sSpan258" value="ART"/>
		<feat xlink:href="#sSpan261" value="N"/>
		<feat xlink:href="#sSpan263" value="PREP"/>
		<feat xlink:href="#sSpan268" value="PPOS"/>
		<feat xlink:href="#sSpan272" value="N"/>
		<feat xlink:href="#sSpan274" value="IMOD"/>
		<feat xlink:href="#sSpan279" value="PPERO"/>
		<feat xlink:href="#sSpan282" value="PUNCT"/>
		<feat xlink:href="#sSpan287" value="CONJ"/>
		<feat xlink:href="#sSpan292" value="ACONJ"/>
		<feat xlink:href="#sSpan296" value="NEG"/>
		<feat xlink:href="#sSpan299" value="PPOS"/>
		<feat xlink:href="#sSpan301" value="N"/>
		<feat xlink:href="#sSpan303" value="PUNCT"/>
		<feat xlink:href="#sSpan308" value="V"/>
		<feat xlink:href="#sSpan314" value="PUNCT"/>
		<feat xlink:href="#sSpan318" value="CONJ"/>
		<feat xlink:href="#sSpan323" value="ACONJ"/>
		<feat xlink:href="#sSpan327" value="PPERS"/>
		<feat xlink:href="#sSpan330" value="V"/>
		<feat xlink:href="#sSpan333" value="PREP"/>
		<feat xlink:href="#sSpan337" value="ART"/>
		<feat xlink:href="#sSpan340" value="N"/>
		<feat xlink:href="#sSpan343" value="CREL"/>
		<feat xlink:href="#sSpan348" value="ADV"/>
		<feat xlink:href="#sSpan350" value="PUNCT"/>
		<feat xlink:href="#sSpan354" value="CONJ"/>
		<feat xlink:href="#sSpan359" value="ANEGOPT"/>
		<feat xlink:href="#sSpan361" value="PPERS"/>
		<feat xlink:href="#sSpan363" value="V"/>
		<feat xlink:href="#sSpan366" value="PPERS"/>
		<feat xlink:href="#sSpan368" value="CONJ"/>
		<feat xlink:href="#sSpan372" value="ACONJ"/>
		<feat xlink:href="#sSpan374" value="PPERS"/>
		<feat xlink:href="#sSpan377" value="V"/>
		<feat xlink:href="#sSpan381" value="PUNCT"/>
		<feat xlink:href="#sSpan385" value="CONJ"/>
		<feat xlink:href="#sSpan390" value="ACONJ"/>
		<feat xlink:href="#sSpan394" value="PPERS"/>
		<feat xlink:href="#sSpan396" value="V"/>
		<feat xlink:href="#sSpan399" value="PREP"/>
		<feat xlink:href="#sSpan403" value="ART"/>
		<feat xlink:href="#sSpan406" value="N"/>
		<feat xlink:href="#sSpan409" value="CCIRC"/>
		<feat xlink:href="#sSpan413" value="CPRET"/>
		<feat xlink:href="#sSpan417" value="UNKNOWN"/>
		<feat xlink:href="#sSpan422" value="PREP"/>
		<feat xlink:href="#sSpan427" value="N"/>
		<feat xlink:href="#sSpan432" value="UNKNOWN"/>
		<feat xlink:href="#sSpan437" value="UNKNOWN"/>
		<feat xlink:href="#sSpan442" value="UNKNOWN"/>
		<feat xlink:href="#sSpan446" value="UNKNOWN"/>
		<feat xlink:href="#sSpan450" value="UNKNOWN"/>
		<feat xlink:href="#sSpan456" value="UNKNOWN"/>
		<feat xlink:href="#sSpan460" value="PREP"/>
		<feat xlink:href="#sSpan464" value="ART"/>
		<feat xlink:href="#sSpan467" value="N"/>
		<feat xlink:href="#sSpan469" value="PUNCT"/>
		<feat xlink:href="#sSpan474" value="EXIST"/>
		<feat xlink:href="#sSpan481" value="N"/>
		<feat xlink:href="#sSpan484" value="CCIRC"/>
		<feat xlink:href="#sSpan488" value="PPERS"/>
		<feat xlink:href="#sSpan490" value="V"/>
		<feat xlink:href="#sSpan494" value="PUNCT"/>
		<feat xlink:href="#sSpan498" value="PREP"/>
		<feat xlink:href="#sSpan502" value="ART"/>
		<feat xlink:href="#sSpan505" value="N"/>
		<feat xlink:href="#sSpan507" value="CREL"/>
		<feat xlink:href="#sSpan512" value="PPERS"/>
		<feat xlink:href="#sSpan514" value="FUT"/>
		<feat xlink:href="#sSpan518" value="V"/>
		<feat xlink:href="#sSpan520" value="PREP"/>
		<feat xlink:href="#sSpan524" value="ART"/>
		<feat xlink:href="#sSpan527" value="N"/>
		<feat xlink:href="#sSpan529" value="PREP"/>
		<feat xlink:href="#sSpan535" value="N"/>
		<feat xlink:href="#sSpan538" value="PUNCT"/>
		<feat xlink:href="#sSpan542" value="CCIRC"/>
		<feat xlink:href="#sSpan546" value="APST"/>
		<feat xlink:href="#sSpan549" value="PPERS"/>
		<feat xlink:href="#sSpan551" value="V"/>
		<feat xlink:href="#sSpan553" value="PPERO"/>
		<feat xlink:href="#sSpan555" value="PREP"/>
		<feat xlink:href="#sSpan559" value="PPERO"/>
		<feat xlink:href="#sSpan561" value="PUNCT"/>
		<feat xlink:href="#sSpan565" value="CCIRC"/>
		<feat xlink:href="#sSpan571" value="AAOR"/>
		<feat xlink:href="#sSpan573" value="PPERS"/>
		<feat xlink:href="#sSpan575" value="V"/>
		<feat xlink:href="#sSpan577" value="PPERO"/>
		<feat xlink:href="#sSpan579" value="PUNCT"/>
		<feat xlink:href="#sSpan583" value="ADV"/>
		<feat xlink:href="#sSpan588" value="PREP"/>
		<feat xlink:href="#sSpan593" value="ART"/>
		<feat xlink:href="#sSpan595" value="N"/>
		<feat xlink:href="#sSpan597" value="PUNCT"/>
		<feat xlink:href="#sSpan601" value="PREP"/>
		<feat xlink:href="#sSpan605" value="N"/>
		<feat xlink:href="#sSpan608" value="PREP"/>
		<feat xlink:href="#sSpan613" value="PPERO"/>
		<feat xlink:href="#sSpan615" value="PREP"/>
		<feat xlink:href="#sSpan619" value="ART"/>
		<feat xlink:href="#sSpan622" value="CREL"/>
		<feat xlink:href="#sSpan624" value="APST"/>
		<feat xlink:href="#sSpan626" value="PPERS"/>
		<feat xlink:href="#sSpan628" value="V"/>
		<feat xlink:href="#sSpan631" value="PPERO"/>
		<feat xlink:href="#sSpan633" value="PREP"/>
		<feat xlink:href="#sSpan637" value="PPERO"/>
		<feat xlink:href="#sSpan639" value="PUNCT"/>
		<feat xlink:href="#sSpan643" value="PREP"/>
		<feat xlink:href="#sSpan647" value="ART"/>
		<feat xlink:href="#sSpan651" value="N"/>
		<feat xlink:href="#sSpan653" value="PUNCT"/>
		<feat xlink:href="#sSpan657" value="CREL"/>
		<feat xlink:href="#sSpan661" value="PPERS"/>
		<feat xlink:href="#sSpan663" value="FUT"/>
		<feat xlink:href="#sSpan665" value="V"/>
		<feat xlink:href="#sSpan668" value="PPERO"/>
		<feat xlink:href="#sSpan670" value="PUNCT"/>
		<feat xlink:href="#sSpan675" value="CONJ"/>
		<feat xlink:href="#sSpan682" value="EXIST"/>
		<feat xlink:href="#sSpan686" value="N"/>
		<feat xlink:href="#sSpan689" value="CCIRC"/>
		<feat xlink:href="#sSpan693" value="PPERS"/>
		<feat xlink:href="#sSpan695" value="V"/>
		<feat xlink:href="#sSpan698" value="PUNCT"/>
		<feat xlink:href="#sSpan702" value="PREP"/>
		<feat xlink:href="#sSpan706" value="ART"/>
		<feat xlink:href="#sSpan709" value="N"/>
		<feat xlink:href="#sSpan711" value="PUNCT"/>
		<feat xlink:href="#sSpan715" value="CREL"/>
		<feat xlink:href="#sSpan720" value="PPERS"/>
		<feat xlink:href="#sSpan722" value="V"/>
		<feat xlink:href="#sSpan724" value="ADV"/>
		<feat xlink:href="#sSpan728" value="PREP"/>
		<feat xlink:href="#sSpan733" value="V"/>
		<feat xlink:href="#sSpan735" value="PUNCT"/>
		<feat xlink:href="#sSpan739" value="PREP"/>
		<feat xlink:href="#sSpan743" value="ART"/>
		<feat xlink:href="#sSpan746" value="CREL"/>
		<feat xlink:href="#sSpan748" value="APST"/>
		<feat xlink:href="#sSpan750" value="PPERS"/>
		<feat xlink:href="#sSpan752" value="V"/>
		<feat xlink:href="#sSpan756" value="PPERO"/>
		<feat xlink:href="#sSpan758" value="PREP"/>
		<feat xlink:href="#sSpan762" value="PPERO"/>
		<feat xlink:href="#sSpan764" value="PUNCT"/>
		<feat xlink:href="#sSpan768" value="UNKNOWN"/>
		<feat xlink:href="#sSpan774" value="UNKNOWN"/>
		<feat xlink:href="#sSpan779" value="PUNCT"/>
		<feat xlink:href="#sSpan783" value="CONJ"/>
		<feat xlink:href="#sSpan787" value="AAOR"/>
		<feat xlink:href="#sSpan789" value="PPERS"/>
		<feat xlink:href="#sSpan791" value="V"/>
		<feat xlink:href="#sSpan794" value="PUNCT"/>
		<feat xlink:href="#sSpan798" value="CONJ"/>
		<feat xlink:href="#sSpan802" value="ACONJ"/>
		<feat xlink:href="#sSpan806" value="PPERS"/>
		<feat xlink:href="#sSpan809" value="V"/>
		<feat xlink:href="#sSpan813" value="PUNCT"/>
		<feat xlink:href="#sSpan817" value="ACONJ"/>
		<feat xlink:href="#sSpan821" value="PPERS"/>
		<feat xlink:href="#sSpan824" value="V"/>
		<feat xlink:href="#sSpan828" value="PTC"/>
		<feat xlink:href="#sSpan833" value="ADV"/>
		<feat xlink:href="#sSpan838" value="CONJ"/>
		<feat xlink:href="#sSpan842" value="ANEGPST"/>
		<feat xlink:href="#sSpan844" value="PPERS"/>
		<feat xlink:href="#sSpan846" value="V"/>
		<feat xlink:href="#sSpan848" value="PREP"/>
		<feat xlink:href="#sSpan853" value="ART"/>
		<feat xlink:href="#sSpan856" value="CREL"/>
		<feat xlink:href="#sSpan858" value="APST"/>
		<feat xlink:href="#sSpan860" value="PPERS"/>
		<feat xlink:href="#sSpan862" value="V"/>
		<feat xlink:href="#sSpan864" value="PPERO"/>
		<feat xlink:href="#sSpan866" value="PUNCT"/>
		<feat xlink:href="#sSpan870" value="PREP"/>
		<feat xlink:href="#sSpan875" value="PPERO"/>
		<feat xlink:href="#sSpan877" value="PUNCT"/>
		<feat xlink:href="#sSpan882" value="CONJ"/>
		<feat xlink:href="#sSpan887" value="AAOR"/>
		<feat xlink:href="#sSpan892" value="PPERS"/>
		<feat xlink:href="#sSpan894" value="V"/>
		<feat xlink:href="#sSpan896" value="PREP"/>
		<feat xlink:href="#sSpan900" value="PPERO"/>
		<feat xlink:href="#sSpan902" value="PREP"/>
		<feat xlink:href="#sSpan907" value="ART"/>
		<feat xlink:href="#sSpan910" value="N"/>
		<feat xlink:href="#sSpan912" value="PUNCT"/>
		<feat xlink:href="#sSpan916" value="PREP"/>
		<feat xlink:href="#sSpan920" value="N"/>
		<feat xlink:href="#sSpan923" value="CCIRC"/>
		<feat xlink:href="#sSpan928" value="PPERS"/>
		<feat xlink:href="#sSpan930" value="VSTAT"/>
		<feat xlink:href="#sSpan932" value="PREP"/>
		<feat xlink:href="#sSpan936" value="ART"/>
		<feat xlink:href="#sSpan939" value="N"/>
		<feat xlink:href="#sSpan942" value="PUNCT"/>
		<feat xlink:href="#sSpan946" value="CONJ"/>
		<feat xlink:href="#sSpan951" value="CCIRC"/>
		<feat xlink:href="#sSpan955" value="PPERS"/>
		<feat xlink:href="#sSpan958" value="V"/>
		<feat xlink:href="#sSpan962" value="PUNCT"/>
		<feat xlink:href="#sSpan966" value="CCIRC"/>
		<feat xlink:href="#sSpan970" value="PPERS"/>
		<feat xlink:href="#sSpan972" value="V"/>
		<feat xlink:href="#sSpan975" value="PTC"/>
		<feat xlink:href="#sSpan980" value="ADV"/>
		<feat xlink:href="#sSpan984" value="PREP"/>
		<feat xlink:href="#sSpan989" value="N"/>
		<feat xlink:href="#sSpan992" value="CCIRC"/>
		<feat xlink:href="#sSpan996" value="NEG"/>
		<feat xlink:href="#sSpan998" value="PPERS"/>
		<feat xlink:href="#sSpan1000" value="V"/>
		<feat xlink:href="#sSpan1003" value="NEG"/>
		<feat xlink:href="#sSpan1007" value="PUNCT"/>
		<feat xlink:href="#sSpan1011" value="PREP"/>
		<feat xlink:href="#sSpan1016" value="V"/>
		<feat xlink:href="#sSpan1021" value="V"/>
		<feat xlink:href="#sSpan1026" value="PUNCT"/>
		<feat xlink:href="#sSpan1030" value="PPERI"/>
		<feat xlink:href="#sSpan1036" value="PREP"/>
		<feat xlink:href="#sSpan1040" value="PDEM"/>
		<feat xlink:href="#sSpan1043" value="PUNCT"/>
		<feat xlink:href="#sSpan1047" value="PREP"/>
		<feat xlink:href="#sSpan1051" value="ART"/>
		<feat xlink:href="#sSpan1055" value="CREL"/>
		<feat xlink:href="#sSpan1057" value="PPERS"/>
		<feat xlink:href="#sSpan1059" value="V"/>
		<feat xlink:href="#sSpan1061" value="PUNCT"/>
		<feat xlink:href="#sSpan1065" value="PREP"/>
		<feat xlink:href="#sSpan1070" value="PPERO"/>
		<feat xlink:href="#sSpan1072" value="PUNCT"/>
		<feat xlink:href="#sSpan1077" value="PTC"/>
		<feat xlink:href="#sSpan1082" value="ART"/>
		<feat xlink:href="#sSpan1087" value="N"/>
		<feat xlink:href="#sSpan1090" value="CREL"/>
		<feat xlink:href="#sSpan1097" value="V"/>
		<feat xlink:href="#sSpan1099" value="ADV"/>
		<feat xlink:href="#sSpan1103" value="N"/>
		<feat xlink:href="#sSpan1108" value="PPERO"/>
		<feat xlink:href="#sSpan1110" value="PREP"/>
		<feat xlink:href="#sSpan1114" value="ART"/>
		<feat xlink:href="#sSpan1117" value="N"/>
		<feat xlink:href="#sSpan1119" value="PUNCT"/>
		<feat xlink:href="#sSpan1123" value="PREP"/>
		<feat xlink:href="#sSpan1129" value="N"/>
		<feat xlink:href="#sSpan1133" value="PUNCT"/>
		<feat xlink:href="#sSpan1137" value="CREL"/>
		<feat xlink:href="#sSpan1141" value="PREP"/>
		<feat xlink:href="#sSpan1143" value="ART"/>
		<feat xlink:href="#sSpan1146" value="N"/>
		<feat xlink:href="#sSpan1149" value="PUNCT"/>
		<feat xlink:href="#sSpan1153" value="CONJ"/>
		<feat xlink:href="#sSpan1158" value="PPERI"/>
		<feat xlink:href="#sSpan1162" value="IMOD"/>
		<feat xlink:href="#sSpan1167" value="PPERO"/>
		<feat xlink:href="#sSpan1169" value="PUNCT"/>
		<feat xlink:href="#sSpan1173" value="ACONJ"/>
		<feat xlink:href="#sSpan1177" value="PPERS"/>
		<feat xlink:href="#sSpan1180" value="V"/>
		<feat xlink:href="#sSpan1182" value="CONJ"/>
		<feat xlink:href="#sSpan1187" value="CFOC"/>
		<feat xlink:href="#sSpan1189" value="PDEM"/>
		<feat xlink:href="#sSpan1192" value="CREL"/>
		<feat xlink:href="#sSpan1196" value="V"/>
		<feat xlink:href="#sSpan1200" value="ADV"/>
		<feat xlink:href="#sSpan1204" value="PREP"/>
		<feat xlink:href="#sSpan1208" value="ART"/>
		<feat xlink:href="#sSpan1211" value="CREL"/>
		<feat xlink:href="#sSpan1213" value="V"/>
		<feat xlink:href="#sSpan1216" value="PUNCT"/>
		<feat xlink:href="#sSpan1220" value="PREP"/>
		<feat xlink:href="#sSpan1224" value="N"/>
		<feat xlink:href="#sSpan1227" value="PPERO"/>
		<feat xlink:href="#sSpan1229" value="PUNCT"/>
		<feat xlink:href="#sSpan1233" value="V"/>
		<feat xlink:href="#sSpan1238" value="PREP"/>
		<feat xlink:href="#sSpan1243" value="PPERO"/>
		<feat xlink:href="#sSpan1245" value="CONJ"/>
		<feat xlink:href="#sSpan1249" value="PINT"/>
		<feat xlink:href="#sSpan1251" value="PUNCT"/>
		<feat xlink:href="#sSpan1255" value="CONJ"/>
		<feat xlink:href="#sSpan1260" value="PPERS"/>
		<feat xlink:href="#sSpan1266" value="V"/>
		<feat xlink:href="#sSpan1269" value="IMOD"/>
		<feat xlink:href="#sSpan1273" value="PPERO"/>
		<feat xlink:href="#sSpan1275" value="PREP"/>
		<feat xlink:href="#sSpan1280" value="V"/>
		<feat xlink:href="#sSpan1282" value="ART"/>
		<feat xlink:href="#sSpan1288" value="N"/>
		<feat xlink:href="#sSpan1290" value="PREP"/>
		<feat xlink:href="#sSpan1295" value="ART"/>
		<feat xlink:href="#sSpan1299" value="N"/>
		<feat xlink:href="#sSpan1302" value="CPRET"/>
		<feat xlink:href="#sSpan1309" value="AAOR"/>
		<feat xlink:href="#sSpan1311" value="PPERS"/>
		<feat xlink:href="#sSpan1313" value="V"/>
		<feat xlink:href="#sSpan1315" value="N"/>
		<feat xlink:href="#sSpan1318" value="PINT"/>
		<feat xlink:href="#sSpan1323" value="NEG"/>
		<feat xlink:href="#sSpan1327" value="PUNCT"/>
		<feat xlink:href="#sSpan1331" value="PREP"/>
		<feat xlink:href="#sSpan1335" value="ART"/>
		<feat xlink:href="#sSpan1338" value="N"/>
		<feat xlink:href="#sSpan1340" value="PREP"/>
		<feat xlink:href="#sSpan1345" value="N"/>
		<feat xlink:href="#sSpan1348" value="PUNCT"/>
		<feat xlink:href="#sSpan1352" value="CONJ"/>
		<feat xlink:href="#sSpan1357" value="PPERS"/>
		<feat xlink:href="#sSpan1359" value="VSTAT"/>
		<feat xlink:href="#sSpan1362" value="CONJ"/>
		<feat xlink:href="#sSpan1367" value="ART"/>
		<feat xlink:href="#sSpan1372" value="N"/>
		<feat xlink:href="#sSpan1374" value="COP"/>
		<feat xlink:href="#sSpan1378" value="ADV"/>
		<feat xlink:href="#sSpan1383" value="COP"/>
		<feat xlink:href="#sSpan1387" value="ART"/>
		<feat xlink:href="#sSpan1392" value="N"/>
		<feat xlink:href="#sSpan1394" value="PREP"/>
		<feat xlink:href="#sSpan1399" value="N"/>
		<feat xlink:href="#sSpan1402" value="PUNCT"/>
		<feat xlink:href="#sSpan1406" value="PREP"/>
		<feat xlink:href="#sSpan1410" value="ART"/>
		<feat xlink:href="#sSpan1413" value="CREL"/>
		<feat xlink:href="#sSpan1415" value="APST"/>
		<feat xlink:href="#sSpan1417" value="PPERS"/>
		<feat xlink:href="#sSpan1419" value="V"/>
		<feat xlink:href="#sSpan1422" value="PPERO"/>
		<feat xlink:href="#sSpan1424" value="PUNCT"/>
		<feat xlink:href="#sSpan1428" value="CONJ"/>
		<feat xlink:href="#sSpan1433" value="ACONJ"/>
		<feat xlink:href="#sSpan1437" value="PPERS"/>
		<feat xlink:href="#sSpan1439" value="V"/>
		<feat xlink:href="#sSpan1443" value="ADV"/>
		<feat xlink:href="#sSpan1447" value="PUNCT"/>
		<feat xlink:href="#sSpan1451" value="PREP"/>
		<feat xlink:href="#sSpan1456" value="N"/>
		<feat xlink:href="#sSpan1460" value="CONJ"/>
		<feat xlink:href="#sSpan1464" value="APST"/>
		<feat xlink:href="#sSpan1466" value="PPERS"/>
		<feat xlink:href="#sSpan1468" value="V"/>
		<feat xlink:href="#sSpan1471" value="PPERO"/>
		<feat xlink:href="#sSpan1473" value="PREP"/>
		<feat xlink:href="#sSpan1477" value="PPERO"/>
		<feat xlink:href="#sSpan1479" value="PREP"/>
		<feat xlink:href="#sSpan1483" value="ART"/>
		<feat xlink:href="#sSpan1486" value="CREL"/>
		<feat xlink:href="#sSpan1489" value="APST"/>
		<feat xlink:href="#sSpan1491" value="PPERS"/>
		<feat xlink:href="#sSpan1493" value="V"/>
		<feat xlink:href="#sSpan1495" value="PPERO"/>
		<feat xlink:href="#sSpan1497" value="PREP"/>
		<feat xlink:href="#sSpan1501" value="PPERO"/>
		<feat xlink:href="#sSpan1503" value="ACONJ"/>
		<feat xlink:href="#sSpan1508" value="PPERS"/>
		<feat xlink:href="#sSpan1510" value="VSTAT"/>
		<feat xlink:href="#sSpan1512" value="PUNCT"/>
		<feat xlink:href="#sSpan1516" value="NEG"/>
		<feat xlink:href="#sSpan1520" value="PUNCT"/>
		<feat xlink:href="#sSpan1524" value="PREP"/>
		<feat xlink:href="#sSpan1528" value="N"/>
		<feat xlink:href="#sSpan1532" value="PUNCT"/>
		<feat xlink:href="#sSpan1537" value="ART"/>
		<feat xlink:href="#sSpan1546" value="N"/>
		<feat xlink:href="#sSpan1548" value="FUT"/>
		<feat xlink:href="#sSpan1550" value="V"/>
		<feat xlink:href="#sSpan1552" value="CONJ"/>
		<feat xlink:href="#sSpan1557" value="ACONJ"/>
		<feat xlink:href="#sSpan1561" value="PPERS"/>
		<feat xlink:href="#sSpan1564" value="V"/>
		<feat xlink:href="#sSpan1567" value="CONJ"/>
		<feat xlink:href="#sSpan1571" value="PINT"/>
		<feat xlink:href="#sSpan1573" value="ART"/>
		<feat xlink:href="#sSpan1578" value="CREL"/>
		<feat xlink:href="#sSpan1580" value="VSTAT"/>
		<feat xlink:href="#sSpan1583" value="PREP"/>
		<feat xlink:href="#sSpan1587" value="V"/>
		<feat xlink:href="#sSpan1589" value="PREP"/>
		<feat xlink:href="#sSpan1593" value="ART"/>
		<feat xlink:href="#sSpan1596" value="N"/>
		<feat xlink:href="#sSpan1601" value="PUNCT"/>
		<feat xlink:href="#sSpan1605" value="PREP"/>
		<feat xlink:href="#sSpan1609" value="PPERO"/>
		<feat xlink:href="#sSpan1611" value="PUNCT"/>
		<feat xlink:href="#sSpan1615" value="PREP"/>
		<feat xlink:href="#sSpan1619" value="ART"/>
		<feat xlink:href="#sSpan1622" value="N"/>
		<feat xlink:href="#sSpan1624" value="CCIRC"/>
		<feat xlink:href="#sSpan1629" value="PPERS"/>
		<feat xlink:href="#sSpan1631" value="FUT"/>
		<feat xlink:href="#sSpan1633" value="V"/>
		<feat xlink:href="#sSpan1635" value="PUNCT"/>
		<feat xlink:href="#sSpan1639" value="CONJ"/>
		<feat xlink:href="#sSpan1644" value="EXIST"/>
		<feat xlink:href="#sSpan1649" value="N"/>
		<feat xlink:href="#sSpan1652" value="CCIRC"/>
		<feat xlink:href="#sSpan1656" value="PPERS"/>
		<feat xlink:href="#sSpan1658" value="V"/>
		<feat xlink:href="#sSpan1661" value="PREP"/>
		<feat xlink:href="#sSpan1665" value="PPERO"/>
		<feat xlink:href="#sSpan1667" value="ANY"/>
		<feat xlink:href="#sSpan1672" value="PPERS"/>
		<feat xlink:href="#sSpan1674" value="V"/>
		<feat xlink:href="#sSpan1676" value="PUNCT"/>
		<feat xlink:href="#sSpan1680" value="CONJ"/>
		<feat xlink:href="#sSpan1685" value="CPRET"/>
		<feat xlink:href="#sSpan1687" value="PPERS"/>
		<feat xlink:href="#sSpan1689" value="FUT"/>
		<feat xlink:href="#sSpan1691" value="V"/>
		<feat xlink:href="#sSpan1694" value="PREP"/>
		<feat xlink:href="#sSpan1698" value="ART"/>
		<feat xlink:href="#sSpan1701" value="CREL"/>
		<feat xlink:href="#sSpan1703" value="APST"/>
		<feat xlink:href="#sSpan1705" value="PPERS"/>
		<feat xlink:href="#sSpan1707" value="V"/>
		<feat xlink:href="#sSpan1711" value="PPERO"/>
		<feat xlink:href="#sSpan1713" value="PREP"/>
		<feat xlink:href="#sSpan1717" value="PPERO"/>
		<feat xlink:href="#sSpan1719" value="CONJ"/>
		<feat xlink:href="#sSpan1724" value="PPERS"/>
		<feat xlink:href="#sSpan1728" value="FUT"/>
		<feat xlink:href="#sSpan1730" value="V"/>
		<feat xlink:href="#sSpan1732" value="ACONJ"/>
		<feat xlink:href="#sSpan1738" value="NEG"/>
		<feat xlink:href="#sSpan1740" value="ART"/>
		<feat xlink:href="#sSpan1743" value="CREL"/>
		<feat xlink:href="#sSpan1745" value="V"/>
		<feat xlink:href="#sSpan1747" value="PREP"/>
		<feat xlink:href="#sSpan1751" value="ART"/>
		<feat xlink:href="#sSpan1756" value="N"/>
		<feat xlink:href="#sSpan1759" value="ADV"/>
		<feat xlink:href="#sSpan1765" value="PREP"/>
		<feat xlink:href="#sSpan1769" value="ART"/>
		<feat xlink:href="#sSpan1772" value="N"/>
		<feat xlink:href="#sSpan1776" value="V"/>
		<feat xlink:href="#sSpan1780" value="PUNCT"/>
		<feat xlink:href="#sSpan1784" value="PREP"/>
		<feat xlink:href="#sSpan1789" value="PPERO"/>
		<feat xlink:href="#sSpan1791" value="PUNCT"/>
		<feat xlink:href="#sSpan1795" value="CONJ"/>
		<feat xlink:href="#sSpan1800" value="ART"/>
		<feat xlink:href="#sSpan1805" value="CREL"/>
		<feat xlink:href="#sSpan1808" value="PPERS"/>
		<feat xlink:href="#sSpan1810" value="V"/>
		<feat xlink:href="#sSpan1812" value="PREP"/>
		<feat xlink:href="#sSpan1816" value="ART"/>
		<feat xlink:href="#sSpan1819" value="N"/>
		<feat xlink:href="#sSpan1821" value="PUNCT"/>
		<feat xlink:href="#sSpan1825" value="ADV"/>
		<feat xlink:href="#sSpan1831" value="PREP"/>
		<feat xlink:href="#sSpan1836" value="PPERO"/>
		<feat xlink:href="#sSpan1838" value="PUNCT"/>
		<feat xlink:href="#sSpan1842" value="ACONJ"/>
		<feat xlink:href="#sSpan1846" value="PPERS"/>
		<feat xlink:href="#sSpan1848" value="NEG"/>
		<feat xlink:href="#sSpan1852" value="V"/>
		<feat xlink:href="#sSpan1855" value="PREP"/>
		<feat xlink:href="#sSpan1860" value="PPERO"/>
		<feat xlink:href="#sSpan1862" value="PUNCT"/>
		<feat xlink:href="#sSpan1867" value="CONJ"/>
		<feat xlink:href="#sSpan1872" value="CONJ"/>
		<feat xlink:href="#sSpan1876" value="ART"/>
		<feat xlink:href="#sSpan1878" value="PINT"/>
		<feat xlink:href="#sSpan1880" value="COP"/>
		<feat xlink:href="#sSpan1885" value="PUNCT"/>
		<feat xlink:href="#sSpan1890" value="CONJ"/>
		<feat xlink:href="#sSpan1894" value="CONJ"/>
		<feat xlink:href="#sSpan1898" value="ART"/>
		<feat xlink:href="#sSpan1900" value="PINT"/>
		<feat xlink:href="#sSpan1902" value="PREP"/>
		<feat xlink:href="#sSpan1907" value="N"/>
		<feat xlink:href="#sSpan1909" value="COP"/>
		<feat xlink:href="#sSpan1913" value="PUNCT"/>
		<feat xlink:href="#sSpan1917" value="PREP"/>
		<feat xlink:href="#sSpan1921" value="PPOS"/>
		<feat xlink:href="#sSpan1925" value="ART"/>
		<feat xlink:href="#sSpan1927" value="N"/>
		<feat xlink:href="#sSpan1929" value="PUNCT"/>
		<feat xlink:href="#sSpan1934" value="CCIRC"/>
		<feat xlink:href="#sSpan1941" value="NUM"/>
		<feat xlink:href="#sSpan1944" value="PUNCT"/>
		<feat xlink:href="#sSpan1948" value="FUT"/>
		<feat xlink:href="#sSpan1953" value="V"/>
		<feat xlink:href="#sSpan1955" value="PPERO"/>
		<feat xlink:href="#sSpan1957" value="ART"/>
		<feat xlink:href="#sSpan1963" value="PINT"/>
		<feat xlink:href="#sSpan1965" value="ART"/>
		<feat xlink:href="#sSpan1967" value="N"/>
		<feat xlink:href="#sSpan1969" value="PUNCT"/>
		<feat xlink:href="#sSpan1973" value="CONJ"/>
		<feat xlink:href="#sSpan1977" value="UNKNOWN"/>
		<feat xlink:href="#sSpan1979" value="UNKNOWN"/>
		<feat xlink:href="#sSpan1983" value="UNKNOWN"/>
		<feat xlink:href="#sSpan1989" value="UNKNOWN"/>
		<feat xlink:href="#sSpan1993" value="UNKNOWN"/>
		<feat xlink:href="#sSpan1997" value="VSTAT"/>
		<feat xlink:href="#sSpan2000" value="UNKNOWN"/>
		<feat xlink:href="#sSpan2004" value="UNKNOWN"/>
		<feat xlink:href="#sSpan2011" value="UNKNOWN"/>
		<feat xlink:href="#sSpan2015" value="UNKNOWN"/>
		<feat xlink:href="#sSpan2020" value="UNKNOWN"/>
		<feat xlink:href="#sSpan2024" value="UNKNOWN"/>
		<feat xlink:href="#sSpan2031" value="UNKNOWN"/>
		<feat xlink:href="#sSpan2035" value="UNKNOWN"/>
		<feat xlink:href="#sSpan2039" value="PUNCT"/>
		<feat xlink:href="#sSpan2043" value="UNKNOWN"/>
		<feat xlink:href="#sSpan2049" value="UNKNOWN"/>
		<feat xlink:href="#sSpan2053" value="UNKNOWN"/>
		<feat xlink:href="#sSpan2060" value="UNKNOWN"/>
		<feat xlink:href="#sSpan2064" value="UNKNOWN"/>
		<feat xlink:href="#sSpan2069" value="UNKNOWN"/>
		<feat xlink:href="#sSpan2073" value="UNKNOWN"/>
		<feat xlink:href="#sSpan2080" value="UNKNOWN"/>
		<feat xlink:href="#sSpan2084" value="UNKNOWN"/>
		<feat xlink:href="#sSpan2089" value="UNKNOWN"/>
		<feat xlink:href="#sSpan2093" value="UNKNOWN"/>
		<feat xlink:href="#sSpan2098" value="UNKNOWN"/>
		<feat xlink:href="#sSpan2102" value="UNKNOWN"/>
		<feat xlink:href="#sSpan2106" value="IMOD"/>
		<feat xlink:href="#sSpan2110" value="PPERO"/>
		<feat xlink:href="#sSpan2112" value="PUNCT"/>
		<feat xlink:href="#sSpan2117" value="UNKNOWN"/>
		<feat xlink:href="#sSpan2121" value="UNKNOWN"/>
		<feat xlink:href="#sSpan2128" value="UNKNOWN"/>
		<feat xlink:href="#sSpan2132" value="V"/>
		<feat xlink:href="#sSpan2137" value="PREP"/>
		<feat xlink:href="#sSpan2141" value="PPERO"/>
		<feat xlink:href="#sSpan2143" value="PUNCT"/>
		<feat xlink:href="#sSpan2147" value="CONJ"/></featList></paula>