<?xml version='1.0' encoding='UTF-8'?><!DOCTYPE paula SYSTEM "paula_feat.dtd">
<paula version="1.1">
	<header paula_id="scriptorium.GL09-10.mark_lang"/>
	<featList xmlns:xlink="http://www.w3.org/1999/xlink" type="lang" xml:base="scriptorium.GL09-10.mark.xml">
		<feat xlink:href="#sSpan55" value="Greek"/>
		<feat xlink:href="#sSpan69" value="Greek"/>
		<feat xlink:href="#sSpan93" value="Greek"/>
		<feat xlink:href="#sSpan172" value="Greek"/>
		<feat xlink:href="#sSpan192" value="Greek"/>
		<feat xlink:href="#sSpan286" value="Greek"/>
		<feat xlink:href="#sSpan329" value="Greek"/>
		<feat xlink:href="#sSpan534" value="Greek"/>
		<feat xlink:href="#sSpan828" value="Greek"/>
		<feat xlink:href="#sSpan881" value="Greek"/>
		<feat xlink:href="#sSpan974" value="Greek"/>
		<feat xlink:href="#sSpan1019" value="Greek"/>
		<feat xlink:href="#sSpan1075" value="Greek"/>
		<feat xlink:href="#sSpan1178" value="Greek"/>
		<feat xlink:href="#sSpan1286" value="Greek"/>
		<feat xlink:href="#sSpan1297" value="Greek"/>
		<feat xlink:href="#sSpan1360" value="Greek"/>
		<feat xlink:href="#sSpan1454" value="Greek"/>
		<feat xlink:href="#sSpan1562" value="Greek"/>
		<feat xlink:href="#sSpan1774" value="Greek"/>
		<feat xlink:href="#sSpan1850" value="Greek"/>
		<feat xlink:href="#sSpan1865" value="Greek"/>
		<feat xlink:href="#sSpan1888" value="Greek"/></featList></paula>