<?xml version='1.0' encoding='UTF-8'?><!DOCTYPE paula SYSTEM "paula_feat.dtd">
<paula version="1.1">
	<header paula_id="scriptorium.GL09-10.mark_hi_rend"/>
	<featList xmlns:xlink="http://www.w3.org/1999/xlink" type="hi_rend" xml:base="scriptorium.GL09-10.mark.xml">
		<feat xlink:href="#sSpan473" value="ekthetic"/>
		<feat xlink:href="#sSpan675" value="ekthetic"/>
		<feat xlink:href="#sSpan1018" value="ekthetic"/>
		<feat xlink:href="#sSpan1300" value="ekthetic"/>
		<feat xlink:href="#sSpan1535" value="ekthetic"/>
		<feat xlink:href="#sSpan1932" value="ekthetic"/></featList></paula>