<?xml version="1.0" encoding="UTF-8" standalone="no"?>

<!DOCTYPE paula SYSTEM "paula_mark.dtd">
<paula version="1.0">

<header paula_id="Abraham.YA518-520_merge_lbSeg"/>

<markList xmlns:xlink="http://www.w3.org/1999/xlink" type="lbSeg" xml:base="Abraham.YA518-520_merge.tok.xml">
<mark id="lb_1" xlink:href="#xpointer(id('tok_1')/range-to(id('tok_3')))"/><!-- ⲥⲟⲡ[.]...ϩⲟⲥⲟ⳯ -->
<mark id="lb_4" xlink:href="#xpointer(id('tok_4')/range-to(id('tok_8')))"/><!-- ⲉ...ⲻ -->
<mark id="lb_9" xlink:href="#tok_9"/><!-- ⳾ -->
<mark id="lb_10" xlink:href="#xpointer(id('tok_10')/range-to(id('tok_12')))"/><!-- ⲥⲉⲛⲟⲩⲑⲓⲟⲩ...: -->
<mark id="lb_13" xlink:href="#tok_13"/><!-- ⳾ -->
<mark id="lb_14" xlink:href="#xpointer(id('tok_14')/range-to(id('tok_15')))"/><!-- Ⲁⲃⲣⲁϩⲁⲙ`...ⲡⲉⲛ -->
<mark id="lb_16" xlink:href="#xpointer(id('tok_16')/range-to(id('tok_19')))"/><!-- ⲉⲓⲱⲧ`...ⲟⲩ -->
<mark id="lb_20" xlink:href="#xpointer(id('tok_20')/range-to(id('tok_23')))"/><!-- ⲱϣ`...ⲧⲣⲉ -->
<mark id="lb_24" xlink:href="#xpointer(id('tok_24')/range-to(id('tok_26')))"/><!-- ϩⲉⲛ...ϣⲱ -->
<mark id="lb_27" xlink:href="#xpointer(id('tok_27')/range-to(id('tok_31')))"/><!-- ⲡⲉ...ϩ︤ⲛ︥ -->
<mark id="lb_32" xlink:href="#xpointer(id('tok_32')/range-to(id('tok_34')))"/><!-- ⲥⲁⲣⲣⲁ`...ⲁⲩⲱ -->
<mark id="lb_35" xlink:href="#xpointer(id('tok_35')/range-to(id('tok_38')))"/><!-- ⲥⲁⲣⲣⲁ...ⲟⲩ -->
<mark id="lb_39" xlink:href="#xpointer(id('tok_39')/range-to(id('tok_43')))"/><!-- ⲱϣ...ⲧⲣⲉ -->
<mark id="lb_44" xlink:href="#xpointer(id('tok_44')/range-to(id('tok_46')))"/><!-- ϩⲉⲛ...ϣⲱ -->
<mark id="lb_47" xlink:href="#xpointer(id('tok_47')/range-to(id('tok_50')))"/><!-- ⲡⲉ`...ⲉⲃⲟⲗ -->
<mark id="lb_51" xlink:href="#xpointer(id('tok_51')/range-to(id('tok_53')))"/><!-- ϩ︤ⲛ︥...· -->
<mark id="lb_54" xlink:href="#xpointer(id('tok_54')/range-to(id('tok_58')))"/><!-- ⲁⲩⲱ...ⲉ -->
<mark id="lb_59" xlink:href="#xpointer(id('tok_59')/range-to(id('tok_62')))"/><!-- ⲛ̄ⲧ...ϫⲟⲉⲓⲥ -->
<mark id="lb_63" xlink:href="#xpointer(id('tok_63')/range-to(id('tok_66')))"/><!-- ⲡ...ⲛ̄ -->
<mark id="lb_67" xlink:href="#xpointer(id('tok_67')/range-to(id('tok_70')))"/><!-- ⲟⲩ...ⲁ -->
<mark id="lb_71" xlink:href="#xpointer(id('tok_71')/range-to(id('tok_73')))"/><!-- ⲃⲣⲁϩⲁⲙ`...ⲧⲉϥ -->
<mark id="lb_74" xlink:href="#xpointer(id('tok_74')/range-to(id('tok_76')))"/><!-- ⲙ︤ⲛ︦ⲧ︥...· -->
<mark id="lb_77" xlink:href="#xpointer(id('tok_77')/range-to(id('tok_82')))"/><!-- ⲉ...ⲓ̈ⲥⲁ -->
<mark id="lb_83" xlink:href="#xpointer(id('tok_83')/range-to(id('tok_86')))"/><!-- ⲁⲕ`...ⲥⲁⲣ -->
<mark id="lb_87" xlink:href="#xpointer(id('tok_87')/range-to(id('tok_90')))"/><!-- ⲣⲁ`...ⲙ︤ⲛ︦ⲧ︥ -->
<mark id="lb_91" xlink:href="#xpointer(id('tok_91')/range-to(id('tok_94')))"/><!-- ϩ︤ⲗ︥ⲗⲱ̂...ϥ -->
<mark id="lb_95" xlink:href="#xpointer(id('tok_95')/range-to(id('tok_98')))"/><!-- ϣⲱⲡⲉ...ⲛ̄ -->
<mark id="lb_99" xlink:href="#xpointer(id('tok_99')/range-to(id('tok_102')))"/><!-- ⲟⲩ...ⲙⲉ -->
<mark id="lb_103" xlink:href="#xpointer(id('tok_103')/range-to(id('tok_108')))"/><!-- ⲣⲓⲧ`...ⲟⲩ -->
<mark id="lb_109" xlink:href="#xpointer(id('tok_109')/range-to(id('tok_112')))"/><!-- ⲧⲃⲁ`...ⲉ -->
<mark id="lb_113" xlink:href="#xpointer(id('tok_113')/range-to(id('tok_115')))"/><!-- ⲟⲩⲁ`...· -->
<mark id="lb_116" xlink:href="#tok_116"/><!-- ⲉⲃ[........] -->
<mark id="lb_117" xlink:href="#tok_117"/><!-- ⲟⲩⲇ[.......] -->
<mark id="lb_118" xlink:href="#xpointer(id('tok_118')/range-to(id('tok_120')))"/><!-- ⲡⲉ...ⲉ̣[.....] -->
<mark id="lb_121" xlink:href="#xpointer(id('tok_121')/range-to(id('tok_123')))"/><!-- ⲛ̄ⲥⲁ...[.....] -->
<mark id="lb_124" xlink:href="#xpointer(id('tok_124')/range-to(id('tok_128')))"/><!-- ⲛ̄ⲧ...ⲉⲃⲟ̣[ⲗ] -->
<mark id="lb_129" xlink:href="#xpointer(id('tok_129')/range-to(id('tok_132')))"/><!-- ϩⲛ̄...· -->
<mark id="lb_133" xlink:href="#xpointer(id('tok_133')/range-to(id('tok_137')))"/><!-- ⲉ...ⲇⲉ -->
<mark id="lb_138" xlink:href="#xpointer(id('tok_138')/range-to(id('tok_142')))"/><!-- ⲟⲛ`...ⲛ̄ -->
<mark id="lb_143" xlink:href="#xpointer(id('tok_143')/range-to(id('tok_148')))"/><!-- ⲧ...· -->
<mark id="lb_149" xlink:href="#xpointer(id('tok_149')/range-to(id('tok_152')))"/><!-- ⲁⲩⲱ...ϩⲉ` -->
<mark id="lb_153" xlink:href="#xpointer(id('tok_153')/range-to(id('tok_155')))"/><!-- ⲁ...ⲕⲗⲏⲣⲟⲛⲟⲙⲓ -->
<mark id="lb_156" xlink:href="#xpointer(id('tok_156')/range-to(id('tok_158')))"/><!-- ⲛ̄...ⲕⲗⲏⲣⲟⲛⲟ -->
<mark id="lb_159" xlink:href="#xpointer(id('tok_159')/range-to(id('tok_162')))"/><!-- ⲙⲓⲁ`...ⲉⲓⲟ -->
<mark id="lb_163" xlink:href="#xpointer(id('tok_163')/range-to(id('tok_167')))"/><!-- ⲧⲉ...⳯ -->
<mark id="lb_168" xlink:href="#xpointer(id('tok_168')/range-to(id('tok_174')))"/><!-- ⲧ...ⲁ -->
<mark id="lb_175" xlink:href="#xpointer(id('tok_175')/range-to(id('tok_176')))"/><!-- ⲃⲣⲁϩⲁⲙ`...ⲉⲃⲟⲗ -->
<mark id="lb_177" xlink:href="#xpointer(id('tok_177')/range-to(id('tok_179')))"/><!-- ϩⲓⲧ︤ⲙ︥...ⲛⲟⲩⲧⲉ -->
<mark id="lb_180" xlink:href="#xpointer(id('tok_180')/range-to(id('tok_183')))"/><!-- ϫⲉ...ⲙ︥ⲙⲁⲩ -->
<mark id="lb_184" xlink:href="#xpointer(id('tok_184')/range-to(id('tok_185')))"/><!-- ⲉⲧⲉ...ⲓ̈ⲥⲙⲁⲏⲗ -->
<mark id="lb_186" xlink:href="#xpointer(id('tok_186')/range-to(id('tok_190')))"/><!-- ⲡⲉ`...ⲕⲗⲏ -->
<mark id="lb_191" xlink:href="#xpointer(id('tok_191')/range-to(id('tok_192')))"/><!-- ⲣⲟⲛⲟⲙⲉⲓ`...ⲙ̄ -->
<mark id="lb_193" xlink:href="#xpointer(id('tok_193')/range-to(id('tok_196')))"/><!-- ⲙⲟ...· -->
<mark id="lb_197" xlink:href="#xpointer(id('tok_197')/range-to(id('tok_200')))"/><!-- Ⲡⲗⲏⲛ...ⲥⲙⲟⲩ -->
<mark id="lb_201" xlink:href="#xpointer(id('tok_201')/range-to(id('tok_205')))"/><!-- ⲇⲉ...ⲉ -->
<mark id="lb_206" xlink:href="#xpointer(id('tok_206')/range-to(id('tok_209')))"/><!-- ⲧⲃⲏⲏⲧ︤...ⲁⲩ -->
<mark id="lb_210" xlink:href="#xpointer(id('tok_210')/range-to(id('tok_213')))"/><!-- ⲝⲁⲛⲉ`...ⲉ -->
<mark id="lb_214" xlink:href="#xpointer(id('tok_214')/range-to(id('tok_218')))"/><!-- ⲙⲁⲧⲉ...ϥ -->
<mark id="lb_219" xlink:href="#xpointer(id('tok_219')/range-to(id('tok_223')))"/><!-- ⲛ̄...ϩⲉ -->
<mark id="lb_224" xlink:href="#xpointer(id('tok_224')/range-to(id('tok_228')))"/><!-- ⲑⲛⲟⲥ`...· -->
<mark id="lb_229" xlink:href="#xpointer(id('tok_229')/range-to(id('tok_232')))"/><!-- ⲁⲩⲱ...ⲛⲏⲩ -->
<mark id="lb_233" xlink:href="#xpointer(id('tok_233')/range-to(id('tok_236')))"/><!-- ⲉⲃⲟⲗ...· -->
<mark id="lb_237" xlink:href="#xpointer(id('tok_237')/range-to(id('tok_239')))"/><!-- [....]ⲥ̣...ⲓ̈ⲥⲁⲁⲕ` -->
<mark id="lb_240" xlink:href="#xpointer(id('tok_240')/range-to(id('tok_243')))"/><!-- [...]ϥ̣...ⲛⲁ -->
<mark id="lb_244" xlink:href="#tok_244"/><!-- [ⲕⲗⲏ]ⲣⲟⲛⲟⲙⲉⲓ -->
<mark id="lb_245" xlink:href="#xpointer(id('tok_245')/range-to(id('tok_247')))"/><!-- ⲙ̄ⲙⲟ...· -->
<mark id="lb_248" xlink:href="#xpointer(id('tok_248')/range-to(id('tok_252')))"/><!-- Ⲉⲧⲃⲉ...ⲥ -->
<mark id="lb_253" xlink:href="#xpointer(id('tok_253')/range-to(id('tok_256')))"/><!-- ϫⲟⲟ...ⲟⲩ -->
<mark id="lb_257" xlink:href="#xpointer(id('tok_257')/range-to(id('tok_258')))"/><!-- ⲡⲁⲣⲣⲏⲥⲓⲁ`...ϩ︤ⲙ︥ -->
<mark id="lb_259" xlink:href="#xpointer(id('tok_259')/range-to(id('tok_261')))"/><!-- ⲡ...ⲙ̄ -->
<mark id="lb_262" xlink:href="#xpointer(id('tok_262')/range-to(id('tok_264')))"/><!-- ⲡ...ⲛ̄ϭⲓ -->
<mark id="lb_265" xlink:href="#xpointer(id('tok_265')/range-to(id('tok_269')))"/><!-- ⲧ...ϣⲏ -->
<mark id="lb_270" xlink:href="#xpointer(id('tok_270')/range-to(id('tok_273')))"/><!-- ⲣⲉ`...ⲛ̄ⲧⲟ -->
<mark id="lb_274" xlink:href="#xpointer(id('tok_274')/range-to(id('tok_278')))"/><!-- ⲟⲧ︤...ⲛⲟⲩ -->
<mark id="lb_279" xlink:href="#xpointer(id('tok_279')/range-to(id('tok_282')))"/><!-- ϫⲉ...ⲧⲉⲓ̈ -->
<mark id="lb_283" xlink:href="#xpointer(id('tok_283')/range-to(id('tok_285')))"/><!-- ϩ︤ⲙ︥ϩⲁⲗ...ⲡⲉⲥ -->
<mark id="lb_286" xlink:href="#xpointer(id('tok_286')/range-to(id('tok_289')))"/><!-- ϣⲏⲣⲉ...ϥ -->
<mark id="lb_290" xlink:href="#tok_290"/><!-- ⲕⲗⲏⲣⲟⲛⲟⲙⲉⲓ` -->
<mark id="lb_291" xlink:href="#xpointer(id('tok_291')/range-to(id('tok_294')))"/><!-- ⲅⲁⲣ...ϣⲏ -->
<mark id="lb_295" xlink:href="#xpointer(id('tok_295')/range-to(id('tok_298')))"/><!-- ⲣⲉ`...ϩ︤ⲙ︥ -->
<mark id="lb_299" xlink:href="#xpointer(id('tok_299')/range-to(id('tok_302')))"/><!-- ϩⲁⲗ`...ϣⲏ -->
<mark id="lb_303" xlink:href="#xpointer(id('tok_303')/range-to(id('tok_305')))"/><!-- ⲣⲉ...· -->
<mark id="lb_306" xlink:href="#xpointer(id('tok_306')/range-to(id('tok_309')))"/><!-- Ⲓ̈ⲥⲁⲁⲕ`...ⲧⲱ -->
<mark id="lb_310" xlink:href="#xpointer(id('tok_310')/range-to(id('tok_313')))"/><!-- ⲃ︤ϩ︥...ϫⲟⲉⲓⲥ -->
<mark id="lb_314" xlink:href="#xpointer(id('tok_314')/range-to(id('tok_318')))"/><!-- ⲡⲉ...ⲟⲩ -->
<mark id="lb_319" xlink:href="#xpointer(id('tok_319')/range-to(id('tok_322')))"/><!-- ⲱϣ`...ϩⲉⲛ -->
<mark id="lb_323" xlink:href="#xpointer(id('tok_323')/range-to(id('tok_324')))"/><!-- ϣⲏⲣⲉ`...ϣⲱ -->
<mark id="lb_325" xlink:href="#xpointer(id('tok_325')/range-to(id('tok_328')))"/><!-- ⲡⲉ...ⲉⲃⲟⲗ -->
<mark id="lb_329" xlink:href="#xpointer(id('tok_329')/range-to(id('tok_331')))"/><!-- ϩ︤ⲛ︥...· -->
<mark id="lb_332" xlink:href="#xpointer(id('tok_332')/range-to(id('tok_333')))"/><!-- ⲁⲩⲱ...ϩⲣⲉⲃⲉⲕ -->
<mark id="lb_334" xlink:href="#xpointer(id('tok_334')/range-to(id('tok_337')))"/><!-- ⲕⲁ`...ⲟⲩⲱϣ` -->
<mark id="lb_338" xlink:href="#xpointer(id('tok_338')/range-to(id('tok_341')))"/><!-- ⲉ...ϣⲏ -->
<mark id="lb_342" xlink:href="#xpointer(id('tok_342')/range-to(id('tok_345')))"/><!-- ⲣⲉ...ⲥ -->
<mark id="lb_346" xlink:href="#xpointer(id('tok_346')/range-to(id('tok_348')))"/><!-- ⲉⲃⲟⲗ...ⲓ̈ⲥⲁ -->
<mark id="lb_349" xlink:href="#xpointer(id('tok_349')/range-to(id('tok_351')))"/><!-- ⲁⲕ...ⲁⲩⲱ -->
<mark id="lb_352" xlink:href="#xpointer(id('tok_352')/range-to(id('tok_357')))"/><!-- Ⲧⲁⲓ̈...ⲁ -->
<mark id="lb_358" xlink:href="#xpointer(id('tok_358')/range-to(id('tok_361')))"/><!-- ⲡ...ⲛⲟⲩ -->
<mark id="lb_362" xlink:href="#xpointer(id('tok_362')/range-to(id('tok_366')))"/><!-- ⲧⲉ`...ⲕⲁ -->
<mark id="lb_367" xlink:href="#xpointer(id('tok_367')/range-to(id('tok_370')))"/><!-- ⲧⲁ...· -->
<mark id="lb_371" xlink:href="#xpointer(id('tok_371')/range-to(id('tok_375')))"/><!-- ⲉ...ⲉ -->
<mark id="lb_376" xlink:href="#xpointer(id('tok_376')/range-to(id('tok_379')))"/><!-- ⲃⲟⲗ...ⲁⲓ -->
<mark id="lb_380" xlink:href="#xpointer(id('tok_380')/range-to(id('tok_383')))"/><!-- ⲧⲏⲙⲁ...· -->
<mark id="lb_384" xlink:href="#xpointer(id('tok_384')/range-to(id('tok_389')))"/><!-- ⲉ...ⲏ̂ -->
<mark id="lb_390" xlink:href="#xpointer(id('tok_390')/range-to(id('tok_394')))"/><!-- ⲥⲁⲩ`...· -->
<mark id="lb_395" xlink:href="#xpointer(id('tok_395')/range-to(id('tok_398')))"/><!-- ⲉ...ⲇⲉ -->
<mark id="lb_399" xlink:href="#xpointer(id('tok_399')/range-to(id('tok_403')))"/><!-- ⲥⲙⲟⲩ...· -->
<mark id="lb_404" xlink:href="#xpointer(id('tok_404')/range-to(id('tok_405')))"/><!-- ⲉⲃⲟⲗ...ϩⲓⲧ︤ⲙ︥ -->
<mark id="lb_406" xlink:href="#xpointer(id('tok_406')/range-to(id('tok_409')))"/><!-- ⲡ...ϩ︤ⲙ︥ -->
<mark id="lb_410" xlink:href="#xpointer(id('tok_410')/range-to(id('tok_412')))"/><!-- ⲡ...ⲛ̄ -->
<mark id="lb_413" xlink:href="#tok_413"/><!-- ϩⲣⲉⲃⲉⲕⲕⲁ -->
<mark id="lb_414" xlink:href="#xpointer(id('tok_414')/range-to(id('tok_418')))"/><!-- ⲧ...ⲃ -->
<mark id="lb_419" xlink:href="#xpointer(id('tok_419')/range-to(id('tok_422')))"/><!-- ⲉ...ϣⲱ -->
<mark id="lb_423" xlink:href="#xpointer(id('tok_423')/range-to(id('tok_425')))"/><!-- ⲡⲉ`...ϩ︤ⲙ︥ϩⲁⲗ -->
<mark id="lb_426" xlink:href="#xpointer(id('tok_426')/range-to(id('tok_428')))"/><!-- ⲛ̄...ⲕⲁⲧⲁ -->
<mark id="lb_429" xlink:href="#xpointer(id('tok_429')/range-to(id('tok_430')))"/><!-- ⲛⲉ...ⲅⲣⲁⲫⲏ -->
<mark id="lb_431" xlink:href="#xpointer(id('tok_431')/range-to(id('tok_434')))"/><!-- ϫⲉ...ⲛⲁ -->
<mark id="lb_435" xlink:href="#xpointer(id('tok_435')/range-to(id('tok_439')))"/><!-- ⲣ̂...ⲕⲟⲩⲓ̈ -->
<mark id="lb_440" xlink:href="#xpointer(id('tok_440')/range-to(id('tok_443')))"/><!-- ⲁⲩⲱ...ⲓ̈ⲁ -->
<mark id="lb_444" xlink:href="#xpointer(id('tok_444')/range-to(id('tok_447')))"/><!-- ⲕⲱⲃ`...ⲙⲉⲣⲓ -->
<mark id="lb_448" xlink:href="#xpointer(id('tok_448')/range-to(id('tok_451')))"/><!-- ⲧ︤...ⲇⲉ -->
<mark id="lb_452" xlink:href="#xpointer(id('tok_452')/range-to(id('tok_456')))"/><!-- ⲁ...· -->
<mark id="lb_457" xlink:href="#xpointer(id('tok_457')/range-to(id('tok_460')))"/><!-- Ⲓ̈ⲁⲕⲱⲃ...ϥ -->
<mark id="lb_461" xlink:href="#xpointer(id('tok_461')/range-to(id('tok_463')))"/><!-- ⲟⲩⲱϣ...ⲉ -->
<mark id="lb_464" xlink:href="#xpointer(id('tok_464')/range-to(id('tok_466')))"/><!-- ⲧⲣⲉ...ϣⲏ -->
<mark id="lb_467" xlink:href="#xpointer(id('tok_467')/range-to(id('tok_470')))"/><!-- ⲣⲉ`...ϥ -->
<mark id="lb_471" xlink:href="#xpointer(id('tok_471')/range-to(id('tok_474')))"/><!-- ⲉⲃⲟⲗ...· -->
<mark id="lb_475" xlink:href="#xpointer(id('tok_475')/range-to(id('tok_482')))"/><!-- ⲛ̄...ⲩ -->
<mark id="lb_483" xlink:href="#xpointer(id('tok_483')/range-to(id('tok_486')))"/><!-- ϣⲱⲡⲉ...ⲉ -->
<mark id="lb_487" xlink:href="#xpointer(id('tok_487')/range-to(id('tok_490')))"/><!-- ⲃⲟⲗ...· -->
<mark id="lb_491" xlink:href="#xpointer(id('tok_491')/range-to(id('tok_495')))"/><!-- ⲙ︤ⲛ︥...ⲩ -->
<mark id="lb_496" xlink:href="#xpointer(id('tok_496')/range-to(id('tok_498')))"/><!-- ϣⲱⲡⲉ...ϥ -->
<mark id="lb_499" xlink:href="#xpointer(id('tok_499')/range-to(id('tok_501')))"/><!-- ⲉⲃⲟⲗ...ⲍⲉⲗ -->
<mark id="lb_502" xlink:href="#xpointer(id('tok_502')/range-to(id('tok_505')))"/><!-- ⲫⲁ...· -->
<mark id="lb_506" xlink:href="#xpointer(id('tok_506')/range-to(id('tok_509')))"/><!-- Ϩⲣⲁⲭⲏⲗ`...ⲥ -->
<mark id="lb_510" xlink:href="#xpointer(id('tok_510')/range-to(id('tok_512')))"/><!-- ⲟⲩⲱϣ...ⲧⲣⲉ -->
<mark id="lb_513" xlink:href="#xpointer(id('tok_513')/range-to(id('tok_514')))"/><!-- ϩⲉⲛ...ϣⲏⲣⲉ -->
<mark id="lb_515" xlink:href="#xpointer(id('tok_515')/range-to(id('tok_517')))"/><!-- ϣⲱⲡⲉ...ⲥ -->
<mark id="lb_518" xlink:href="#xpointer(id('tok_518')/range-to(id('tok_520')))"/><!-- ⲉⲃⲟⲗ...ⲓ̈ⲁ -->
<mark id="lb_521" xlink:href="#xpointer(id('tok_521')/range-to(id('tok_523')))"/><!-- ⲕⲱⲃ`...ⲁⲩⲱ -->
<mark id="lb_524" xlink:href="#xpointer(id('tok_524')/range-to(id('tok_527')))"/><!-- ⲛⲉ...ⲛ̄ -->
<mark id="lb_528" xlink:href="#xpointer(id('tok_528')/range-to(id('tok_532')))"/><!-- ϩⲏⲧ...ϭ︤ⲛ︥ -->
<mark id="lb_533" xlink:href="#xpointer(id('tok_533')/range-to(id('tok_535')))"/><!-- ⲁⲣⲓⲕⲉ...ⲓ̈ⲁⲕⲱⲃ` -->
<mark id="lb_536" xlink:href="#xpointer(id('tok_536')/range-to(id('tok_538')))"/><!-- ϩ︤ⲛ︥...ⲙ︤ⲛ︦ⲧ︥ -->
<mark id="lb_539" xlink:href="#xpointer(id('tok_539')/range-to(id('tok_541')))"/><!-- ⲁ...ϩ︤ⲙ︥ -->
<mark id="lb_542" xlink:href="#xpointer(id('tok_542')/range-to(id('tok_546')))"/><!-- ⲡ...ⲙ -->
<mark id="lb_547" xlink:href="#xpointer(id('tok_547')/range-to(id('tok_550')))"/><!-- ⲕⲁϩ`...ϫⲉ -->
<mark id="lb_551" xlink:href="#xpointer(id('tok_551')/range-to(id('tok_555')))"/><!-- ⲙⲁ...ϩⲉⲛ -->
<mark id="lb_556" xlink:href="#xpointer(id('tok_556')/range-to(id('tok_558')))"/><!-- ϣⲏⲣⲉ`...ϣⲱ -->
<mark id="lb_559" xlink:href="#xpointer(id('tok_559')/range-to(id('tok_561')))"/><!-- ⲡⲉ...ϯ -->
<mark id="lb_562" xlink:href="#xpointer(id('tok_562')/range-to(id('tok_564')))"/><!-- ⲛⲁ...· -->
<mark id="lb_565" xlink:href="#xpointer(id('tok_565')/range-to(id('tok_568')))"/><!-- Ⲁⲩⲱ...ϥ -->
<mark id="lb_569" xlink:href="#xpointer(id('tok_569')/range-to(id('tok_573')))"/><!-- ϫⲱ...ⲥ -->
<mark id="lb_574" xlink:href="#xpointer(id('tok_574')/range-to(id('tok_577')))"/><!-- ⲡⲉ...ⲟⲩⲟⲗ︤ⲥ︥ -->
<mark id="lb_578" xlink:href="#xpointer(id('tok_578')/range-to(id('tok_582')))"/><!-- ⲛ̄...ⲙⲏ` -->
<mark id="lb_583" xlink:href="#xpointer(id('tok_583')/range-to(id('tok_585')))"/><!-- ⲁⲛ︤ⲅ︥...ϫⲟⲉⲓⲥ -->
<mark id="lb_586" xlink:href="#xpointer(id('tok_586')/range-to(id('tok_587')))"/><!-- ⲁⲛⲟⲕ...ⲡⲁ̣[…] -->
<mark id="lb_588" xlink:href="#xpointer(id('tok_588')/range-to(id('tok_590')))"/><!-- ϥⲟϭⲉ`...ⲡ̣[…] -->
<mark id="lb_591" xlink:href="#xpointer(id('tok_591')/range-to(id('tok_594')))"/><!-- ⲡⲟⲥ...·̣ -->
<mark id="lb_595" xlink:href="#xpointer(id('tok_595')/range-to(id('tok_599')))"/><!-- ⲁⲩⲱ...ϫⲉ -->
<mark id="lb_600" xlink:href="#xpointer(id('tok_600')/range-to(id('tok_603')))"/><!-- ⲡⲁⲓ̈...ⲛⲟⲩ -->
<mark id="lb_604" xlink:href="#xpointer(id('tok_604')/range-to(id('tok_606')))"/><!-- ϭ︤ⲥ︥...ⲓ̈ⲁⲕⲱⲃ` -->
<mark id="lb_607" xlink:href="#xpointer(id('tok_607')/range-to(id('tok_610')))"/><!-- ⲉⲃⲟⲗ...ϥ -->
<mark id="lb_611" xlink:href="#xpointer(id('tok_611')/range-to(id('tok_612')))"/><!-- ⲟⲩⲱϣ`...ϩⲱ -->
<mark id="lb_613" xlink:href="#xpointer(id('tok_613')/range-to(id('tok_618')))"/><!-- ⲱ...ⲧⲣⲉ -->
<mark id="lb_619" xlink:href="#xpointer(id('tok_619')/range-to(id('tok_620')))"/><!-- ϩⲉⲛ...ϣⲏⲣⲉ -->
<mark id="lb_621" xlink:href="#xpointer(id('tok_621')/range-to(id('tok_624')))"/><!-- ϣⲱⲡⲉ...ⲉ -->
<mark id="lb_625" xlink:href="#xpointer(id('tok_625')/range-to(id('tok_627')))"/><!-- ⲃⲟⲗ`...ϩⲣⲁⲭⲏⲗ` -->
<mark id="lb_628" xlink:href="#xpointer(id('tok_628')/range-to(id('tok_631')))"/><!-- ⲁⲩⲱ...ϩⲉ` -->
<mark id="lb_632" xlink:href="#xpointer(id('tok_632')/range-to(id('tok_634')))"/><!-- ⲁ...ⲛⲟⲩⲧⲉ -->
<mark id="lb_635" xlink:href="#xpointer(id('tok_635')/range-to(id('tok_638')))"/><!-- ⲛⲁⲩ...ⲙ̄ -->
<mark id="lb_639" xlink:href="#xpointer(id('tok_639')/range-to(id('tok_644')))"/><!-- ⲕⲁϩ`...ϯ -->
<mark id="lb_645" xlink:href="#xpointer(id('tok_645')/range-to(id('tok_647')))"/><!-- ⲛ̄...ϣⲏⲣⲉ -->
<mark id="lb_648" xlink:href="#xpointer(id('tok_648')/range-to(id('tok_650')))"/><!-- ⲛ̄...ⲉⲃⲟⲗ -->
<mark id="lb_651" xlink:href="#xpointer(id('tok_651')/range-to(id('tok_653')))"/><!-- ϩ︤ⲛ︥...· -->
<mark id="lb_654" xlink:href="#xpointer(id('tok_654')/range-to(id('tok_655')))"/><!-- ⲓ̈ⲱⲥⲏⲫ`...ⲙ︤ⲛ︥ -->
<mark id="lb_656" xlink:href="#xpointer(id('tok_656')/range-to(id('tok_657')))"/><!-- ⲃⲉⲛⲓⲁⲙⲓⲛ`...· -->
<mark id="lb_658" xlink:href="#xpointer(id('tok_658')/range-to(id('tok_661')))"/><!-- Ⲁⲩⲱ...ϥ -->
<mark id="lb_662" xlink:href="#xpointer(id('tok_662')/range-to(id('tok_664')))"/><!-- ⲥⲙⲟⲩ`...ⲛⲉϥ -->
<mark id="lb_665" xlink:href="#xpointer(id('tok_665')/range-to(id('tok_667')))"/><!-- ϣⲏⲣⲉ...ⲟⲩ -->
<mark id="lb_668" xlink:href="#xpointer(id('tok_668')/range-to(id('tok_669')))"/><!-- ⲉⲃⲟⲗ...ϩⲓⲧ︤ⲙ︥ -->
<mark id="lb_670" xlink:href="#xpointer(id('tok_670')/range-to(id('tok_673')))"/><!-- ⲡ...ⲛⲟⲩ -->
<mark id="lb_674" xlink:href="#xpointer(id('tok_674')/range-to(id('tok_679')))"/><!-- ⲧⲉ...ϥ -->
<mark id="lb_680" xlink:href="#xpointer(id('tok_680')/range-to(id('tok_682')))"/><!-- ⲥⲙⲟⲩ`...ⲁⲃⲣⲁ -->
<mark id="lb_683" xlink:href="#xpointer(id('tok_683')/range-to(id('tok_685')))"/><!-- ϩⲁⲙ`...ⲓ̈ⲥⲁⲁⲕ` -->
<mark id="lb_686" xlink:href="#xpointer(id('tok_686')/range-to(id('tok_688')))"/><!-- ⲙ︤ⲛ︥...· -->
<mark id="lb_689" xlink:href="#xpointer(id('tok_689')/range-to(id('tok_691')))"/><!-- ⲙ︤ⲛ︥...ϣⲏⲣⲉ -->
</markList>
</paula>
