<?xml version="1.0" encoding="UTF-8" standalone="no"?>

<!DOCTYPE paula SYSTEM "paula_feat.dtd">
<paula version="1.0">

<header paula_id="Abraham.YA518-520_merge_lb"/>

<featList xmlns:xlink="http://www.w3.org/1999/xlink" type="lb" xml:base="Abraham.YA518-520_merge.lbSeg.xml">
<feat xlink:href="#lb_1" value="lb"/><!-- ⲥⲟⲡ[.] -->
<feat xlink:href="#lb_4" value="lb"/><!-- ⲉ -->
<feat xlink:href="#lb_9" value="lb"/><!-- ⳾ -->
<feat xlink:href="#lb_10" value="lb"/><!-- ⲥⲉⲛⲟⲩⲑⲓⲟⲩ -->
<feat xlink:href="#lb_13" value="lb"/><!-- ⳾ -->
<feat xlink:href="#lb_14" value="lb"/><!-- Ⲁⲃⲣⲁϩⲁⲙ` -->
<feat xlink:href="#lb_16" value="lb"/><!-- ⲉⲓⲱⲧ` -->
<feat xlink:href="#lb_20" value="lb"/><!-- ⲱϣ` -->
<feat xlink:href="#lb_24" value="lb"/><!-- ϩⲉⲛ -->
<feat xlink:href="#lb_27" value="lb"/><!-- ⲡⲉ -->
<feat xlink:href="#lb_32" value="lb"/><!-- ⲥⲁⲣⲣⲁ` -->
<feat xlink:href="#lb_35" value="lb"/><!-- ⲥⲁⲣⲣⲁ -->
<feat xlink:href="#lb_39" value="lb"/><!-- ⲱϣ -->
<feat xlink:href="#lb_44" value="lb"/><!-- ϩⲉⲛ -->
<feat xlink:href="#lb_47" value="lb"/><!-- ⲡⲉ` -->
<feat xlink:href="#lb_51" value="lb"/><!-- ϩ︤ⲛ︥ -->
<feat xlink:href="#lb_54" value="lb"/><!-- ⲁⲩⲱ -->
<feat xlink:href="#lb_59" value="lb"/><!-- ⲛ̄ⲧ -->
<feat xlink:href="#lb_63" value="lb"/><!-- ⲡ -->
<feat xlink:href="#lb_67" value="lb"/><!-- ⲟⲩ -->
<feat xlink:href="#lb_71" value="lb"/><!-- ⲃⲣⲁϩⲁⲙ` -->
<feat xlink:href="#lb_74" value="lb"/><!-- ⲙ︤ⲛ︦ⲧ︥ -->
<feat xlink:href="#lb_77" value="lb"/><!-- ⲉ -->
<feat xlink:href="#lb_83" value="lb"/><!-- ⲁⲕ` -->
<feat xlink:href="#lb_87" value="lb"/><!-- ⲣⲁ` -->
<feat xlink:href="#lb_91" value="lb"/><!-- ϩ︤ⲗ︥ⲗⲱ̂ -->
<feat xlink:href="#lb_95" value="lb"/><!-- ϣⲱⲡⲉ -->
<feat xlink:href="#lb_99" value="lb"/><!-- ⲟⲩ -->
<feat xlink:href="#lb_103" value="lb"/><!-- ⲣⲓⲧ` -->
<feat xlink:href="#lb_109" value="lb"/><!-- ⲧⲃⲁ` -->
<feat xlink:href="#lb_113" value="lb"/><!-- ⲟⲩⲁ` -->
<feat xlink:href="#lb_116" value="lb"/><!-- ⲉⲃ[........] -->
<feat xlink:href="#lb_117" value="lb"/><!-- ⲟⲩⲇ[.......] -->
<feat xlink:href="#lb_118" value="lb"/><!-- ⲡⲉ -->
<feat xlink:href="#lb_121" value="lb"/><!-- ⲛ̄ⲥⲁ -->
<feat xlink:href="#lb_124" value="lb"/><!-- ⲛ̄ⲧ -->
<feat xlink:href="#lb_129" value="lb"/><!-- ϩⲛ̄ -->
<feat xlink:href="#lb_133" value="lb"/><!-- ⲉ -->
<feat xlink:href="#lb_138" value="lb"/><!-- ⲟⲛ` -->
<feat xlink:href="#lb_143" value="lb"/><!-- ⲧ -->
<feat xlink:href="#lb_149" value="lb"/><!-- ⲁⲩⲱ -->
<feat xlink:href="#lb_153" value="lb"/><!-- ⲁ -->
<feat xlink:href="#lb_156" value="lb"/><!-- ⲛ̄ -->
<feat xlink:href="#lb_159" value="lb"/><!-- ⲙⲓⲁ` -->
<feat xlink:href="#lb_163" value="lb"/><!-- ⲧⲉ -->
<feat xlink:href="#lb_168" value="lb"/><!-- ⲧ -->
<feat xlink:href="#lb_175" value="lb"/><!-- ⲃⲣⲁϩⲁⲙ` -->
<feat xlink:href="#lb_177" value="lb"/><!-- ϩⲓⲧ︤ⲙ︥ -->
<feat xlink:href="#lb_180" value="lb"/><!-- ϫⲉ -->
<feat xlink:href="#lb_184" value="lb"/><!-- ⲉⲧⲉ -->
<feat xlink:href="#lb_186" value="lb"/><!-- ⲡⲉ` -->
<feat xlink:href="#lb_191" value="lb"/><!-- ⲣⲟⲛⲟⲙⲉⲓ` -->
<feat xlink:href="#lb_193" value="lb"/><!-- ⲙⲟ -->
<feat xlink:href="#lb_197" value="lb"/><!-- Ⲡⲗⲏⲛ -->
<feat xlink:href="#lb_201" value="lb"/><!-- ⲇⲉ -->
<feat xlink:href="#lb_206" value="lb"/><!-- ⲧⲃⲏⲏⲧ︤ -->
<feat xlink:href="#lb_210" value="lb"/><!-- ⲝⲁⲛⲉ` -->
<feat xlink:href="#lb_214" value="lb"/><!-- ⲙⲁⲧⲉ -->
<feat xlink:href="#lb_219" value="lb"/><!-- ⲛ̄ -->
<feat xlink:href="#lb_224" value="lb"/><!-- ⲑⲛⲟⲥ` -->
<feat xlink:href="#lb_229" value="lb"/><!-- ⲁⲩⲱ -->
<feat xlink:href="#lb_233" value="lb"/><!-- ⲉⲃⲟⲗ -->
<feat xlink:href="#lb_237" value="lb"/><!-- [....]ⲥ̣ -->
<feat xlink:href="#lb_240" value="lb"/><!-- [...]ϥ̣ -->
<feat xlink:href="#lb_244" value="lb"/><!-- [ⲕⲗⲏ]ⲣⲟⲛⲟⲙⲉⲓ -->
<feat xlink:href="#lb_245" value="lb"/><!-- ⲙ̄ⲙⲟ -->
<feat xlink:href="#lb_248" value="lb"/><!-- Ⲉⲧⲃⲉ -->
<feat xlink:href="#lb_253" value="lb"/><!-- ϫⲟⲟ -->
<feat xlink:href="#lb_257" value="lb"/><!-- ⲡⲁⲣⲣⲏⲥⲓⲁ` -->
<feat xlink:href="#lb_259" value="lb"/><!-- ⲡ -->
<feat xlink:href="#lb_262" value="lb"/><!-- ⲡ -->
<feat xlink:href="#lb_265" value="lb"/><!-- ⲧ -->
<feat xlink:href="#lb_270" value="lb"/><!-- ⲣⲉ` -->
<feat xlink:href="#lb_274" value="lb"/><!-- ⲟⲧ︤ -->
<feat xlink:href="#lb_279" value="lb"/><!-- ϫⲉ -->
<feat xlink:href="#lb_283" value="lb"/><!-- ϩ︤ⲙ︥ϩⲁⲗ -->
<feat xlink:href="#lb_286" value="lb"/><!-- ϣⲏⲣⲉ -->
<feat xlink:href="#lb_290" value="lb"/><!-- ⲕⲗⲏⲣⲟⲛⲟⲙⲉⲓ` -->
<feat xlink:href="#lb_291" value="lb"/><!-- ⲅⲁⲣ -->
<feat xlink:href="#lb_295" value="lb"/><!-- ⲣⲉ` -->
<feat xlink:href="#lb_299" value="lb"/><!-- ϩⲁⲗ` -->
<feat xlink:href="#lb_303" value="lb"/><!-- ⲣⲉ -->
<feat xlink:href="#lb_306" value="lb"/><!-- Ⲓ̈ⲥⲁⲁⲕ` -->
<feat xlink:href="#lb_310" value="lb"/><!-- ⲃ︤ϩ︥ -->
<feat xlink:href="#lb_314" value="lb"/><!-- ⲡⲉ -->
<feat xlink:href="#lb_319" value="lb"/><!-- ⲱϣ` -->
<feat xlink:href="#lb_323" value="lb"/><!-- ϣⲏⲣⲉ` -->
<feat xlink:href="#lb_325" value="lb"/><!-- ⲡⲉ -->
<feat xlink:href="#lb_329" value="lb"/><!-- ϩ︤ⲛ︥ -->
<feat xlink:href="#lb_332" value="lb"/><!-- ⲁⲩⲱ -->
<feat xlink:href="#lb_334" value="lb"/><!-- ⲕⲁ` -->
<feat xlink:href="#lb_338" value="lb"/><!-- ⲉ -->
<feat xlink:href="#lb_342" value="lb"/><!-- ⲣⲉ -->
<feat xlink:href="#lb_346" value="lb"/><!-- ⲉⲃⲟⲗ -->
<feat xlink:href="#lb_349" value="lb"/><!-- ⲁⲕ -->
<feat xlink:href="#lb_352" value="lb"/><!-- Ⲧⲁⲓ̈ -->
<feat xlink:href="#lb_358" value="lb"/><!-- ⲡ -->
<feat xlink:href="#lb_362" value="lb"/><!-- ⲧⲉ` -->
<feat xlink:href="#lb_367" value="lb"/><!-- ⲧⲁ -->
<feat xlink:href="#lb_371" value="lb"/><!-- ⲉ -->
<feat xlink:href="#lb_376" value="lb"/><!-- ⲃⲟⲗ -->
<feat xlink:href="#lb_380" value="lb"/><!-- ⲧⲏⲙⲁ -->
<feat xlink:href="#lb_384" value="lb"/><!-- ⲉ -->
<feat xlink:href="#lb_390" value="lb"/><!-- ⲥⲁⲩ` -->
<feat xlink:href="#lb_395" value="lb"/><!-- ⲉ -->
<feat xlink:href="#lb_399" value="lb"/><!-- ⲥⲙⲟⲩ -->
<feat xlink:href="#lb_404" value="lb"/><!-- ⲉⲃⲟⲗ -->
<feat xlink:href="#lb_406" value="lb"/><!-- ⲡ -->
<feat xlink:href="#lb_410" value="lb"/><!-- ⲡ -->
<feat xlink:href="#lb_413" value="lb"/><!-- ϩⲣⲉⲃⲉⲕⲕⲁ -->
<feat xlink:href="#lb_414" value="lb"/><!-- ⲧ -->
<feat xlink:href="#lb_419" value="lb"/><!-- ⲉ -->
<feat xlink:href="#lb_423" value="lb"/><!-- ⲡⲉ` -->
<feat xlink:href="#lb_426" value="lb"/><!-- ⲛ̄ -->
<feat xlink:href="#lb_429" value="lb"/><!-- ⲛⲉ -->
<feat xlink:href="#lb_431" value="lb"/><!-- ϫⲉ -->
<feat xlink:href="#lb_435" value="lb"/><!-- ⲣ̂ -->
<feat xlink:href="#lb_440" value="lb"/><!-- ⲁⲩⲱ -->
<feat xlink:href="#lb_444" value="lb"/><!-- ⲕⲱⲃ` -->
<feat xlink:href="#lb_448" value="lb"/><!-- ⲧ︤ -->
<feat xlink:href="#lb_452" value="lb"/><!-- ⲁ -->
<feat xlink:href="#lb_457" value="lb"/><!-- Ⲓ̈ⲁⲕⲱⲃ -->
<feat xlink:href="#lb_461" value="lb"/><!-- ⲟⲩⲱϣ -->
<feat xlink:href="#lb_464" value="lb"/><!-- ⲧⲣⲉ -->
<feat xlink:href="#lb_467" value="lb"/><!-- ⲣⲉ` -->
<feat xlink:href="#lb_471" value="lb"/><!-- ⲉⲃⲟⲗ -->
<feat xlink:href="#lb_475" value="lb"/><!-- ⲛ̄ -->
<feat xlink:href="#lb_483" value="lb"/><!-- ϣⲱⲡⲉ -->
<feat xlink:href="#lb_487" value="lb"/><!-- ⲃⲟⲗ -->
<feat xlink:href="#lb_491" value="lb"/><!-- ⲙ︤ⲛ︥ -->
<feat xlink:href="#lb_496" value="lb"/><!-- ϣⲱⲡⲉ -->
<feat xlink:href="#lb_499" value="lb"/><!-- ⲉⲃⲟⲗ -->
<feat xlink:href="#lb_502" value="lb"/><!-- ⲫⲁ -->
<feat xlink:href="#lb_506" value="lb"/><!-- Ϩⲣⲁⲭⲏⲗ` -->
<feat xlink:href="#lb_510" value="lb"/><!-- ⲟⲩⲱϣ -->
<feat xlink:href="#lb_513" value="lb"/><!-- ϩⲉⲛ -->
<feat xlink:href="#lb_515" value="lb"/><!-- ϣⲱⲡⲉ -->
<feat xlink:href="#lb_518" value="lb"/><!-- ⲉⲃⲟⲗ -->
<feat xlink:href="#lb_521" value="lb"/><!-- ⲕⲱⲃ` -->
<feat xlink:href="#lb_524" value="lb"/><!-- ⲛⲉ -->
<feat xlink:href="#lb_528" value="lb"/><!-- ϩⲏⲧ -->
<feat xlink:href="#lb_533" value="lb"/><!-- ⲁⲣⲓⲕⲉ -->
<feat xlink:href="#lb_536" value="lb"/><!-- ϩ︤ⲛ︥ -->
<feat xlink:href="#lb_539" value="lb"/><!-- ⲁ -->
<feat xlink:href="#lb_542" value="lb"/><!-- ⲡ -->
<feat xlink:href="#lb_547" value="lb"/><!-- ⲕⲁϩ` -->
<feat xlink:href="#lb_551" value="lb"/><!-- ⲙⲁ -->
<feat xlink:href="#lb_556" value="lb"/><!-- ϣⲏⲣⲉ` -->
<feat xlink:href="#lb_559" value="lb"/><!-- ⲡⲉ -->
<feat xlink:href="#lb_562" value="lb"/><!-- ⲛⲁ -->
<feat xlink:href="#lb_565" value="lb"/><!-- Ⲁⲩⲱ -->
<feat xlink:href="#lb_569" value="lb"/><!-- ϫⲱ -->
<feat xlink:href="#lb_574" value="lb"/><!-- ⲡⲉ -->
<feat xlink:href="#lb_578" value="lb"/><!-- ⲛ̄ -->
<feat xlink:href="#lb_583" value="lb"/><!-- ⲁⲛ︤ⲅ︥ -->
<feat xlink:href="#lb_586" value="lb"/><!-- ⲁⲛⲟⲕ -->
<feat xlink:href="#lb_588" value="lb"/><!-- ϥⲟϭⲉ` -->
<feat xlink:href="#lb_591" value="lb"/><!-- ⲡⲟⲥ -->
<feat xlink:href="#lb_595" value="lb"/><!-- ⲁⲩⲱ -->
<feat xlink:href="#lb_600" value="lb"/><!-- ⲡⲁⲓ̈ -->
<feat xlink:href="#lb_604" value="lb"/><!-- ϭ︤ⲥ︥ -->
<feat xlink:href="#lb_607" value="lb"/><!-- ⲉⲃⲟⲗ -->
<feat xlink:href="#lb_611" value="lb"/><!-- ⲟⲩⲱϣ` -->
<feat xlink:href="#lb_613" value="lb"/><!-- ⲱ -->
<feat xlink:href="#lb_619" value="lb"/><!-- ϩⲉⲛ -->
<feat xlink:href="#lb_621" value="lb"/><!-- ϣⲱⲡⲉ -->
<feat xlink:href="#lb_625" value="lb"/><!-- ⲃⲟⲗ` -->
<feat xlink:href="#lb_628" value="lb"/><!-- ⲁⲩⲱ -->
<feat xlink:href="#lb_632" value="lb"/><!-- ⲁ -->
<feat xlink:href="#lb_635" value="lb"/><!-- ⲛⲁⲩ -->
<feat xlink:href="#lb_639" value="lb"/><!-- ⲕⲁϩ` -->
<feat xlink:href="#lb_645" value="lb"/><!-- ⲛ̄ -->
<feat xlink:href="#lb_648" value="lb"/><!-- ⲛ̄ -->
<feat xlink:href="#lb_651" value="lb"/><!-- ϩ︤ⲛ︥ -->
<feat xlink:href="#lb_654" value="lb"/><!-- ⲓ̈ⲱⲥⲏⲫ` -->
<feat xlink:href="#lb_656" value="lb"/><!-- ⲃⲉⲛⲓⲁⲙⲓⲛ` -->
<feat xlink:href="#lb_658" value="lb"/><!-- Ⲁⲩⲱ -->
<feat xlink:href="#lb_662" value="lb"/><!-- ⲥⲙⲟⲩ` -->
<feat xlink:href="#lb_665" value="lb"/><!-- ϣⲏⲣⲉ -->
<feat xlink:href="#lb_668" value="lb"/><!-- ⲉⲃⲟⲗ -->
<feat xlink:href="#lb_670" value="lb"/><!-- ⲡ -->
<feat xlink:href="#lb_674" value="lb"/><!-- ⲧⲉ -->
<feat xlink:href="#lb_680" value="lb"/><!-- ⲥⲙⲟⲩ` -->
<feat xlink:href="#lb_683" value="lb"/><!-- ϩⲁⲙ` -->
<feat xlink:href="#lb_686" value="lb"/><!-- ⲙ︤ⲛ︥ -->
<feat xlink:href="#lb_689" value="lb"/><!-- ⲙ︤ⲛ︥ -->
</featList>
</paula>
