<?xml version='1.0' encoding='UTF-8'?><!DOCTYPE paula SYSTEM "paula_feat.dtd">
<paula version="1.1">
	<header paula_id="scriptorium.XH204-216.mark_orig_group"/>
	<featList xmlns:xlink="http://www.w3.org/1999/xlink" type="orig_group" xml:base="scriptorium.XH204-216.mark.xml">
		<feat xlink:href="#sSpan5" value="Ⲉⲣϣⲁⲛⲧⲃⲁϣⲟⲣ⳿"/>
		<feat xlink:href="#sSpan21" value="ⲁϣⲕⲁⲕ"/>
		<feat xlink:href="#sSpan27" value="ⲉⲃⲟⲗ⳿"/>
		<feat xlink:href="#sSpan31" value="ⲁⲛ`"/>
		<feat xlink:href="#sSpan36" value="ⲉⲧⲉⲛ̄ⲧⲟⲕ"/>
		<feat xlink:href="#sSpan42" value="ⲡⲉ⳿"/>
		<feat xlink:href="#sSpan47" value="ⲡ︤ϩ︦ⲙ︥ϩⲁⲗ"/>
		<feat xlink:href="#sSpan54" value="ⲙ̄ⲡⲙⲁⲙⲙⲱⲛⲁⲥ⳿"/>
		<feat xlink:href="#sSpan65" value="ϩ︤ⲛ︥ϩⲉⲛϩⲣⲟⲟⲩ"/>
		<feat xlink:href="#sSpan75" value="ⲉⲩⲟϣ⳿"/>
		<feat xlink:href="#sSpan84" value=","/>
		<feat xlink:href="#sSpan88" value="ⲉⲣⲉⲡⲙⲟⲩⲓ̈ⲧ︤ⲣ︥ⲣⲉ⳿"/>
		<feat xlink:href="#sSpan100" value="ⲉⲧⲉⲁⲛⲟⲕ"/>
		<feat xlink:href="#sSpan107" value="ⲡⲉ⳿"/>
		<feat xlink:href="#sSpan111" value="ⲡ︤ϩ︦ⲙ︥ϩⲁⲗ"/>
		<feat xlink:href="#sSpan119" value="ⲙ̄ⲡⲉⲭ︤ⲥ︥"/>
		<feat xlink:href="#sSpan130" value=","/>
		<feat xlink:href="#sSpan134" value="ϯⲥⲟⲟⲩⲛ"/>
		<feat xlink:href="#sSpan142" value="ϫⲉⲉⲕϯⲟⲩⲃⲏⲓ̈"/>
		<feat xlink:href="#sSpan157" value="ⲁⲛ⳿"/>
		<feat xlink:href="#sSpan162" value=","/>
		<feat xlink:href="#sSpan167" value="ⲁⲗⲗⲁ"/>
		<feat xlink:href="#sSpan171" value="ⲉⲕϯⲟⲩⲃⲉⲓ︤ⲥ︥"/>
		<feat xlink:href="#sSpan187" value="ⲉⲧⲟⲩⲏϩ"/>
		<feat xlink:href="#sSpan194" value="ϩ︤ⲛ︥ⲛⲉⲭⲣⲉⲓⲥⲧⲓⲁⲛⲟⲥ⳿"/>
		<feat xlink:href="#sSpan207" value="."/>
		<feat xlink:href="#sSpan213" value="ⲓ︤ⲥ︥"/>
		<feat xlink:href="#sSpan219" value="ⲟⲛ⳿"/>
		<feat xlink:href="#sSpan224" value="ⲣⲱϣⲉ"/>
		<feat xlink:href="#sSpan228" value="ⲉⲣⲟⲕ"/>
		<feat xlink:href="#sSpan234" value="ⲛ̄ⲧⲟⲕ"/>
		<feat xlink:href="#sSpan239" value="ⲙ︤ⲛ︥ⲡⲉⲕⲉⲓⲱⲧ"/>
		<feat xlink:href="#sSpan249" value="ⲡⲇⲓⲁⲃⲟⲗⲟⲥ⳿"/>
		<feat xlink:href="#sSpan257" value="ⲉⲧⲟⲩⲏϩ⳿"/>
		<feat xlink:href="#sSpan263" value="ⲛ̄ϩⲏⲧ︤ⲕ︥"/>
		<feat xlink:href="#sSpan270" value="ⲉⲧ︤ⲕ︥ϩⲉⲗⲡⲓⲍⲉ⳿"/>
		<feat xlink:href="#sSpan280" value="ⲉⲣⲟϥ"/>
		<feat xlink:href="#sSpan286" value="·"/>
		<feat xlink:href="#sSpan290" value="ⲛ̄ⲧⲟⲟⲩ"/>
		<feat xlink:href="#sSpan297" value="ϩⲱⲟⲩ"/>
		<feat xlink:href="#sSpan303" value="ⲙ︤ⲛ︥ⲡⲉⲩⲉⲓⲱⲧ⳿"/>
		<feat xlink:href="#sSpan313" value="ⲉⲧⲟⲩⲏϩ"/>
		<feat xlink:href="#sSpan320" value="ⲛ̄ϩⲏⲧⲟⲩ"/>
		<feat xlink:href="#sSpan327" value="ⲓ︤ⲥ︥"/>
		<feat xlink:href="#sSpan331" value="ⲉⲧⲟⲩⲕⲱ⳿"/>
		<feat xlink:href="#sSpan339" value="ⲛ̄ϩⲧⲏⲩ"/>
		<feat xlink:href="#sSpan348" value="ⲉⲣⲟϥ"/>
		<feat xlink:href="#sSpan354" value="·"/>
		<feat xlink:href="#sSpan358" value="ⲙ̄ⲙ︤ⲛ︥ⲧⲉⲣⲱⲙⲉ"/>
		<feat xlink:href="#sSpan368" value="ⲉⲟⲩⲛ̄ⲧ︤ϥ︥ⲓ︤ⲥ︥"/>
		<feat xlink:href="#sSpan381" value="ⲙ̄ⲙⲁⲩ"/>
		<feat xlink:href="#sSpan387" value="ϣⲓⲡⲉ"/>
		<feat xlink:href="#sSpan391" value="ⲉⲛⲉϩ⳿"/>
		<feat xlink:href="#sSpan395" value="ⲛ̄ⲑⲉ"/>
		<feat xlink:href="#sSpan404" value="ⲛ̄ⲧⲁⲕϫⲟⲟⲥ"/>
		<feat xlink:href="#sSpan417" value=","/>
		<feat xlink:href="#sSpan421" value="ⲡϣⲓⲡⲉ"/>
		<feat xlink:href="#sSpan430" value="ⲙ̄ⲡⲉⲓ̈ⲙⲁ⳿"/>
		<feat xlink:href="#sSpan440" value=","/>
		<feat xlink:href="#sSpan444" value="ⲡⲉⲟⲟⲩ"/>
		<feat xlink:href="#sSpan452" value="ⲙ̄ⲡⲉⲓ̈ⲙⲁ⳿"/>
		<feat xlink:href="#sSpan461" value="ⲁⲓ̈ⲡⲁⲣⲁⲓⲧⲉⲓ⳿"/>
		<feat xlink:href="#sSpan471" value="ⲙ̄ⲙⲟⲩ"/>
		<feat xlink:href="#sSpan478" value=","/>
		<feat xlink:href="#sSpan482" value="ϯⲥⲟⲟⲩ⳯ ⳿"/>
		<feat xlink:href="#sSpan489" value="ⲅⲁⲣ"/>
		<feat xlink:href="#sSpan494" value="ⲉⲡⲉϯϭⲱϣ︤ⲧ︥"/>
		<feat xlink:href="#sSpan508" value="ⲉⲃⲟⲗ"/>
		<feat xlink:href="#sSpan512" value="ϩⲏⲧ︤ϥ︥"/>
		<feat xlink:href="#sSpan518" value="."/>
		<feat xlink:href="#sSpan523" value="ⲛⲉⲧⲉⲟⲩⲛ̄ⲧⲁⲩⲡⲉⲟⲟⲩ"/>
		<feat xlink:href="#sSpan542" value="ⲙ︤ⲛ︥ⲡⲧⲁⲉⲓⲟ̂"/>
		<feat xlink:href="#sSpan552" value="ⲉⲃⲟⲗ"/>
		<feat xlink:href="#sSpan556" value="ϩⲓⲧ︤ⲛ︥ⲓ︤ⲥ︥"/>
		<feat xlink:href="#sSpan565" value="."/>
		<feat xlink:href="#sSpan569" value="ⲉⲩⲣⲟ ̂ⲩ"/>
		<feat xlink:href="#sSpan579" value="ⲛ̄ⲉⲟⲟⲩ"/>
		<feat xlink:href="#sSpan587" value="ϩⲓⲧⲁⲉⲓⲟ̂"/>
		<feat xlink:href="#sSpan594" value="ⲛ̄ⲣⲱⲙⲉ"/>
		<feat xlink:href="#sSpan602" value=" =-."/>
		<feat xlink:href="#sSpan607" value="Ⲛ̄ⲑⲉ"/>
		<feat xlink:href="#sSpan621" value="ⲅⲁⲣ"/>
		<feat xlink:href="#sSpan625" value="ⲉⲧⲉⲙ︤ⲛ︥ⲙ︤ⲛ︦ⲧ︥ⲗⲏⲥⲧⲏⲥ⳿"/>
		<feat xlink:href="#sSpan638" value="ϣⲟⲟⲡ̂"/>
		<feat xlink:href="#sSpan643" value="ⲛ̄ⲛⲉⲧⲉⲟⲩⲛ̄ⲧⲁⲩ"/>
		<feat xlink:href="#sSpan659" value="ⲓ︤ⲥ︥"/>
		<feat xlink:href="#sSpan663" value="ϩ︤ⲛ︥ⲟⲩⲙⲉ⳿"/>
		<feat xlink:href="#sSpan673" value="ⲕⲁⲧⲁⲡⲉⲛⲧⲁⲕϫⲟⲟϥ⳿"/>
		<feat xlink:href="#sSpan691" value="ⲉⲣⲟⲓ̈"/>
		<feat xlink:href="#sSpan697" value="ⲉⲃⲟⲗ"/>
		<feat xlink:href="#sSpan703" value="ϫⲉⲁⲓ̈ϥⲓ"/>
		<feat xlink:href="#sSpan713" value="ⲛ̄ⲛ̄ⲛⲉⲕⲛⲟⲩⲧⲉ"/>
		<feat xlink:href="#sSpan723" value="ϩ︤ⲛ︥ⲟⲩⲥⲣⲁϩ︤ⲧ︥"/>
		<feat xlink:href="#sSpan733" value="ⲁⲩⲱ"/>
		<feat xlink:href="#sSpan740" value="ϫⲉⲁⲓ̈ⲧⲣⲉⲩⲙⲟⲩⲣ⳿"/>
		<feat xlink:href="#sSpan755" value="ⲙ̄ⲡⲉⲕⲥⲱϣ"/>
		<feat xlink:href="#sSpan765" value="ⲙ︤ⲛ︥ⲡⲉⲕϣⲓⲡⲉ"/>
		<feat xlink:href="#sSpan775" value="ⲉϩⲟⲩⲛ⳿"/>
		<feat xlink:href="#sSpan779" value="ⲉⲛⲟⲩⲉϭⲣⲟ̂"/>
		<feat xlink:href="#sSpan789" value="ⲙ̄ⲡⲉⲕⲏⲓ̈"/>
		<feat xlink:href="#sSpan799" value="ⲉⲩⲥⲏϩ⳿"/>
		<feat xlink:href="#sSpan809" value="ⲉϩⲉⲛⲭⲁⲣⲧⲏⲥ⳿"/>
		<feat xlink:href="#sSpan820" value="·"/>
		<feat xlink:href="#sSpan825" value="ⲉⲁⲩⲟⲩⲱ̂ϭ︤ⲡ︥"/>
		<feat xlink:href="#sSpan836" value="ⲛ̄ⲛⲉⲕⲙⲏⲙⲟⲟⲩ"/>
		<feat xlink:href="#sSpan848" value="ⲉⲧϩ︤ⲛ︥ϩⲉⲛϣⲟϣⲟⲩ"/>
		<feat xlink:href="#sSpan860" value="ϩⲱⲥ"/>
		<feat xlink:href="#sSpan866" value="ⲏ̂ⲣⲡ̄"/>
		<feat xlink:href="#sSpan870" value="ϩⲓϫ︤ⲛ︥ⲙ̄ⲡⲛⲏ⳿"/>
		<feat xlink:href="#sSpan880" value="ⲙ̄ⲡⲉⲕⲏⲓ̈"/>
		<feat xlink:href="#sSpan890" value="."/>
		<feat xlink:href="#sSpan894" value="ⲁⲩⲱ"/>
		<feat xlink:href="#sSpan898" value="ⲉϩⲟⲩⲛ"/>
		<feat xlink:href="#sSpan902" value="ϩ︤ⲙ︥ⲡⲉⲕⲣⲟ̂"/>
		<feat xlink:href="#sSpan912" value=","/>
		<feat xlink:href="#sSpan916" value="ⲙ︤ⲛ︥ⲡⲣⲟ̂"/>
		<feat xlink:href="#sSpan926" value="ⲛ̄ⲛⲉⲧⲉⲓⲛⲉ"/>
		<feat xlink:href="#sSpan939" value="ⲙ̄ⲙⲟⲕ"/>
		<feat xlink:href="#sSpan945" value=","/>
		<feat xlink:href="#sSpan949" value="ⲉⲙⲙ︤ⲛ︥ⲙ︤ⲛ︦ⲧ︥ⲣ︤ⲙ︥ϩⲉ⳿"/>
		<feat xlink:href="#sSpan963" value="ϣⲟⲟⲡ"/>
		<feat xlink:href="#sSpan968" value="ⲛ̄ⲛⲉⲧⲕⲱ"/>
		<feat xlink:href="#sSpan980" value="ⲛ̄ϩⲧⲏⲩ"/>
		<feat xlink:href="#sSpan988" value="ⲉⲕⲣⲟⲛⲟⲥ⳿"/>
		<feat xlink:href="#sSpan997" value=","/>
		<feat xlink:href="#sSpan1001" value="ⲉⲧⲉⲛ̄ⲧⲟⲕ"/>
		<feat xlink:href="#sSpan1010" value="ⲡⲉ⳿"/>
		<feat xlink:href="#sSpan1014" value="ⲙ︤ⲛ︥ⲛⲉⲧⲧ︤ⲛ︥ⲧⲱⲛ⳿"/>
		<feat xlink:href="#sSpan1026" value="ⲉⲣⲟⲕ"/>
		<feat xlink:href="#sSpan1033" value="ϩ︤ⲛ︥ⲙ̄ⲙ︤ⲛ︦ⲧ︥ⲁⲡⲓⲥⲧⲟⲥ⳿"/>
		<feat xlink:href="#sSpan1046" value=","/>
		<feat xlink:href="#sSpan1050" value="ⲙ︤ⲛ︥ⲙ︤ⲛ︦ⲧ︥ⲁⲕⲁⲑⲁⲣⲧⲟⲥ⳿"/>
		<feat xlink:href="#sSpan1063" value="ⲛⲓⲙ"/>
		<feat xlink:href="#sSpan1068" value="="/>
		<feat xlink:href="#sSpan1072" value="ⲟⲩ⳿"/>
		<feat xlink:href="#sSpan1080" value="ⲛ̄Ϩⲱⲃ⳿"/>
		<feat xlink:href="#sSpan1089" value="ⲏ⳿"/>
		<feat xlink:href="#sSpan1093" value="ⲁϣ"/>
		<feat xlink:href="#sSpan1098" value="ⲛ̄ϣⲁϫⲉ"/>
		<feat xlink:href="#sSpan1105" value="ϩ︤ⲛ︥ⲛⲉⲛⲧⲁⲕϫⲟⲟⲩ"/>
		<feat xlink:href="#sSpan1123" value="ⲛⲉⲧⲟ⳿"/>
		<feat xlink:href="#sSpan1132" value="ⲙ̄ⲙⲛ̄ⲧⲣⲉ"/>
		<feat xlink:href="#sSpan1140" value="ⲉⲣⲟⲕ"/>
		<feat xlink:href="#sSpan1146" value="ⲁⲛ⳿"/>
		<feat xlink:href="#sSpan1150" value="ϫⲉⲉⲕⲏⲡ̂"/>
		<feat xlink:href="#sSpan1161" value="ⲉⲡⲥⲁⲧⲁⲛⲁⲥ⳿"/>
		<feat xlink:href="#sSpan1172" value="."/>
		<feat xlink:href="#sSpan1176" value="ⲛⲉⲡⲓⲥⲧⲟⲗⲏ"/>
		<feat xlink:href="#sSpan1187" value="ⲛⲉ⳿"/>
		<feat xlink:href="#sSpan1191" value="ⲛ̄ⲧⲁⲕⲡⲁϩⲟⲩ"/>
		<feat xlink:href="#sSpan1204" value=","/>
		<feat xlink:href="#sSpan1209" value="ⲏ̂"/>
		<feat xlink:href="#sSpan1213" value="ϯⲥⲟⲟⲩⲛ"/>
		<feat xlink:href="#sSpan1219" value="ⲁⲛ⳿"/>
		<feat xlink:href="#sSpan1224" value="ⲙ̄ⲡⲁϯϫⲟⲟⲩⲥⲟⲩ"/>
		<feat xlink:href="#sSpan1235" value="ϫⲉⲕⲛⲁⲡⲁϩⲟⲩ"/>
		<feat xlink:href="#sSpan1248" value=","/>
		<feat xlink:href="#sSpan1252" value="ⲡⲉϣ︤ⲃ︦ⲣ︥ⲣ̄ϩⲱⲃ"/>
		<feat xlink:href="#sSpan1265" value="ⲛ̄ⲛⲉⲛⲧⲁⲩϣⲱⲱⲧ"/>
		<feat xlink:href="#sSpan1281" value="ϩ︤ⲙ︥ⲡⲧⲟⲕ⳿"/>
		<feat xlink:href="#sSpan1291" value="ⲙ̄ⲡⲉⲅⲣⲁⲙⲙⲁⲧⲉⲩⲥ⳿"/>
		<feat xlink:href="#sSpan1302" value="ⲛ̄ⲛ̄ⲥⲉⲗⲓⲥ⳿"/>
		<feat xlink:href="#sSpan1312" value="ⲙ̄ⲡϫⲱⲱ̂ⲙⲉ⳿"/>
		<feat xlink:href="#sSpan1322" value="ⲛ̄ⲛ̄ϣⲁϫⲉ"/>
		<feat xlink:href="#sSpan1332" value="ⲛ̄ⲧⲁⲛⲉⲡⲣⲟⲫⲏⲧⲏⲥ"/>
		<feat xlink:href="#sSpan1345" value="ϫⲟⲟⲩⲥⲉ"/>
		<feat xlink:href="#sSpan1352" value="ⲛⲁⲩ"/>
		<feat xlink:href="#sSpan1358" value="ϩ︤ⲙ︥ⲡⲣⲁⲛ⳿"/>
		<feat xlink:href="#sSpan1368" value="ⲙ̄ⲡⲛⲟⲩⲧⲉ"/>
		<feat xlink:href="#sSpan1378" value="ⲁⲩⲛⲟϫⲟⲩ"/>
		<feat xlink:href="#sSpan1390" value="ⲉϩⲣⲁⲓ̈"/>
		<feat xlink:href="#sSpan1395" value="ⲉⲛϫ︤ⲃ︥ⲃⲉⲥ⳿"/>
		<feat xlink:href="#sSpan1404" value="ⲉⲧϫⲉⲣⲟ̂"/>
		<feat xlink:href="#sSpan1411" value=" =–."/>
		<feat xlink:href="#sSpan1416" value="Ⲛ̄ⲑⲉ"/>
		<feat xlink:href="#sSpan1429" value="ⲟⲛ⳿"/>
		<feat xlink:href="#sSpan1433" value="ⲛ̄ⲧⲁⲕϫⲟⲟⲥ"/>
		<feat xlink:href="#sSpan1446" value="ϫⲉⲛ̄ⲣⲱⲙⲉ"/>
		<feat xlink:href="#sSpan1456" value="ⲁⲩⲱ"/>
		<feat xlink:href="#sSpan1461" value="ⲛⲁⲟⲓⲕⲟⲛⲟⲙⲟⲥ⳿"/>
		<feat xlink:href="#sSpan1470" value="ϫⲓϩⲛⲁⲩ"/>
		<feat xlink:href="#sSpan1476" value="ⲛⲁϥ"/>
		<feat xlink:href="#sSpan1482" value="."/>
		<feat xlink:href="#sSpan1486" value="ⲉⲕⲧⲁⲙⲟ̂"/>
		<feat xlink:href="#sSpan1497" value="ⲙ̄ⲙⲟⲛ"/>
		<feat xlink:href="#sSpan1503" value="ⲁⲩⲱ"/>
		<feat xlink:href="#sSpan1508" value="ⲉⲕϭⲱⲗ︤ⲡ︥"/>
		<feat xlink:href="#sSpan1517" value="ⲉⲃⲟⲗ"/>
		<feat xlink:href="#sSpan1522" value="ⲛ̄ⲧⲉⲕⲕⲁⲕⲓⲁ⳿"/>
		<feat xlink:href="#sSpan1533" value="ϫⲉⲙ̄ⲡⲉⲕⲟⲩⲱϣ"/>
		<feat xlink:href="#sSpan1544" value="ⲁⲛ"/>
		<feat xlink:href="#sSpan1548" value="ⲡⲉ⳿"/>
		<feat xlink:href="#sSpan1552" value="ⲉⲧⲣⲉⲛϣⲏⲣⲉ"/>
		<feat xlink:href="#sSpan1564" value="ⲙ̄ⲡⲛⲟⲩⲧⲉ"/>
		<feat xlink:href="#sSpan1574" value="ϫⲓ"/>
		<feat xlink:href="#sSpan1579" value="ⲟⲩⲡⲣⲟⲥⲫⲟⲣⲁ⳿"/>
		<feat xlink:href="#sSpan1587" value="ⲉⲧⲉϥⲉⲕⲕⲗⲏⲥⲓⲁ⳿"/>
		<feat xlink:href="#sSpan1598" value="."/>
		<feat xlink:href="#sSpan1603" value="ⲏ̂ⲉⲣ̄ⲟⲩⲡⲉⲧⲛⲁⲛⲟⲩϥ"/>
		<feat xlink:href="#sSpan1624" value="ⲛ̄ⲟⲩⲱⲧ⳿"/>
		<feat xlink:href="#sSpan1630" value="ϩ︤ⲙ︥ⲡⲣⲁⲛ⳿"/>
		<feat xlink:href="#sSpan1640" value="ⲛ̄ⲓ︤ⲥ︥"/>
		<feat xlink:href="#sSpan1648" value="."/>
		<feat xlink:href="#sSpan1652" value="ⲕⲛⲁⲣⲁϣⲉ"/>
		<feat xlink:href="#sSpan1663" value="ⲉⲕϣⲁⲛⲥⲱⲧ︤ⲙ︥"/>
		<feat xlink:href="#sSpan1670" value="ϫⲉⲁⲩⲃⲱⲕ"/>
		<feat xlink:href="#sSpan1682" value="ⲉⲙⲙⲁ⳿"/>
		<feat xlink:href="#sSpan1691" value="ⲛ̄ϣⲓⲛⲉ"/>
		<feat xlink:href="#sSpan1698" value="ⲛ̄ⲛⲇⲁⲓⲙⲱⲛ⳿"/>
		<feat xlink:href="#sSpan1709" value="."/>
		<feat xlink:href="#sSpan1713" value="ⲉⲃⲟⲗ"/>
		<feat xlink:href="#sSpan1720" value="ϫⲉⲛ̄ⲧⲟⲕ"/>
		<feat xlink:href="#sSpan1727" value="ϩⲱⲱⲕ⳿"/>
		<feat xlink:href="#sSpan1733" value="ⲕⲟⲩⲱ̂ϣ︤ⲧ︥"/>
		<feat xlink:href="#sSpan1740" value="ⲁⲩⲱ"/>
		<feat xlink:href="#sSpan1744" value="ⲕ︤ϣ︦ⲙ︥ϣⲉ"/>
		<feat xlink:href="#sSpan1751" value="ⲙ̄ⲡⲥⲱⲛ︤ⲧ︥"/>
		<feat xlink:href="#sSpan1762" value="ⲡⲁⲣⲁⲡⲉⲛⲧⲁϥⲥⲱⲛ︤ⲧ︥"/>
		<feat xlink:href="#sSpan1778" value="ⲛ̄ⲛ̄ⲕⲁ⳿"/>
		<feat xlink:href="#sSpan1787" value="ⲛⲓⲙ"/>
		<feat xlink:href="#sSpan1792" value="ⲓ︤ⲥ︥"/>
		<feat xlink:href="#sSpan1796" value="ⲡⲉⲧⲥⲙⲁⲙⲁⲁⲧ⳿"/>
		<feat xlink:href="#sSpan1805" value="ϣⲁⲉⲛⲉϩ⳿"/>
		<feat xlink:href="#sSpan1815" value="ⲛ̄ⲉⲛⲉϩ⳿"/>
		<feat xlink:href="#sSpan1821" value="·"/>
		<feat xlink:href="#sSpan1825" value="ⲉϩⲟⲩⲉ"/>
		<feat xlink:href="#sSpan1832" value="ⲥⲱⲧ︤ⲙ︥"/>
		<feat xlink:href="#sSpan1837" value="ⲏ̂"/>
		<feat xlink:href="#sSpan1842" value="ⲉⲛⲁⲩ"/>
		<feat xlink:href="#sSpan1848" value="ⲉⲣⲟⲟⲩ"/>
		<feat xlink:href="#sSpan1854" value="ⲉⲩⲛⲁ"/>
		<feat xlink:href="#sSpan1864" value="ⲉⲣⲁⲧ︤ϥ︥"/>
		<feat xlink:href="#sSpan1872" value="ⲙ̄ⲡⲛⲟⲩⲧⲉ"/>
		<feat xlink:href="#sSpan1882" value="ϩ︤ⲙ︥ⲙⲁ⳿"/>
		<feat xlink:href="#sSpan1889" value="ⲛⲓⲙ"/>
		<feat xlink:href="#sSpan1894" value="ⲉⲧⲟⲩⲉⲡⲓⲕⲁⲗⲉⲓ⳿"/>
		<feat xlink:href="#sSpan1904" value="ⲙ̄ⲙⲟϥ"/>
		<feat xlink:href="#sSpan1910" value="ⲛ̄ϩⲏⲧⲟⲩ"/>
		<feat xlink:href="#sSpan1917" value=","/>
		<feat xlink:href="#sSpan1921" value="ⲁⲩⲱ"/>
		<feat xlink:href="#sSpan1925" value="ⲉⲩⲥⲙⲟⲩ"/>
		<feat xlink:href="#sSpan1934" value="ⲉⲣⲟϥ"/>
		<feat xlink:href="#sSpan1940" value="ⲉⲩϯⲉⲟⲟⲩ"/>
		<feat xlink:href="#sSpan1951" value="ⲛⲁϥ"/>
		<feat xlink:href="#sSpan1957" value="·"/>
		<feat xlink:href="#sSpan1962" value="ⲏ̂"/>
		<feat xlink:href="#sSpan1969" value="ⲉⲣϣⲁⲛ"/>
		<feat xlink:href="#sSpan1973" value="ϩⲟⲩⲟ̂"/>
		<feat xlink:href="#sSpan1977" value="ⲉⲛⲙⲏⲏϣⲉ"/>
		<feat xlink:href="#sSpan1987" value="ⲛ̄ⲧⲁⲕϫⲟⲟⲥ"/>
		<feat xlink:href="#sSpan2000" value="ϫⲉⲥⲉϫⲓϩⲛⲁⲩ"/>
		<feat xlink:href="#sSpan2011" value="ⲛⲁϥ"/>
		<feat xlink:href="#sSpan2017" value="."/>
		<feat xlink:href="#sSpan2021" value="ⲉⲩϣⲁⲛⲡⲱⲛ︤ⲅ︥"/>
		<feat xlink:href="#sSpan2030" value="ⲛⲁ"/>
		<feat xlink:href="#sSpan2035" value="ⲓ̈"/>
		<feat xlink:href="#sSpan2039" value="ⲁϫ︤ⲛ︥ϯⲥⲟ⳿"/>
		<feat xlink:href="#sSpan2048" value="ϫⲉϯⲟ̂"/>
		<feat xlink:href="#sSpan2057" value="ϩⲱⲱⲧ⳿"/>
		<feat xlink:href="#sSpan2063" value="ⲛ̄ϩ︤ⲙ︥ϩⲁⲗ"/>
		<feat xlink:href="#sSpan2071" value="ⲛⲁⲩ"/>
		<feat xlink:href="#sSpan2078" value="ⲕⲁⲗⲱⲥ"/>
		<feat xlink:href="#sSpan2082" value="ϫⲉⲛⲁⲥⲛⲏⲩ"/>
		<feat xlink:href="#sSpan2092" value="ⲛⲉ⳿"/>
		<feat xlink:href="#sSpan2096" value="ⲉⲓ̈ⲥⲱⲟⲩϩⲛⲁⲩ"/>
		<feat xlink:href="#sSpan2107" value="ⲉϩⲟⲩⲛ"/>
		<feat xlink:href="#sSpan2112" value="ⲉϩⲉⲛⲁϩⲟ̂"/>
		<feat xlink:href="#sSpan2122" value="ϩ︤ⲛ︥ⲧⲡⲉ⳿"/>
		<feat xlink:href="#sSpan2131" value="ⲛ̄ⲛⲉⲧⲟⲩϯ"/>
		<feat xlink:href="#sSpan2145" value="ⲙ̄ⲙⲟⲟⲩ"/>
		<feat xlink:href="#sSpan2152" value="ⲛ̄ⲧⲁⲉⲓⲟ̂"/>
		<feat xlink:href="#sSpan2159" value="ⲙ̄ⲡⲛⲟⲩⲧⲉ"/>
		<feat xlink:href="#sSpan2169" value="."/>
		<feat xlink:href="#sSpan2174" value="ⲙⲏ"/>
		<feat xlink:href="#sSpan2180" value="ⲛ̄ⲧⲁⲩⲛ̄ⲧⲟⲩ"/>
		<feat xlink:href="#sSpan2193" value="ⲉⲃⲟⲗ"/>
		<feat xlink:href="#sSpan2198" value="ϩ︤ⲙ︥ⲡⲉⲕⲏⲓ̈"/>
		<feat xlink:href="#sSpan2207" value="ⲙ︤ⲛ︥ⲡⲏⲓ̈"/>
		<feat xlink:href="#sSpan2217" value="ⲛ̄ⲛⲉⲕⲉⲓⲟ̂ⲧⲉ⳿"/>
		<feat xlink:href="#sSpan2227" value="."/>
		<feat xlink:href="#sSpan2231" value="ⲕⲧⲱⲣ︤ⲡ︥"/>
		<feat xlink:href="#sSpan2241" value="ⲛ̄ⲛⲉⲧⲉⲛⲟⲩⲕ"/>
		<feat xlink:href="#sSpan2252" value="ⲁⲛ"/>
		<feat xlink:href="#sSpan2257" value="ⲛⲉ⳿"/>
		<feat xlink:href="#sSpan2261" value="ⲡⲣⲱⲙⲉ"/>
		<feat xlink:href="#sSpan2268" value="ⲙ̄ⲡⲟⲛⲏⲣⲟⲥ⳿"/>
		<feat xlink:href="#sSpan2276" value="."/>
		<feat xlink:href="#sSpan2280" value="ⲕⲡⲟⲛⲏⲣⲉⲩⲉ"/>
		<feat xlink:href="#sSpan2291" value="ⲇⲉ"/>
		<feat xlink:href="#sSpan2296" value="ϩⲱⲱϥ"/>
		<feat xlink:href="#sSpan2302" value="ⲁⲩⲱ"/>
		<feat xlink:href="#sSpan2306" value="ⲕⲕⲁϫⲣⲟⲡ"/>
		<feat xlink:href="#sSpan2315" value="ⲉϩⲣⲁⲓ̈"/>
		<feat xlink:href="#sSpan2319" value="ⲛ̄ⲛⲣⲉϥϯ"/>
		<feat xlink:href="#sSpan2331" value="ⲛ̄ⲛϩⲏⲕⲉ⳿"/>
		<feat xlink:href="#sSpan2341" value="."/>
		<feat xlink:href="#sSpan2345" value="ⲉⲩⲥⲟⲟⲩⲛ⳿"/>
		<feat xlink:href="#sSpan2356" value="ϫⲉⲛⲉⲧⲟⲩϯ"/>
		<feat xlink:href="#sSpan2370" value="ⲙ̄ⲙⲟⲟⲩ"/>
		<feat xlink:href="#sSpan2377" value="ⲏ̂"/>
		<feat xlink:href="#sSpan2381" value="ⲛⲉ‴ⲧⲟⲩⲛⲁ⳿"/>
		<feat xlink:href="#sSpan2393" value="ⲛ̄ϩⲏⲧⲟⲩ"/>
		<feat xlink:href="#sSpan2399" value="ⲛ̄ⲛⲉⲧⲣ⳿ϭⲣⲱϩ⳿"/>
		<feat xlink:href="#sSpan2413" value="ⲛⲁⲡⲉⲭ︤ⲥ︥"/>
		<feat xlink:href="#sSpan2425" value="ⲛⲉ⳿"/>
		<feat xlink:href="#sSpan2429" value="ⲛ̄ⲧⲁϥⲧⲁⲁⲩ"/>
		<feat xlink:href="#sSpan2442" value="ⲛⲁⲩ"/>
		<feat xlink:href="#sSpan2448" value="ⲉⲩⲁⲡⲟⲗⲁⲩⲥⲓⲥ⳿"/>
		<feat xlink:href="#sSpan2459" value="."/>
		<feat xlink:href="#sSpan2463" value="ⲁⲩⲱ"/>
		<feat xlink:href="#sSpan2469" value="ⲉⲣ⳿ⲣ︤ⲙ︥ⲙⲁⲟ̂"/>
		<feat xlink:href="#sSpan2476" value="ϩ︤ⲛ︥ϩⲉⲛϩⲃⲏⲩⲉ"/>
		<feat xlink:href="#sSpan2486" value="ⲉⲛⲁⲛⲟⲩⲟⲩ"/>
		<feat xlink:href="#sSpan2495" value=" =–."/>
		<feat xlink:href="#sSpan2501" value="Ⲙⲏ⳿"/>
		<feat xlink:href="#sSpan2510" value="ⲁⲣⲁ"/>
		<feat xlink:href="#sSpan2514" value="ⲉⲓ̈ⲟⲩⲏϩ"/>
		<feat xlink:href="#sSpan2522" value="ⲟⲛ⳿"/>
		<feat xlink:href="#sSpan2527" value="ϩⲓϫ︤ⲛ︥ⲧⲙⲏⲧⲉ⳿"/>
		<feat xlink:href="#sSpan2536" value="ⲛ̄ϫⲱⲕ"/>
		<feat xlink:href="#sSpan2546" value=","/>
		<feat xlink:href="#sSpan2550" value="ϫⲉⲕϫⲱ"/>
		<feat xlink:href="#sSpan2560" value="ⲙ̄ⲙⲟⲥ"/>
		<feat xlink:href="#sSpan2567" value="ϫⲉϣⲁⲛⲧⲉⲟ ̂ⲩϣⲱⲡⲉ"/>
		<feat xlink:href="#sSpan2578" value="ⲙ̄ⲡ︤ϥ︥ⲥϭⲏⲣ⳿"/>
		<feat xlink:href="#sSpan2587" value=","/>
		<feat xlink:href="#sSpan2591" value="ⲉϥϫⲱ"/>
		<feat xlink:href="#sSpan2600" value="ⲙ̄ⲙⲟⲥ"/>
		<feat xlink:href="#sSpan2606" value="ϫⲉϯⲛⲁⲃⲱⲕ⳿"/>
		<feat xlink:href="#sSpan2617" value="."/>
		<feat xlink:href="#sSpan2621" value="ⲉϥⲛⲉϫ"/>
		<feat xlink:href="#sSpan2631" value="ϩⲟⲟⲩ"/>
		<feat xlink:href="#sSpan2635" value="ⲛ̄ⲥⲁϩⲟⲟⲩ"/>
		<feat xlink:href="#sSpan2643" value="."/>
		<feat xlink:href="#sSpan2648" value="ⲉⲧⲃⲉⲟ ̂ⲩ"/>
		<feat xlink:href="#sSpan2657" value="ⲉⲓ̈ⲟ̂"/>
		<feat xlink:href="#sSpan2665" value="ⲙ̄ⲡⲓⲛⲟϭ"/>
		<feat xlink:href="#sSpan2674" value="ⲛ̄ⲃⲁⲣⲟⲥ⳿"/>
		<feat xlink:href="#sSpan2684" value="ⲉϩⲣⲁⲓ̈"/>
		<feat xlink:href="#sSpan2688" value="ⲉϫⲱⲕ"/>
		<feat xlink:href="#sSpan2695" value="ⲛ̄ⲧⲉⲓ̈ϩⲉ⳿"/>
		<feat xlink:href="#sSpan2703" value="ⲧⲏⲣ︤ⲥ︥"/>
		<feat xlink:href="#sSpan2710" value="ϫⲉⲁⲓ̈ⲃⲱⲕ⳿"/>
		<feat xlink:href="#sSpan2723" value="ϣⲁⲛⲉⲣⲣⲱⲟⲩ"/>
		<feat xlink:href="#sSpan2734" value="ⲏ̂"/>
		<feat xlink:href="#sSpan2739" value="ⲙ̄ⲡⲓⲃⲱⲕ⳿"/>
		<feat xlink:href="#sSpan2747" value="."/>
		<feat xlink:href="#sSpan2752" value="ⲙⲏ⳿"/>
		<feat xlink:href="#sSpan2760" value="ⲙ̄ⲡⲏⲩⲉ"/>
		<feat xlink:href="#sSpan2766" value="ⲙ︤ⲛ︥ⲡⲕⲁϩ"/>
		<feat xlink:href="#sSpan2777" value="ⲛⲁⲡⲉⲭ︤ⲥ︥"/>
		<feat xlink:href="#sSpan2787" value="ⲁⲛ"/>
		<feat xlink:href="#sSpan2792" value="ⲛⲉ⳿"/>
		<feat xlink:href="#sSpan2796" value="ⲙ︤ⲛ︥ⲛⲉⲧ︤ⲛ︥ϩⲏⲧⲟⲩ"/>
		<feat xlink:href="#sSpan2810" value="ⲧⲏⲣⲟⲩ"/>
		<feat xlink:href="#sSpan2816" value="."/>
		<feat xlink:href="#sSpan2821" value="ⲙⲏ⳿"/>
		<feat xlink:href="#sSpan2828" value="ⲟⲩⲛ̄ⲧⲉ"/>
		<feat xlink:href="#sSpan2832" value="ⲡⲉⲕⲉⲓⲱⲧ"/>
		<feat xlink:href="#sSpan2841" value="ⲕⲣⲟⲛⲟⲥ⳿"/>
		<feat xlink:href="#sSpan2846" value="ⲗⲁⲁⲩ"/>
		<feat xlink:href="#sSpan2851" value="ⲣⲱ̂"/>
		<feat xlink:href="#sSpan2855" value="ⲛ̄ⲧⲟϥ"/>
		<feat xlink:href="#sSpan2859" value="ⲛ̄ⲥⲁϩⲉⲛⲛⲟⲃⲉ"/>
		<feat xlink:href="#sSpan2869" value="ⲛⲁⲓ̈"/>
		<feat xlink:href="#sSpan2874" value="ⲉⲧ︤ⲕ︥ⲟ̂"/>
		<feat xlink:href="#sSpan2882" value="ⲛ̄ⲟⲩⲟⲉⲓⲉ⳿"/>
		<feat xlink:href="#sSpan2892" value="ⲉⲣⲟⲟⲩ"/>
		<feat xlink:href="#sSpan2898" value="ⲛⲁϥ"/>
		<feat xlink:href="#sSpan2905" value="ⲛ̄ⲧⲟⲕ"/>
		<feat xlink:href="#sSpan2909" value="ⲙ︤ⲛ︥ⲛⲉⲧⲉⲓⲛⲉ"/>
		<feat xlink:href="#sSpan2922" value="ⲙ̄ⲙⲟⲕ"/>
		<feat xlink:href="#sSpan2928" value="."/>
		<feat xlink:href="#sSpan2932" value="ⲉ̄ⲧⲉⲧ︤ⲛ︥ϫⲟ̂"/>
		<feat xlink:href="#sSpan2943" value="ⲁⲩⲱ"/>
		<feat xlink:href="#sSpan2947" value="ⲉⲧⲉⲧ︤ⲛ︥ⲱⲗ⳿"/>
		<feat xlink:href="#sSpan2956" value="ⲛⲁϥ⳿"/>
		<feat xlink:href="#sSpan2962" value="ⲉϩⲟⲩⲛ⳿"/>
		<feat xlink:href="#sSpan2967" value="ⲛ̄ⲙⲙ︤ⲛ︦ⲧ︥ⲁⲡⲓⲥⲧⲟⲥ⳿"/>
		<feat xlink:href="#sSpan2980" value="ⲙ︤ⲛ︥ⲛ̄ϭⲟⲗ⳿"/>
		<feat xlink:href="#sSpan2990" value=","/>
		<feat xlink:href="#sSpan2994" value="ⲙ︤ⲛ︥ⲛ̄ϫⲓⲛϭⲟⲛⲥ̄"/>
		<feat xlink:href="#sSpan3007" value=","/>
		<feat xlink:href="#sSpan3011" value="ⲙ︤ⲛ︥ⲛ̄ⲟⲩⲁ⳿"/>
		<feat xlink:href="#sSpan3021" value="ⲙ︤ⲛ︥ϩⲱⲃ"/>
		<feat xlink:href="#sSpan3029" value="ⲛⲓⲙ"/>
		<feat xlink:href="#sSpan3033" value="ⲙ̄ⲡⲟⲛⲏⲣⲟⲛ⳿"/>
		<feat xlink:href="#sSpan3041" value="="/>
		<feat xlink:href="#sSpan3045" value="Ⲉⲛⲉ"/>
		<feat xlink:href="#sSpan3053" value="ⲛ̄ⲧ︤ⲕ︥ⲟⲩⲉⲛⲧⲏϭ"/>
		<feat xlink:href="#sSpan3063" value="ⲛ̄ⲧⲉⲓ̈ϩⲉ"/>
		<feat xlink:href="#sSpan3072" value="ⲉⲕⲣⲏⲧ⳿"/>
		<feat xlink:href="#sSpan3081" value="ϩⲁⲣⲓϩⲁⲣⲟⲕ⳿"/>
		<feat xlink:href="#sSpan3087" value="ⲛⲉⲡⲉⲧⲉϣϣⲉ"/>
		<feat xlink:href="#sSpan3099" value="ⲡⲉ⳿"/>
		<feat xlink:href="#sSpan3105" value="ⲉⲁⲛⲉⲭⲉ⳿"/>
		<feat xlink:href="#sSpan3112" value="ⲙ̄ⲙⲟⲕ"/>
		<feat xlink:href="#sSpan3119" value="ϣⲁⲡⲉⲟⲩⲟⲉⲓϣ"/>
		<feat xlink:href="#sSpan3129" value="ⲙ̄ⲡⲱϩ︤ⲥ︥"/>
		<feat xlink:href="#sSpan3139" value="ⲕⲁⲧⲁⲡϣⲁϫⲉ"/>
		<feat xlink:href="#sSpan3149" value="ⲙ̄ⲡϫⲟⲉⲓⲥ"/>
		<feat xlink:href="#sSpan3159" value="ⲉⲛⲧⲁⲕϫⲓⲟⲩⲁ̂"/>
		<feat xlink:href="#sSpan3172" value="ⲉⲣⲟϥ"/>
		<feat xlink:href="#sSpan3178" value="."/>
		<feat xlink:href="#sSpan3183" value="ⲁⲗⲗⲁ"/>
		<feat xlink:href="#sSpan3190" value="ⲛ̄ⲧ︤ⲕ︥ⲟⲩϣⲟⲛⲧⲉ⳿"/>
		<feat xlink:href="#sSpan3200" value="ⲙ︤ⲛ︥ⲟⲩⲁⲣⲟⲟⲩⲉ⳿"/>
		<feat xlink:href="#sSpan3210" value="ⲉⲕϩⲓⲛⲉϩⲓⲟⲟⲩⲉ"/>
		<feat xlink:href="#sSpan3224" value="ⲉⲕⲟ̂"/>
		<feat xlink:href="#sSpan3233" value="ⲛ̄ϫⲣⲟⲡ̂"/>
		<feat xlink:href="#sSpan3240" value="ⲛ̄ⲛⲉⲧⲙⲟⲟϣⲉ"/>
		<feat xlink:href="#sSpan3252" value=","/>
		<feat xlink:href="#sSpan3257" value="ⲉⲧⲃⲉⲡⲁⲓ̈"/>
		<feat xlink:href="#sSpan3265" value="ⲡⲉⲧⲉϣϣⲉ"/>
		<feat xlink:href="#sSpan3273" value="ⲡⲉ⳿"/>
		<feat xlink:href="#sSpan3278" value="ⲉϣⲁⲁⲧ︤ⲕ︥"/>
		<feat xlink:href="#sSpan3286" value="ⲁⲩⲱ"/>
		<feat xlink:href="#sSpan3291" value="ⲉⲃⲟⲗⲃ︤ⲗ︥"/>
		<feat xlink:href="#sSpan3297" value="ⲛ̄ⲧⲉⲕⲛⲟⲩⲛⲉ⳿"/>
		<feat xlink:href="#sSpan3307" value="="/>
		<feat xlink:href="#sSpan3312" value="Ⲉⲡⲉⲓⲇⲏ"/>
		<feat xlink:href="#sSpan3320" value="ⲁⲕϫⲟⲟⲥ"/>
		<feat xlink:href="#sSpan3331" value="ⲇⲉ"/>
		<feat xlink:href="#sSpan3336" value="ⲟⲛ⳿"/>
		<feat xlink:href="#sSpan3340" value="ϩ︤ⲛ︥ⲛⲉⲕϣⲁϫⲉ"/>
		<feat xlink:href="#sSpan3350" value="ⲛ̄ⲉⲡⲣⲁ⳿"/>
		<feat xlink:href="#sSpan3356" value="ϫⲉⲉⲛⲉ"/>
		<feat xlink:href="#sSpan3366" value="ⲟⲩⲙⲟⲛⲁⲭⲟⲥ"/>
		<feat xlink:href="#sSpan3374" value="ⲛⲁⲙⲉⲡⲉ⳿"/>
		<feat xlink:href="#sSpan3381" value="ⲛⲉϥⲛⲁⲣ̂ϣⲟⲙ︤ⲧ︥"/>
		<feat xlink:href="#sSpan3395" value="ⲙ̄ⲫⲟⲛⲟⲥ⳿"/>
		<feat xlink:href="#sSpan3403" value="ϩ︤ⲙ︥ⲡⲉϩⲙⲉ⳿"/>
		<feat xlink:href="#sSpan3412" value="ⲛ̄ϩⲟⲟⲩ"/>
		<feat xlink:href="#sSpan3419" value="."/>
		<feat xlink:href="#sSpan3423" value="ⲉⲕϫⲱ"/>
		<feat xlink:href="#sSpan3434" value="ⲙ̄ⲙⲟⲥ"/>
		<feat xlink:href="#sSpan3440" value="ⲉⲛⲣⲓⲣ⳿"/>
		<feat xlink:href="#sSpan3450" value="ⲙ︤ⲛ︥ⲧⲉϩⲉ⳿"/>
		<feat xlink:href="#sSpan3459" value="ⲛ̄ⲧⲁⲓ̈ⲕⲟⲛⲥⲟⲩ"/>
		<feat xlink:href="#sSpan3472" value="ϩ︤ⲛ︥ⲛ̄ⲏⲓ̈"/>
		<feat xlink:href="#sSpan3482" value="ⲛ̄ⲛ̄ϩⲉⲗⲗⲏⲛ⳿"/>
		<feat xlink:href="#sSpan3495" value="ϫⲉⲙ̄ⲫⲟⲛⲟⲥ⳿"/>
		<feat xlink:href="#sSpan3506" value="ϯⲛⲁϫⲟⲞⲥ"/>
		<feat xlink:href="#sSpan3520" value="ϩⲱⲱⲧ⳿"/>
		<feat xlink:href="#sSpan3526" value="ⲛ̄ⲧⲉⲓ̈ϩⲉ"/>
		<feat xlink:href="#sSpan3535" value="ⲛ̄ⲛⲁϩ︤ⲣ︦ⲛ︥"/>
		<feat xlink:href="#sSpan3539" value="ⲛⲉⲕϣⲁϫⲉ"/>
		<feat xlink:href="#sSpan3547" value="ⲛ̄ⲕⲁⲃⲟⲗ⳿"/>
		<feat xlink:href="#sSpan3555" value="ϫⲉⲉϣϫⲉ"/>
		<feat xlink:href="#sSpan3564" value="ⲟⲩⲡⲉⲧⲉϣϣⲉ"/>
		<feat xlink:href="#sSpan3576" value="ⲁⲛ⳿"/>
		<feat xlink:href="#sSpan3581" value="ⲡⲉ⳯ⲧⲁⲓ̈ⲁⲁϥ"/>
		<feat xlink:href="#sSpan3596" value="ϫⲉⲁⲓ̈ⲡⲁⲣⲁⲇⲓⲅⲙⲁⲧⲓⲍⲉ⳿"/>
		<feat xlink:href="#sSpan3609" value="ⲛ̄ϩⲉⲛⲣⲉϥϣ︤ⲙ︥ϣⲉⲉⲓⲇⲱⲗⲟⲛ⳿"/>
		<feat xlink:href="#sSpan3623" value="."/>
		<feat xlink:href="#sSpan3627" value="ⲉⲓ̈ⲉ"/>
		<feat xlink:href="#sSpan3632" value="ⲟⲩⲕⲁⲧⲁⲕⲣⲓⲙⲁ"/>
		<feat xlink:href="#sSpan3641" value="ⲛⲁⲕ"/>
		<feat xlink:href="#sSpan3647" value="ⲛ̄ⲟⲩⲏⲣ"/>
		<feat xlink:href="#sSpan3653" value="ⲡⲉ⳿"/>
		<feat xlink:href="#sSpan3658" value="ϫⲉⲕⲡⲁⲣⲁⲃⲁ⳿"/>
		<feat xlink:href="#sSpan3667" value="ϩ︤ⲙ︥ⲡⲉϩⲙⲉ"/>
		<feat xlink:href="#sSpan3677" value="ⲛ̄ϩⲟⲟⲩ"/>
		<feat xlink:href="#sSpan3684" value=","/>
		<feat xlink:href="#sSpan3688" value="ⲁⲩⲱ"/>
		<feat xlink:href="#sSpan3694" value="ϩ︤ⲙ︥ⲡⲛⲟϭ"/>
		<feat xlink:href="#sSpan3703" value="ⲙ̄ⲡⲁⲥⲭⲁ⳿"/>
		<feat xlink:href="#sSpan3711" value="ⲉⲧⲟⲩⲁⲁⲃ⳿"/>
		<feat xlink:href="#sSpan3718" value="ⲉⲧⲉⲣⲉⲟⲩⲟⲛ"/>
		<feat xlink:href="#sSpan3727" value="ⲛⲓⲙ"/>
		<feat xlink:href="#sSpan3731" value="ⲉⲓⲣⲉ"/>
		<feat xlink:href="#sSpan3735" value="ⲙ̄ⲙⲟϥ"/>
		<feat xlink:href="#sSpan3742" value="ϣⲁϩⲣⲁⲓ̈"/>
		<feat xlink:href="#sSpan3748" value="ⲉⲛⲕⲉⲣ⳿ⲣⲱⲟⲩ"/>
		<feat xlink:href="#sSpan3760" value="ⲙ̄ⲙⲁⲓ̈ⲛⲟⲩⲧⲉ"/>
		<feat xlink:href="#sSpan3769" value="."/>
		<feat xlink:href="#sSpan3773" value="ⲛ̄ⲧⲟⲕ"/>
		<feat xlink:href="#sSpan3781" value="ⲇⲉ"/>
		<feat xlink:href="#sSpan3785" value="ⲕⲧⲣⲉⲛⲉⲕⲙⲁⲅⲉⲓⲣⲟⲥ⳿"/>
		<feat xlink:href="#sSpan3801" value="ⲣ̂ϩⲱⲃ"/>
		<feat xlink:href="#sSpan3807" value="ⲛⲁⲕ"/>
		<feat xlink:href="#sSpan3813" value="ⲛ̄ϩⲏⲧ︤ϥ︥"/>
		<feat xlink:href="#sSpan3820" value=","/>
		<feat xlink:href="#sSpan3824" value="ⲉⲕⲧⲣⲩⲫⲁ⳿"/>
		<feat xlink:href="#sSpan3833" value="ⲁⲩⲱ"/>
		<feat xlink:href="#sSpan3838" value="ⲉⲕⲁⲡⲁⲧⲁ⳿"/>
		<feat xlink:href="#sSpan3847" value="ⲁϫ︤ⲛ︥ϩⲟⲧⲉ"/>
		<feat xlink:href="#sSpan3855" value=","/>
		<feat xlink:href="#sSpan3859" value="ⲁⲩⲱ"/>
		<feat xlink:href="#sSpan3864" value="ⲉⲕⲧⲣⲉϩⲉⲛⲕⲟⲟⲩⲉ⳿"/>
		<feat xlink:href="#sSpan3880" value="ⲁⲡⲁⲧⲁ⳿"/>
		<feat xlink:href="#sSpan3884" value="ⲛ︤ⲙ︥ⲙⲁⲕ⳿"/>
		<feat xlink:href="#sSpan3891" value="="/>
		<feat xlink:href="#sSpan3895" value="ⲉⲃⲟⲗ"/>
		<feat xlink:href="#sSpan3902" value="ⲇⲉ"/>
		<feat xlink:href="#sSpan3907" value="Ⲟⲛ⳿"/>
		<feat xlink:href="#sSpan3912" value="ϫⲉⲁⲕⲧ︤ⲛ︥ⲛⲟⲟⲩ"/>
		<feat xlink:href="#sSpan3923" value="ϣⲁⲣⲟⲓ̈"/>
		<feat xlink:href="#sSpan3929" value="ϫⲉⲁⲙⲟⲩ"/>
		<feat xlink:href="#sSpan3938" value="ⲛ︤ⲅ︥ⲙⲉϣ︤ⲧ︥ⲛⲁⲏⲓ̈"/>
		<feat xlink:href="#sSpan3952" value="ⲉϣⲱⲡⲉ"/>
		<feat xlink:href="#sSpan3957" value="ⲉⲕϣⲁⲛϭ︤ⲛ︥ⲉⲓⲇⲱⲗⲟⲛ⳿"/>
		<feat xlink:href="#sSpan3967" value="ⲛ̄ϩⲏⲧⲟⲩ"/>
		<feat xlink:href="#sSpan3974" value=","/>
		<feat xlink:href="#sSpan3978" value="ⲛ̄ⲧⲉⲣⲉⲓ̈ⲙⲟϣⲧ︤ϥ︥"/>
		<feat xlink:href="#sSpan3991" value="ⲛ̄ⲕⲉⲥⲟⲡ"/>
		<feat xlink:href="#sSpan4002" value="ⲡⲉⲕⲏⲓ̈"/>
		<feat xlink:href="#sSpan4010" value="ⲙ̄ⲡⲓϭ︤ⲛ︥"/>
		<feat xlink:href="#sSpan4019" value="ⲗⲁⲁⲩ"/>
		<feat xlink:href="#sSpan4024" value="ⲛ̄ⲉⲓⲇⲱⲗⲟⲛ"/>
		<feat xlink:href="#sSpan4032" value="ⲛ̄ϩⲏⲧ︤ϥ︥"/>
		<feat xlink:href="#sSpan4038" value="."/>
		<feat xlink:href="#sSpan4043" value="ⲏ̂"/>
		<feat xlink:href="#sSpan4050" value="ⲙ︤ⲛ︥ϭⲉ"/>
		<feat xlink:href="#sSpan4056" value="ϣⲟⲟⲡ"/>
		<feat xlink:href="#sSpan4060" value="ⲛⲁⲕ⳿"/>
		<feat xlink:href="#sSpan4067" value="ⲛ̄ⲥⲁⲛⲉⲛⲧⲁⲓ̈ϥⲓⲧⲟⲩ"/>
		<feat xlink:href="#sSpan4084" value=","/>
		<feat xlink:href="#sSpan4089" value="ⲏ̂"/>
		<feat xlink:href="#sSpan4095" value="ⲉⲓ̈ϣⲁⲛϥⲓ"/>
		<feat xlink:href="#sSpan4102" value="ⲛ̄ⲉⲓⲇⲱⲗⲟⲛ⳿"/>
		<feat xlink:href="#sSpan4111" value="ⲉⲧϩ︤ⲙ︥ⲡⲉⲕⲏⲓ̈"/>
		<feat xlink:href="#sSpan4124" value="ⲙⲏ⳿"/>
		<feat xlink:href="#sSpan4128" value="ⲉⲓ̈ⲛⲁϣϩⲱⲡ"/>
		<feat xlink:href="#sSpan4141" value="ⲟⲛ⳿"/>
		<feat xlink:href="#sSpan4145" value="ⲙ̄ⲡⲣⲏ⳿"/>
		<feat xlink:href="#sSpan4154" value="ϩ︤ⲛ︥ⲧⲡⲉ⳿"/>
		<feat xlink:href="#sSpan4164" value="ⲙ︤ⲛ︥ⲡⲟⲟϩ⳿"/>
		<feat xlink:href="#sSpan4174" value="ⲙ︤ⲛ︥ⲛ̄ⲥⲓⲟⲩ"/>
		<feat xlink:href="#sSpan4183" value="ⲛⲁⲓ̈"/>
		<feat xlink:href="#sSpan4189" value="ⲉⲧ︤ⲕ︥ϣ︤ⲙ︥ϣⲉ"/>
		<feat xlink:href="#sSpan4197" value="ⲛⲁⲩ"/>
		<feat xlink:href="#sSpan4204" value=","/>
		<feat xlink:href="#sSpan4209" value="ⲏ̂"/>
		<feat xlink:href="#sSpan4215" value="ⲉⲓ̈ⲛⲁⲕⲱⲧ⳿"/>
		<feat xlink:href="#sSpan4226" value="ⲛ̄ϩⲉⲛⲥⲟⲃ︤ⲧ︥"/>
		<feat xlink:href="#sSpan4236" value="ⲉⲛⲙⲁ⳿"/>
		<feat xlink:href="#sSpan4245" value="ⲛ̄ϩⲱⲧ︤ⲡ︥"/>
		<feat xlink:href="#sSpan4252" value="ⲉⲧ︤ⲙ︥ⲧⲣⲉⲕϣⲗⲏⲗ⳿"/>
		<feat xlink:href="#sSpan4265" value="ⲉⲛⲥⲁ⳿ⲙ̄ⲡⲉⲙ︤ⲛ︦ⲧ︥"/>
		<feat xlink:href="#sSpan4279" value=","/>
		<feat xlink:href="#sSpan4284" value="ⲏ̂"/>
		<feat xlink:href="#sSpan4290" value="ⲉⲓ̈ⲛⲁⲣⲟⲉⲓⲥ⳿"/>
		<feat xlink:href="#sSpan4303" value="ϩⲓϫ︤ⲙ︥ⲡⲉⲓⲉⲣⲟ⳿"/>
		<feat xlink:href="#sSpan4313" value=","/>
		<feat xlink:href="#sSpan4317" value="ⲁⲩⲱ"/>
		<feat xlink:href="#sSpan4322" value="ϩⲓϫ︤ⲛ︥ⲛⲉⲕⲉⲩⲣⲓⲡⲟⲥ⳿"/>
		<feat xlink:href="#sSpan4333" value="ⲉⲧ︤ⲙ︥ⲧⲣⲉⲕⲟⲩⲱ̂ⲧ︤ⲛ︥"/>
		<feat xlink:href="#sSpan4347" value="ⲉⲃⲟⲗ⳿"/>
		<feat xlink:href="#sSpan4351" value="ⲛ̄ⲕⲣⲟⲛⲟⲥ⳿"/>
		<feat xlink:href="#sSpan4360" value="ⲉϩⲣⲁⲓ̈"/>
		<feat xlink:href="#sSpan4364" value="ⲉⲛⲙⲟⲩ"/>
		<feat xlink:href="#sSpan4374" value="ⲛⲉⲓⲟⲟⲩⲉ⳿"/>
		<feat xlink:href="#sSpan4381" value=","/>
		<feat xlink:href="#sSpan4385" value="ϩⲱ"/>
		<feat xlink:href="#sSpan4391" value="ϭⲉ"/>
		<feat xlink:href="#sSpan4395" value="ⲉⲣⲟⲕ"/>
		<feat xlink:href="#sSpan4402" value="ⲉⲕϫⲱ̂"/>
		<feat xlink:href="#sSpan4410" value="ⲛ̄ⲛⲓϣⲁϫⲉ"/>
		<feat xlink:href="#sSpan4420" value="ⲛ̄ϭⲟⲗ"/>
		<feat xlink:href="#sSpan4426" value="ϩⲓⲕⲟⲧ︤ⲥ︥"/>
		<feat xlink:href="#sSpan4433" value=","/>
		<feat xlink:href="#sSpan4437" value="ⲡⲣⲱⲙⲉ"/>
		<feat xlink:href="#sSpan4447" value="ⲉⲧϩⲏⲩ"/>
		<feat xlink:href="#sSpan4453" value="ⲉϩⲣⲁⲓ̈"/>
		<feat xlink:href="#sSpan4457" value="ⲉϩⲉⲛⲛⲟϭ"/>
		<feat xlink:href="#sSpan4467" value="ⲙ̄ⲡⲉⲑⲟⲟⲩ"/>
		<feat xlink:href="#sSpan4478" value="."/>
		<feat xlink:href="#sSpan4482" value="ⲛ̄ⲑⲉ"/>
		<feat xlink:href="#sSpan4493" value="ⲅⲁⲣ"/>
		<feat xlink:href="#sSpan4498" value="ⲉⲧ︤ⲕ︥ⲟ̂"/>
		<feat xlink:href="#sSpan4506" value="ⲛ̄ⲁⲧⲛⲟⲩⲧⲉ"/>
		<feat xlink:href="#sSpan4516" value="."/>
		<feat xlink:href="#sSpan4520" value="ⲧⲁⲓ̈"/>
		<feat xlink:href="#sSpan4524" value="ⲧⲉ"/>
		<feat xlink:href="#sSpan4528" value="ⲑⲉ"/>
		<feat xlink:href="#sSpan4535" value="ⲉⲧ︤ⲕ︥ⲑⲗⲓⲃⲉ⳿"/>
		<feat xlink:href="#sSpan4543" value="ⲛ̄ⲛ̄ϩⲏⲕⲉ"/>
		<feat xlink:href="#sSpan4553" value="ϩ︤ⲛ︥ⲛⲉⲕⲙ︤ⲛ︦ⲧ︥ⲣⲉϥϫⲓⲛϭⲟⲛ︤ⲥ︥"/>
		<feat xlink:href="#sSpan4569" value=","/>
		<feat xlink:href="#sSpan4574" value="ⲏ⳿"/>
		<feat xlink:href="#sSpan4580" value="ⲕⲉⲙⲓⲛⲉ⳿"/>
		<feat xlink:href="#sSpan4587" value="ⲛ̄ⲇⲓⲱⲅⲙⲟⲥ"/>
		<feat xlink:href="#sSpan4595" value="ⲁⲛ⳿"/>
		<feat xlink:href="#sSpan4599" value="ⲧⲉ"/>
		<feat xlink:href="#sSpan4604" value="ⲧⲁⲓ̈"/>
		<feat xlink:href="#sSpan4608" value="ⲉⲧⲉⲧ︤ⲛ︥ⲡⲏⲧ"/>
		<feat xlink:href="#sSpan4617" value="ⲛ̄ⲥⲁⲛ̄ⲣⲱⲙⲉ"/>
		<feat xlink:href="#sSpan4627" value=","/>
		<feat xlink:href="#sSpan4632" value="ⲙⲁⲗⲓⲥⲧⲁ⳿"/>
		<feat xlink:href="#sSpan4637" value="ⲛⲉⲡⲣⲉⲥⲃⲩⲧⲉⲣⲟⲥ⳿"/>
		<feat xlink:href="#sSpan4646" value="ⲛ̄ⲧⲉⲕⲕⲗⲏⲥⲓⲁ⳿"/>
		<feat xlink:href="#sSpan4657" value="ϣⲁⲛⲧⲉⲧ︤ⲛ︥ϭⲟⲧⲡⲟⲩ"/>
		<feat xlink:href="#sSpan4670" value="ⲉⲃⲟⲗ⳿"/>
		<feat xlink:href="#sSpan4675" value="ϩ︤ⲛ︥ⲛⲉⲩⲏⲓ̈"/>
		<feat xlink:href="#sSpan4685" value="ϩ︤ⲙ︥ⲡⲓⲕⲁⲓⲣⲟⲥ"/>
		<feat xlink:href="#sSpan4697" value="ⲟⲛ⳿"/>
		<feat xlink:href="#sSpan4701" value="ⲡⲁⲓ̈"/>
		<feat xlink:href="#sSpan4705" value="ϩⲣⲁⲓ̈"/>
		<feat xlink:href="#sSpan4711" value="ϩ︤ⲛ︥ⲛⲓⲛⲟϭ"/>
		<feat xlink:href="#sSpan4720" value="ⲛ̄ϩⲓⲥⲉ"/>
		<feat xlink:href="#sSpan4727" value="ⲉⲧϩⲓϫ︤ⲙ︥ⲡⲕⲁϩ⳿"/>
		<feat xlink:href="#sSpan4739" value=","/>
		<feat xlink:href="#sSpan4743" value="ⲉⲧⲉⲧ︤ⲛ︥ⲛⲁ⳿"/>
		<feat xlink:href="#sSpan4753" value="ⲉϩⲟⲩⲛ"/>
		<feat xlink:href="#sSpan4757" value="ⲉⲛⲉⲩⲧⲟⲡⲟⲥ⳿"/>
		<feat xlink:href="#sSpan4768" value=","/>
		<feat xlink:href="#sSpan4772" value="ⲉⲙ︤ⲛ︥ϣⲏⲣⲉ"/>
		<feat xlink:href="#sSpan4784" value="ⲉⲙ︤ⲛ︥ⲉⲓⲱⲧ⳿"/>
		<feat xlink:href="#sSpan4794" value="ⲉⲙ︤ⲛ︥ⲗⲁⲁⲩ"/>
		<feat xlink:href="#sSpan4803" value="ⲛ̄ϩⲏⲧⲟⲩ"/>
		<feat xlink:href="#sSpan4811" value="ϩⲟⲗⲱⲥ⳿"/>
		<feat xlink:href="#sSpan4815" value="ⲙ̄ⲙⲁⲩ"/>
		<feat xlink:href="#sSpan4821" value="ⲉⲧⲃⲉϫⲉⲁⲩⲡⲱⲧ⳿"/>
		<feat xlink:href="#sSpan4834" value="."/>
		<feat xlink:href="#sSpan4838" value="ⲉⲧⲉⲧ︤ⲛ︥ϥⲓ"/>
		<feat xlink:href="#sSpan4849" value="ⲛ̄ⲛⲉⲩⲧ︤ⲃ︥ⲛⲟⲟⲩⲉ⳿"/>
		<feat xlink:href="#sSpan4859" value="ⲙ︤ⲛ︥ⲧⲉⲩⲁϭⲟⲗⲧⲉ⳿"/>
		<feat xlink:href="#sSpan4869" value=","/>
		<feat xlink:href="#sSpan4873" value="ⲁⲩⲱ"/>
		<feat xlink:href="#sSpan4878" value="ⲡⲉⲩⲧⲱϩ⳿"/>
		<feat xlink:href="#sSpan4885" value="ⲉⲧⲉⲧ︤ⲛ︥ϫⲓ"/>
		<feat xlink:href="#sSpan4894" value="ⲙ̄ⲙⲟⲟⲩ"/>
		<feat xlink:href="#sSpan4900" value="ⲉⲛⲉⲧ︤ⲛ︥ϭⲟⲟⲙ⳿"/>
		<feat xlink:href="#sSpan4911" value="ⲉⲧⲉⲧ︤ⲛ︥ⲁⲛⲁⲅⲕⲁⲍⲉ⳿"/>
		<feat xlink:href="#sSpan4921" value="ⲙ̄ⲙⲟⲟⲩ"/>
		<feat xlink:href="#sSpan4927" value="ⲉⲧⲣⲉⲩⲕⲱⲧⲉ"/>
		<feat xlink:href="#sSpan4938" value="ⲙ̄ⲙⲟⲟⲩ"/>
		<feat xlink:href="#sSpan4946" value="ⲡⲁⲣⲁⲧⲉⲩϭⲟⲙ"/>
		<feat xlink:href="#sSpan4956" value="·"/>
		<feat xlink:href="#sSpan4960" value="ⲟ ̂ⲩ"/>
		<feat xlink:href="#sSpan4966" value="ⲟⲛ⳿"/>
		<feat xlink:href="#sSpan4971" value="ⲡⲉ"/>
		<feat xlink:href="#sSpan4975" value="ⲡⲕⲉⲛⲟϭ"/>
		<feat xlink:href="#sSpan4984" value="ⲙ̄ⲡⲁⲥⲭⲁ⳿"/>
		<feat xlink:href="#sSpan4992" value="ⲧⲉⲧ︤ⲛ︥ⲕⲱ"/>
		<feat xlink:href="#sSpan4999" value="ⲙ̄ⲙⲟⲟⲩ"/>
		<feat xlink:href="#sSpan5005" value="ⲁⲛ⳿"/>
		<feat xlink:href="#sSpan5009" value="ⲉⲥ︤ⲣ︥ϥⲉ"/>
		<feat xlink:href="#sSpan5017" value="ⲉⲁⲁϥ"/>
		<feat xlink:href="#sSpan5025" value="·"/>
		<feat xlink:href="#sSpan5029" value="ϣⲁϩⲣⲁⲓ̈"/>
		<feat xlink:href="#sSpan5038" value="ⲉⲛϫⲟⲓ̈"/>
		<feat xlink:href="#sSpan5047" value="ⲛ̄ⲃ︤ⲣ︥ⲣⲉ⳿"/>
		<feat xlink:href="#sSpan5054" value="ⲛ̄ⲧⲁⲧⲉⲧ︤ⲛ︥ⲙⲟⲛⲕⲟⲩ"/>
		<feat xlink:href="#sSpan5067" value="ⲉⲧⲉⲧ︤ⲛ︥ⲧⲣⲉⲩⲛⲟⲩϫⲉ⳿"/>
		<feat xlink:href="#sSpan5083" value="ⲙ̄ⲙⲟⲟⲩ"/>
		<feat xlink:href="#sSpan5089" value="ⲉⲡⲙⲟⲟⲩ"/>
		<feat xlink:href="#sSpan5099" value="ⲛ̄ϩⲏⲧ︤ϥ︥"/>
		<feat xlink:href="#sSpan5106" value=","/>
		<feat xlink:href="#sSpan5110" value="ⲉⲡⲙⲁ"/>
		<feat xlink:href="#sSpan5119" value="ⲛ̄ⲧⲣⲉⲩⲣ̂ϩⲏⲃⲉ⳿"/>
		<feat xlink:href="#sSpan5132" value="ⲛ̄ϩⲏⲧ︤ϥ︥"/>
		<feat xlink:href="#sSpan5138" value="."/>
		<feat xlink:href="#sSpan5143" value="ⲁⲧⲉⲧ︤ⲛ︥ⲧⲣⲉⲩⲉϣⲗⲟⲩⲗⲁⲓ̈"/>
		<feat xlink:href="#sSpan5160" value="ⲉⲡⲉⲩⲟⲩⲱϣ"/>
		<feat xlink:href="#sSpan5170" value="ⲁⲛ"/>
		<feat xlink:href="#sSpan5174" value="ⲡⲉ⳿"/>
		<feat xlink:href="#sSpan5179" value=","/>
		<feat xlink:href="#sSpan5183" value="ⲛⲓⲙ"/>
		<feat xlink:href="#sSpan5189" value="ⲡⲉⲧⲛⲁϣⲧⲁⲩⲉ⳿"/>
		<feat xlink:href="#sSpan5203" value="ⲛⲉⲧ︤ⲛ︥ⲡⲉⲑⲟⲟⲩ"/>
		<feat xlink:href="#sSpan5214" value="ⲧⲏⲣⲟⲩ"/>
		<feat xlink:href="#sSpan5221" value="="/>
		<feat xlink:href="#sSpan5225" value="ⲛ̄ⲑⲉ"/>
		<feat xlink:href="#sSpan5237" value="Ⲟⲛ⳿"/>
		<feat xlink:href="#sSpan5242" value="ⲉϣⲁⲧⲉⲧ︤ⲛ︥ϣⲱⲱⲧ⳿"/>
		<feat xlink:href="#sSpan5253" value="ⲙ̄ⲡⲉⲧ︤ⲛ︥ⲙⲁⲥⲉ⳿"/>
		<feat xlink:href="#sSpan5263" value="ⲉϥⲛⲁⲙⲟⲩ"/>
		<feat xlink:href="#sSpan5274" value=","/>
		<feat xlink:href="#sSpan5279" value="ⲏ̂"/>
		<feat xlink:href="#sSpan5283" value="ⲉϥϣⲁⲛⲣ⳿ⲥⲧ"/>
		<feat xlink:href="#sSpan5292" value="ⲉⲃⲟⲗ⳿"/>
		<feat xlink:href="#sSpan5296" value="ⲛ︤ϥ︥ⲧⲙ︥︥ⲣ̂ϣⲁⲩ"/>
		<feat xlink:href="#sSpan5309" value="ⲙ̄ⲡⲉⲧ︤ⲛ︥ϩⲱⲃ⳿"/>
		<feat xlink:href="#sSpan5319" value=","/>
		<feat xlink:href="#sSpan5323" value="ⲛ̄ⲧⲉⲧ︤ⲛ︥ⲥⲟⲣ︤ϥ︥"/>
		<feat xlink:href="#sSpan5336" value="ⲉⲃⲟⲗ"/>
		<feat xlink:href="#sSpan5342" value="ⲙⲉⲣⲟⲥ⳿"/>
		<feat xlink:href="#sSpan5349" value="ⲙⲉⲣⲟⲥ⳿"/>
		<feat xlink:href="#sSpan5353" value="ⲛ̄ⲑⲉ"/>
		<feat xlink:href="#sSpan5362" value="ⲉⲧⲉϩⲛⲏⲧ︤ⲛ︥"/>
		<feat xlink:href="#sSpan5372" value=","/>
		<feat xlink:href="#sSpan5376" value="ⲛ̄ⲧⲉⲧ︤ⲛ︥ⲛⲟϫ︤ϥ︥"/>
		<feat xlink:href="#sSpan5387" value="ⲉϫⲱⲟⲩ"/>
		<feat xlink:href="#sSpan5395" value="ϣⲁϩⲣⲁⲓ̈"/>
		<feat xlink:href="#sSpan5402" value="ⲉⲛⲉⲭⲏⲣⲁ⳿"/>
		<feat xlink:href="#sSpan5413" value=","/>
		<feat xlink:href="#sSpan5417" value="ⲁⲩⲱ"/>
		<feat xlink:href="#sSpan5422" value="ⲛ̄ϩⲗⲗⲟ⳿"/>
		<feat xlink:href="#sSpan5428" value="ⲙ︤ⲛ︥ⲛ̄ϩ︤ⲗ︥ⲗⲱ̂"/>
		<feat xlink:href="#sSpan5438" value="ⲙ︤ⲛ︥ⲛ̄ⲟⲣⲫⲁⲛⲟⲥ⳿"/>
		<feat xlink:href="#sSpan5449" value="ⲙ︤ⲛ︥ⲛ̄ϣ︤ⲙ︥ⲙⲟ̂"/>
		<feat xlink:href="#sSpan5459" value="."/>
		<feat xlink:href="#sSpan5463" value="ⲉⲧⲉⲧ︤ⲛ︥ϣⲓⲧⲉ⳿"/>
		<feat xlink:href="#sSpan5475" value="ⲙ̄ⲙⲟⲟⲩ"/>
		<feat xlink:href="#sSpan5482" value="ⲛ̄ϩⲉⲛϩⲟⲙ︤ⲧ︥"/>
		<feat xlink:href="#sSpan5493" value="ⲡⲁⲣⲁⲧⲉⲩⲁⲥⲟⲩ"/>
		<feat xlink:href="#sSpan5503" value="ϣⲁⲛⲧⲉⲧ︤ⲛ︥ⲥⲉⲩϩ⳿"/>
		<feat xlink:href="#sSpan5512" value="ⲧⲉⲧⲓⲙⲏ⳿"/>
		<feat xlink:href="#sSpan5521" value="ⲙ̄ⲡⲙⲁⲥⲉ⳿"/>
		<feat xlink:href="#sSpan5530" value="ⲉϩⲟⲩⲛ⳿"/>
		<feat xlink:href="#sSpan5535" value="ⲉⲥⲕⲏⲃ⳿"/>
		<feat xlink:href="#sSpan5543" value="ϩⲁϩⲉⲛⲉⲗⲁⲭⲓⲥⲧⲟ⳯ ⳿"/>
		<feat xlink:href="#sSpan5554" value="ⲛ̄ⲁϥ̂"/>
		<feat xlink:href="#sSpan5561" value=","/>
		<feat xlink:href="#sSpan5565" value="ⲉϩⲉⲛⲕⲉⲉⲥⲛⲉ⳿"/>
		<feat xlink:href="#sSpan5577" value="ϩⲓϩⲛⲁⲩ"/>
		<feat xlink:href="#sSpan5584" value="ⲛ̄ⲁⲧϣⲁⲩ"/>
		<feat xlink:href="#sSpan5593" value="="/>
		<feat xlink:href="#sSpan5597" value="ⲛ̄ⲑⲉ"/>
		<feat xlink:href="#sSpan5609" value="Ⲟⲛ⳿"/>
		<feat xlink:href="#sSpan5614" value="ⲉϣⲁⲧⲉⲧ︤ⲛ︥ϯ"/>
		<feat xlink:href="#sSpan5625" value="ϩⲉⲛⲙⲁⲥⲉ"/>
		<feat xlink:href="#sSpan5632" value="ⲛⲁⲩ"/>
		<feat xlink:href="#sSpan5638" value="ⲙ︤ⲛ︥ϩⲉⲛⲉϩⲟⲟⲩ"/>
		<feat xlink:href="#sSpan5649" value="ⲕⲁⲧⲁϩⲟⲓ̈"/>
		<feat xlink:href="#sSpan5657" value="ⲉⲧⲣⲉⲩⲥⲁⲛⲟⲩϣⲟⲩ"/>
		<feat xlink:href="#sSpan5670" value="ϣⲁ⳯ⲧⲟⲩⲣ⳿ⲛⲟϭ"/>
		<feat xlink:href="#sSpan5681" value="ⲛ̄ⲧⲉⲧ︤ⲛ︥ϥⲓⲧⲟⲩ"/>
		<feat xlink:href="#sSpan5692" value="."/>
		<feat xlink:href="#sSpan5697" value="ϩⲟⲓ̈ⲛⲉ"/>
		<feat xlink:href="#sSpan5705" value="ⲙⲉⲛ⳿"/>
		<feat xlink:href="#sSpan5709" value="ⲉⲧⲣⲉⲩⲧⲁⲁⲩ"/>
		<feat xlink:href="#sSpan5722" value="ⲛⲏⲧ︤ⲛ︥ⲛ̄ⲧⲁⲉⲓⲟ̂"/>
		<feat xlink:href="#sSpan5734" value=","/>
		<feat xlink:href="#sSpan5738" value="ⲛ̄ⲧⲉⲧ︤ⲛ︥ⲣ̂ⲗⲁⲁⲩ"/>
		<feat xlink:href="#sSpan5750" value="ⲁⲛ⳿"/>
		<feat xlink:href="#sSpan5754" value="ⲙ̄ⲡⲉⲧⲛⲁⲛⲟⲩϥ"/>
		<feat xlink:href="#sSpan5768" value="ⲛⲁⲩ"/>
		<feat xlink:href="#sSpan5774" value="ⲛ̄ⲧⲉⲩϣ︤ⲃ︥ⲉⲓⲱ̂"/>
		<feat xlink:href="#sSpan5784" value="."/>
		<feat xlink:href="#sSpan5789" value="ϩⲉⲛⲕⲟⲟⲩⲉ"/>
		<feat xlink:href="#sSpan5798" value="ⲟⲛ⳿"/>
		<feat xlink:href="#sSpan5803" value="ⲉⲧⲣⲉⲩⲥⲁⲛⲟⲩϣⲟⲩ"/>
		<feat xlink:href="#sSpan5816" value="ⲛⲏⲧ︤ⲛ︥ⲛ̄ⲧⲉⲓ̈ϩⲉ"/>
		<feat xlink:href="#sSpan5829" value="ⲟⲛ⳿"/>
		<feat xlink:href="#sSpan5834" value="ϩⲉ⳯ϩⲧⲟ̂"/>
		<feat xlink:href="#sSpan5841" value=","/>
		<feat xlink:href="#sSpan5845" value="ⲁⲩⲱ"/>
		<feat xlink:href="#sSpan5850" value="ϩⲉⲛⲉⲓⲱ̂"/>
		<feat xlink:href="#sSpan5859" value=","/>
		<feat xlink:href="#sSpan5863" value="ⲙ︤ⲛ︥ϩⲉⲛⲉⲥⲟⲟⲩ"/>
		<feat xlink:href="#sSpan5873" value=","/>
		<feat xlink:href="#sSpan5877" value="ⲙ︤ⲛ︥ϩⲉⲛⲙⲁⲥⲉ⳿"/>
		<feat xlink:href="#sSpan5887" value=","/>
		<feat xlink:href="#sSpan5891" value="ⲙ︤ⲛ︥ϩⲉⲛⲣⲓⲣ⳿"/>
		<feat xlink:href="#sSpan5901" value=","/>
		<feat xlink:href="#sSpan5905" value="ϩⲁⲙⲟⲓ̈"/>
		<feat xlink:href="#sSpan5911" value="ⲟⲛ⳿"/>
		<feat xlink:href="#sSpan5916" value="ⲛⲉ"/>
		<feat xlink:href="#sSpan5920" value="ϣⲁⲧⲉⲧ︤ⲛ︥ϭⲱ̂"/>
		<feat xlink:href="#sSpan5929" value="ⲛ̄ⲧⲉⲓ̈ϩⲉ"/>
		<feat xlink:href="#sSpan5937" value="ⲡⲉ⳿"/>
		<feat xlink:href="#sSpan5942" value=","/>
		<feat xlink:href="#sSpan5946" value="ⲛⲉⲧⲉⲧⲛⲁⲉⲡⲓⲑⲩⲙⲉⲓ⳿"/>
		<feat xlink:href="#sSpan5961" value="ⲅⲁⲣ"/>
		<feat xlink:href="#sSpan5965" value="ⲉⲣⲟⲟⲩ"/>
		<feat xlink:href="#sSpan5972" value="ϩ︤ⲛ︥ⲛⲉⲩⲧ︤ⲃ︥ⲛⲟⲟⲩⲉ⳿"/>
		<feat xlink:href="#sSpan5983" value="ⲏ̂"/>
		<feat xlink:href="#sSpan5989" value="ⲛ̄ⲧⲟϥ"/>
		<feat xlink:href="#sSpan5995" value="ϩⲉⲛⲕⲉϩⲛⲁⲁⲩ"/>
		<feat xlink:href="#sSpan6004" value=","/>
		<feat xlink:href="#sSpan6008" value="ⲧⲉⲧ︤ⲛ︥ⲧⲱⲣ︤ⲡ︥"/>
		<feat xlink:href="#sSpan6017" value="ⲙ̄ⲙⲟⲟⲩ"/>
		<feat xlink:href="#sSpan6023" value="ⲛ̄ⲧⲟⲟⲧⲟⲩ"/>
		<feat xlink:href="#sSpan6032" value=","/>
		<feat xlink:href="#sSpan6037" value="ϩⲟⲓ̈ⲛⲉ"/>
		<feat xlink:href="#sSpan6044" value="ⲛ̄ϫⲓⲛϫⲏ⳿"/>
		<feat xlink:href="#sSpan6051" value="."/>
		<feat xlink:href="#sSpan6056" value="ϩⲉⲛⲕⲟⲟⲩⲉ"/>
		<feat xlink:href="#sSpan6065" value="ϩⲁϩⲉⲛⲕⲟⲩⲓ̈"/>
		<feat xlink:href="#sSpan6075" value="ⲛ̄ⲧⲓⲙⲏ⳿"/>
		<feat xlink:href="#sSpan6083" value=","/>
		<feat xlink:href="#sSpan6088" value="ⲭⲱⲣⲓⲥ"/>
		<feat xlink:href="#sSpan6095" value="ⲟ̂ⲉⲓⲕ⳿"/>
		<feat xlink:href="#sSpan6100" value="ϩⲓⲏ̂ⲣⲡ̄"/>
		<feat xlink:href="#sSpan6107" value=","/>
		<feat xlink:href="#sSpan6111" value="ϩⲓϭⲓⲛⲟⲩⲱⲙ⳿"/>
		<feat xlink:href="#sSpan6121" value=","/>
		<feat xlink:href="#sSpan6125" value="ϩⲓⲧⲱϩ⳿"/>
		<feat xlink:href="#sSpan6133" value="."/>
		<feat xlink:href="#sSpan6137" value="ϩⲓⲉⲓⲱⲧ⳿"/>
		<feat xlink:href="#sSpan6147" value="ⲛ̄ⲛⲉⲧ︤ⲛ︥ⲧ︤ⲃ︥ⲛⲟⲟⲩⲉ"/>
		<feat xlink:href="#sSpan6157" value=","/>
		<feat xlink:href="#sSpan6161" value="ⲙ︤ⲛ︥ⲛ̄ⲕⲟⲟⲩⲉ"/>
		<feat xlink:href="#sSpan6171" value="ⲧⲏⲣⲟⲩ"/>
		<feat xlink:href="#sSpan6177" value=" =–"/>
		<feat xlink:href="#sSpan6182" value="Ⲛ̄ⲑⲉ"/>
		<feat xlink:href="#sSpan6194" value="ⲟⲛ⳿"/>
		<feat xlink:href="#sSpan6198" value="ⲉϣⲁⲧⲉⲧ︤ⲛ︥ⲥⲟⲟⲩϩⲟⲩ"/>
		<feat xlink:href="#sSpan6212" value="ⲉⲧⲣⲉⲩⲣⲟⲉⲓⲥ⳿"/>
		<feat xlink:href="#sSpan6222" value="ⲉⲣⲱⲧ︤ⲛ︥"/>
		<feat xlink:href="#sSpan6229" value="ϩⲓⲛⲉϫⲏⲩ"/>
		<feat xlink:href="#sSpan6239" value="ϩ︤ⲙ︥ⲡⲕⲁⲓⲣⲟⲥ⳿"/>
		<feat xlink:href="#sSpan6250" value="ⲉϣⲁⲧⲉⲧ︤ⲛ︥ⲡⲱⲧ"/>
		<feat xlink:href="#sSpan6262" value="ϩⲁⲡϩⲟ̂"/>
		<feat xlink:href="#sSpan6272" value="ⲛ̄ⲛ̄ⲃⲁⲣⲃⲁⲣⲟⲥ⳿"/>
		<feat xlink:href="#sSpan6283" value="."/>
		<feat xlink:href="#sSpan6288" value="ⲏ̂"/>
		<feat xlink:href="#sSpan6295" value="ⲡⲃⲁⲣⲃⲁⲣⲟⲥ"/>
		<feat xlink:href="#sSpan6303" value="ⲡⲏⲧ"/>
		<feat xlink:href="#sSpan6307" value="ⲛ̄ⲥⲱⲟⲩ"/>
		<feat xlink:href="#sSpan6314" value="ⲛ̄ⲧⲟⲟⲩ"/>
		<feat xlink:href="#sSpan6318" value="ⲁⲛ⳿"/>
		<feat xlink:href="#sSpan6323" value="."/>
		<feat xlink:href="#sSpan6327" value="ⲉⲣⲉⲛⲉⲩϩⲓⲟⲙⲉ"/>
		<feat xlink:href="#sSpan6339" value="ⲙ︤ⲛ︥ⲛⲉⲩϣⲏⲣⲉ"/>
		<feat xlink:href="#sSpan6349" value="ⲙ︤ⲛ︥ⲡⲥⲟⲃⲧⲉ"/>
		<feat xlink:href="#sSpan6359" value="ⲛ̄ⲧⲉⲩⲙ︤ⲛ︦ⲧ︥ϩⲏⲕⲉ"/>
		<feat xlink:href="#sSpan6371" value="ϩⲓϫ︤ⲛ︥ⲛⲉⲩⲧ︤ⲃ︥ⲛⲟⲟⲩⲉ⳿"/>
		<feat xlink:href="#sSpan6381" value="."/>
		<feat xlink:href="#sSpan6385" value="ⲁⲩⲱ"/>
		<feat xlink:href="#sSpan6391" value="ϩ︤ⲛ︥ⲛⲉⲩⲁϭⲟⲗⲧⲉ"/>
		<feat xlink:href="#sSpan6401" value="ⲉⲩⲡⲏⲧ"/>
		<feat xlink:href="#sSpan6410" value="ϩⲱⲟⲩ"/>
		<feat xlink:href="#sSpan6416" value="ⲉⲃⲟⲗ"/>
		<feat xlink:href="#sSpan6422" value="ϩ︤ⲛ︥ⲛⲉⲩⲧⲟⲡⲟⲥ⳿"/>
		<feat xlink:href="#sSpan6432" value="ⲉϩⲉⲛⲕⲉⲧⲟⲡⲟⲥ⳿"/>
		<feat xlink:href="#sSpan6444" value="ⲉⲧⲣⲉⲩⲛⲁϩⲙⲟⲩ"/>
		<feat xlink:href="#sSpan6457" value="·"/>
		<feat xlink:href="#sSpan6462" value="ⲧⲁⲓ̈"/>
		<feat xlink:href="#sSpan6469" value="ⲧⲉ"/>
		<feat xlink:href="#sSpan6473" value="ⲑⲉ"/>
		<feat xlink:href="#sSpan6480" value="ⲉϣⲁⲣⲉϩⲁϩ"/>
		<feat xlink:href="#sSpan6490" value="ⲛ̄ϩⲏⲧⲟⲩ"/>
		<feat xlink:href="#sSpan6497" value="ⲧϩⲛⲉⲣⲱⲙⲉ"/>
		<feat xlink:href="#sSpan6503" value="ϩⲁⲡⲉⲩⲃⲉⲕⲉ"/>
		<feat xlink:href="#sSpan6513" value="ⲛ̄ⲥⲉϫⲟⲟⲩⲥⲉ⳿"/>
		<feat xlink:href="#sSpan6524" value="ⲛⲏⲧ︤ⲛ︥"/>
		<feat xlink:href="#sSpan6530" value="ⲉⲣⲟⲉⲓⲥ⳿"/>
		<feat xlink:href="#sSpan6537" value="ⲉⲣⲱⲧ︤ⲛ︥"/>
		<feat xlink:href="#sSpan6544" value="."/>
		<feat xlink:href="#sSpan6548" value="ⲁⲩⲱ"/>
		<feat xlink:href="#sSpan6554" value="ⲛ̄ⲧⲉⲧ︤ⲛ︥"/>
		<feat xlink:href="#sSpan6560" value="ϩⲱ̂"/>
		<feat xlink:href="#sSpan6564" value="ⲁⲛ⳿"/>
		<feat xlink:href="#sSpan6569" value="ⲉ"/>
		<feat xlink:href="#sSpan6574" value="ⲛⲁⲓ̈"/>
		<feat xlink:href="#sSpan6578" value="·"/>
		<feat xlink:href="#sSpan6583" value="ⲁⲗⲗⲁ"/>
		<feat xlink:href="#sSpan6590" value="ⲧⲉⲧ︤ⲛ︥"/>
		<feat xlink:href="#sSpan6594" value="ⲟⲩⲱϩ"/>
		<feat xlink:href="#sSpan6599" value="ⲟⲛ⳿"/>
		<feat xlink:href="#sSpan6603" value="ⲉϫ︤ⲛ︥ⲛⲉⲧ︤ⲛ︥ϫⲓⲛϭⲟⲛ︤ⲥ︥"/>
		<feat xlink:href="#sSpan6616" value="·"/>
		<feat xlink:href="#sSpan6621" value="Ⲛ̄ⲑⲉ"/>
		<feat xlink:href="#sSpan6633" value="ⲟⲛ⳿"/>
		<feat xlink:href="#sSpan6637" value="ⲉϣⲁⲧⲉⲧ︤ⲛ︥ϣⲁⲧⲟⲩ"/>
		<feat xlink:href="#sSpan6651" value="ϩⲟⲓ̈ⲛⲉ"/>
		<feat xlink:href="#sSpan6656" value="ⲛ̄ⲟⲩϩⲛⲟ⳿"/>
		<feat xlink:href="#sSpan6665" value="ⲛ̄ⲥⲟⲩⲟ̂"/>
		<feat xlink:href="#sSpan6673" value="ⲉⲡⲏⲓ̈"/>
		<feat xlink:href="#sSpan6682" value="ϫⲉⲥⲉⲟϣ"/>
		<feat xlink:href="#sSpan6694" value="ⲛ̄ⲣⲱⲙⲉ"/>
		<feat xlink:href="#sSpan6700" value="ϩⲉⲛⲕⲟⲟⲩⲉ⳿"/>
		<feat xlink:href="#sSpan6708" value="ⲛ̄ϫⲟⲩⲧⲏ⳿"/>
		<feat xlink:href="#sSpan6716" value="ⲙ̄ⲙⲁⲁϫⲉ⳿"/>
		<feat xlink:href="#sSpan6724" value=","/>
		<feat xlink:href="#sSpan6728" value="ϩⲉⲛⲕⲟⲟⲩⲉ"/>
		<feat xlink:href="#sSpan6735" value="ⲛ̄ⲟⲩⲣ̂ⲧⲁⲃ⳿"/>
		<feat xlink:href="#sSpan6746" value="·"/>
		<feat xlink:href="#sSpan6750" value="ϩⲓⲧ︤ⲛ︥ⲧⲁⲫⲟⲣⲙⲏ⳿"/>
		<feat xlink:href="#sSpan6763" value="ⲛ̄ϫⲱⲕ︤ⲙ︥"/>
		<feat xlink:href="#sSpan6771" value="ϩ︤ⲛ︥ϩⲉ⳯ⲥⲓⲟⲟⲩⲛⲉ⳿"/>
		<feat xlink:href="#sSpan6781" value="·"/>
		<feat xlink:href="#sSpan6785" value="ⲉⲩⲣⲓⲙⲉ"/>
		<feat xlink:href="#sSpan6796" value="ϫⲉⲛ̄ⲧ︤ⲛ︥ⲟⲩⲉϣϫⲱⲕ︤ⲙ︥"/>
		<feat xlink:href="#sSpan6809" value="ⲁⲛ⳿"/>
		<feat xlink:href="#sSpan6814" value=","/>
		<feat xlink:href="#sSpan6818" value="ⲙ︤ⲛ︥ⲧⲁⲛ"/>
		<feat xlink:href="#sSpan6826" value="ⲟⲉⲓⲕ"/>
		<feat xlink:href="#sSpan6832" value="ⲉⲟⲩⲱⲙ⳿"/>
		<feat xlink:href="#sSpan6839" value="ⲡⲉⲛⲣⲟⲟⲩϣ"/>
		<feat xlink:href="#sSpan6848" value="ⲁⲛ⳿"/>
		<feat xlink:href="#sSpan6853" value="ⲡⲉ"/>
		<feat xlink:href="#sSpan6857" value="ϩⲱⲃ⳿"/>
		<feat xlink:href="#sSpan6862" value="ⲛ̄ⲧⲉⲓ̈ϩⲉ⳿"/>
		<feat xlink:href="#sSpan6871" value="·"/>
		<feat xlink:href="#sSpan6875" value="ⲉⲣⲉⲛⲉⲛϣⲏⲣⲉ"/>
		<feat xlink:href="#sSpan6887" value="ϩⲕⲁⲉⲓⲧ⳿"/>
		<feat xlink:href="#sSpan6892" value=","/>
		<feat xlink:href="#sSpan6896" value="ⲉⲩⲕⲏⲕⲁϩⲏⲩ"/>
		<feat xlink:href="#sSpan6907" value="·"/>
		<feat xlink:href="#sSpan6911" value="ⲉⲣⲉⲡⲉⲩϩⲟⲩⲟ̂"/>
		<feat xlink:href="#sSpan6924" value="ⲣ̂ⲙⲛ︤ⲧ︥ⲣⲉ⳿"/>
		<feat xlink:href="#sSpan6929" value="ϫⲉⲙⲉ"/>
		<feat xlink:href="#sSpan6936" value="ⲛϫⲱⲕ︤ⲙ︥"/>
		<feat xlink:href="#sSpan6942" value="ϩ︤ⲛ︥ⲥⲓⲟⲟⲩⲛⲉ⳿"/>
		<feat xlink:href="#sSpan6950" value="·"/>
		<feat xlink:href="#sSpan6955" value="ⲏ"/>
		<feat xlink:href="#sSpan6962" value="ⲛⲧⲟⲟⲩ"/>
		<feat xlink:href="#sSpan6966" value="ⲁⲛ⳿"/>
		<feat xlink:href="#sSpan6970" value="ⲡⲉⲧⲣ̂ⲕⲃⲁ⳿"/>
		<feat xlink:href="#sSpan6981" value="ⲉⲣⲟⲟⲩ"/>
		<feat xlink:href="#sSpan6988" value="ϣⲁⲛⲧⲟⲩⲕⲟⲧⲟⲩ"/>
		<feat xlink:href="#sSpan6999" value=","/>
		<feat xlink:href="#sSpan7003" value="ⲙ︤ⲛ︥ⲛ̄ⲕⲉⲏⲓ̈"/>
		<feat xlink:href="#sSpan7017" value="ⲉⲧⲉⲧ︤ⲛ︥︤ⲧⲣⲉⲩⲣ̂ⲕⲃⲁ̂"/>
		<feat xlink:href="#sSpan7033" value="ⲉⲧⲃⲏⲏ̂ⲧⲟⲩ"/>
		<feat xlink:href="#sSpan7040" value="·"/>
		<feat xlink:href="#sSpan7045" value="ⲏ̂"/>
		<feat xlink:href="#sSpan7051" value="ϩⲉⲛⲉⲡⲟⲓⲕⲓⲟ⳯ ⳿"/>
		<feat xlink:href="#sSpan7060" value="ⲟⲛ"/>
		<feat xlink:href="#sSpan7065" value="ⲛⲉ⳿"/>
		<feat xlink:href="#sSpan7069" value="ⲛ̄ϯⲙⲉ⳿"/>
		<feat xlink:href="#sSpan7078" value="·"/>
		<feat xlink:href="#sSpan7083" value="ⲙⲏ⳿"/>
		<feat xlink:href="#sSpan7090" value="ⲛ̄ⲧⲱⲧ︤ⲛ︥"/>
		<feat xlink:href="#sSpan7094" value="ⲟⲛ⳿"/>
		<feat xlink:href="#sSpan7099" value="ⲁⲧⲉⲧ︤ⲛ︥ⲕⲉⲧ⳿"/>
		<feat xlink:href="#sSpan7108" value="ⲛⲉⲩⲏⲓ̈"/>
		<feat xlink:href="#sSpan7115" value="ⲛ̄ϩⲏⲧⲟⲩ"/>
		<feat xlink:href="#sSpan7121" value="·"/>
		<feat xlink:href="#sSpan7125" value="ⲁⲩⲱ"/>
		<feat xlink:href="#sSpan7132" value="ⲛⲉⲓ̈ⲑⲗⲓⲯⲓⲥ⳿"/>
		<feat xlink:href="#sSpan7140" value="ⲛ̄ⲟⲩⲱⲧ⳿"/>
		<feat xlink:href="#sSpan7147" value="ⲛⲉⲧⲉⲧ︤ⲛ︥ⲑⲗⲓⲃⲉ⳿"/>
		<feat xlink:href="#sSpan7157" value="ⲙ̄ⲙⲟⲟⲩ"/>
		<feat xlink:href="#sSpan7164" value="ⲛ̄ϩⲏⲧⲟⲩ"/>
		<feat xlink:href="#sSpan7170" value="ϩ︤ⲛ︥ⲛⲉⲧ︤ⲛ︥ⲕⲃⲁ⳿"/>
		<feat xlink:href="#sSpan7180" value="ⲙ︤ⲛ︥ⲛⲉⲧ︤ⲛ︥ⲏ̂ⲣ︤ⲡ︥"/>
		<feat xlink:href="#sSpan7190" value="ⲉⲧⲗⲟⲙ︤ⲥ︥"/>
		<feat xlink:href="#sSpan7197" value=","/>
		<feat xlink:href="#sSpan7201" value="ⲙ︤ⲛ︥ⲛⲉⲧ︤ⲛ︥ϩⲓⲥⲉ"/>
		<feat xlink:href="#sSpan7211" value="ⲧⲏⲣⲟⲩ"/>
		<feat xlink:href="#sSpan7218" value="ⲙ︤ⲛ︥ⲛⲉⲧ︤ⲛ︥ϫⲓⲛϭⲟⲛ︤ⲥ︥"/>
		<feat xlink:href="#sSpan7231" value="."/>
		<feat xlink:href="#sSpan7236" value="ⲱ̂"/>
		<feat xlink:href="#sSpan7242" value="ⲛ̄ⲣⲱⲙⲉ"/>
		<feat xlink:href="#sSpan7250" value="ⲉⲧⲉⲣⲉϯⲥⲙⲏ⳿"/>
		<feat xlink:href="#sSpan7260" value="ⲁⲡⲉⲓⲗⲉⲓ⳿"/>
		<feat xlink:href="#sSpan7265" value="ⲉⲣⲱⲧ︤ⲛ︥"/>
		<feat xlink:href="#sSpan7272" value="ϫⲉⲛⲉⲃⲟⲗ"/>
		<feat xlink:href="#sSpan7282" value="ϩ︤ⲛ︥ⲟⲩϯⲧⲱⲛ⳿"/>
		<feat xlink:href="#sSpan7292" value="ⲉⲧⲟ̂"/>
		<feat xlink:href="#sSpan7298" value="ⲛ̄ⲁⲧⲥⲱⲧ︤ⲙ︥"/>
		<feat xlink:href="#sSpan7308" value="ⲛ̄ⲥⲁⲧⲙⲉ⳿"/>
		<feat xlink:href="#sSpan7318" value="ⲉⲧⲡⲉⲓⲑⲉ⳿"/>
		<feat xlink:href="#sSpan7326" value="ⲇⲉ"/>
		<feat xlink:href="#sSpan7331" value="ⲉⲡϫⲓⲛϭⲟⲛ︤ⲥ︥"/>
		<feat xlink:href="#sSpan7343" value=","/>
		<feat xlink:href="#sSpan7347" value="ⲛ̄ⲟⲩⲟⲣⲅⲏ⳿"/>
		<feat xlink:href="#sSpan7358" value="ⲙ︤ⲛ︥ⲟⲩϭⲱⲛ︤ⲧ︥"/>
		<feat xlink:href="#sSpan7368" value="ⲙ︤ⲛ︥ⲟⲩⲑⲗⲓⲯⲓⲥ⳿"/>
		<feat xlink:href="#sSpan7379" value=","/>
		<feat xlink:href="#sSpan7383" value="ⲙ︤ⲛ︥ⲟⲩⲗⲱϫ︤ϩ︥"/>
		<feat xlink:href="#sSpan7393" value="ⲉϫ︤ⲙ︥ⲯⲩⲭⲏ"/>
		<feat xlink:href="#sSpan7402" value="ⲛⲓⲙ"/>
		<feat xlink:href="#sSpan7406" value="ⲛ̄ⲣⲱⲙⲉ"/>
		<feat xlink:href="#sSpan7412" value="ⲉⲧⲣ̂ϩⲱⲃ"/>
		<feat xlink:href="#sSpan7423" value="ⲉⲡⲡⲉⲑⲟⲟⲩ"/>
		<feat xlink:href="#sSpan7436" value="ⲻ"/>
		<feat xlink:href="#sSpan7442" value="Ⲡⲗⲏⲛ⳿"/>
		<feat xlink:href="#sSpan7450" value="ϯⲛⲁϣⲁϫⲉ"/>
		<feat xlink:href="#sSpan7458" value="ⲙ̄ⲡⲉⲕⲙ̄ⲧⲟ̂"/>
		<feat xlink:href="#sSpan7468" value="ⲉⲃⲟⲗ"/>
		<feat xlink:href="#sSpan7473" value="ⲡⲛⲟⲩⲧⲉⲛ̄ⲛ̄ϭⲟⲙ"/>
		<feat xlink:href="#sSpan7488" value="ⲡⲡⲁⲛⲧⲟⲕⲣⲁⲧⲱⲣ⳿"/>
		<feat xlink:href="#sSpan7496" value="ⲙ̄ⲡ︤ⲣ︥ϭⲱⲛ︤ⲧ︥"/>
		<feat xlink:href="#sSpan7503" value="ⲉⲧⲁⲙ︤ⲛ︦ⲧ︥ⲁⲑⲏⲧ⳿"/>
		<feat xlink:href="#sSpan7516" value="·"/>
		<feat xlink:href="#sSpan7520" value="ϯⲥⲟⲟⲩⲛ⳿"/>
		<feat xlink:href="#sSpan7529" value="ϫⲉⲛ︤ⲅ︥ⲟ̂ⲃ︤ϣ︥"/>
		<feat xlink:href="#sSpan7540" value="ⲁⲛ⳿"/>
		<feat xlink:href="#sSpan7544" value="ⲉⲗⲁⲁⲩ"/>
		<feat xlink:href="#sSpan7551" value="·"/>
		<feat xlink:href="#sSpan7555" value="ⲛ̄ⲧⲟⲕ"/>
		<feat xlink:href="#sSpan7562" value="ⲡⲉⲛⲧⲁⲕϣⲁϫⲉ"/>
		<feat xlink:href="#sSpan7576" value="ϩ︤ⲛ︥ⲛⲉⲕⲡⲉⲧⲟⲩⲁⲁⲃ"/>
		<feat xlink:href="#sSpan7590" value="ⲙ̄ⲡⲣⲟⲫⲏⲧⲏⲥ⳿"/>
		<feat xlink:href="#sSpan7598" value="ⲛ̄ⲛⲁϩ︤ⲣ︦ⲛ︥ⲡⲓⲃⲁⲃⲉ⳿ⲣⲱⲙⲉ"/>
		<feat xlink:href="#sSpan7611" value="ⲉⲧ"/>
		<feat xlink:href="#sSpan7615" value="ⲙ̄ⲙⲁⲩ"/>
		<feat xlink:href="#sSpan7620" value="ⲫⲁⲣⲁⲱ̂"/>
		<feat xlink:href="#sSpan7625" value="ϫⲉⲕⲱ̂"/>
		<feat xlink:href="#sSpan7632" value="ⲉⲃⲟⲗ"/>
		<feat xlink:href="#sSpan7637" value="ⲙ̄ⲡⲁⲗⲁⲟⲥ⳿"/>
		<feat xlink:href="#sSpan7649" value="ϫⲉⲕⲁⲥ"/>
		<feat xlink:href="#sSpan7656" value="ⲉⲩⲉϣ︤ⲙ︥ϣⲉ"/>
		<feat xlink:href="#sSpan7663" value="ⲛⲁⲓ̈"/>
		<feat xlink:href="#sSpan7670" value="ⲏ̂"/>
		<feat xlink:href="#sSpan7674" value="ⲛ̄ⲥⲉⲣ̂ϣⲁ⳿"/>
		<feat xlink:href="#sSpan7685" value="ⲛⲁⲓ̈"/>
		<feat xlink:href="#sSpan7691" value="="/>
		<feat xlink:href="#sSpan7696" value="Ⲛ̄ⲧⲟⲕ"/>
		<feat xlink:href="#sSpan7704" value="ⲟⲛ⳿"/>
		<feat xlink:href="#sSpan7708" value="ⲡⲉⲛⲧⲁⲕϫⲟⲟⲥ"/>
		<feat xlink:href="#sSpan7724" value="ⲛ̄ϩⲏⲧⲟⲩ"/>
		<feat xlink:href="#sSpan7731" value="ϫⲉⲥ︤ⲣ︥ϥⲉ⳿"/>
		<feat xlink:href="#sSpan7737" value="ⲛ̄ⲧⲉⲧ︤ⲛ︥ⲉⲓⲙⲉ"/>
		<feat xlink:href="#sSpan7746" value="ϫⲉⲁⲛⲟⲕ"/>
		<feat xlink:href="#sSpan7753" value="ⲡⲉ"/>
		<feat xlink:href="#sSpan7758" value="ⲡⲛⲟⲩⲧⲉ"/>
		<feat xlink:href="#sSpan7766" value=","/>
		<feat xlink:href="#sSpan7770" value="ϣ︤ⲛ︥ϩⲧⲏⲕ⳿"/>
		<feat xlink:href="#sSpan7780" value="ϭⲉ"/>
		<feat xlink:href="#sSpan7785" value="ϩⲁⲡⲉⲕⲗⲁⲟⲥ⳿"/>
		<feat xlink:href="#sSpan7795" value="ⲡϩⲁⲣ︤ϣ︥ϩⲏⲧ⳿"/>
		<feat xlink:href="#sSpan7806" value="ⲉⲧⲉⲛⲁϣⲉⲡⲉϥⲛⲁ⳿"/>
		<feat xlink:href="#sSpan7820" value="·"/>
		<feat xlink:href="#sSpan7824" value="ⲛ︤ⲅ︥ⲥⲟⲧⲟⲩ"/>
		<feat xlink:href="#sSpan7836" value="ⲉⲃⲟⲗ"/>
		<feat xlink:href="#sSpan7842" value="ϩ︤ⲛ︥ⲧϭⲓϫ"/>
		<feat xlink:href="#sSpan7851" value="ⲛ̄ⲛⲉⲧⲑⲗⲓⲃⲉ⳿"/>
		<feat xlink:href="#sSpan7864" value="ⲙ̄ⲙⲟⲟⲩ"/>
		<feat xlink:href="#sSpan7872" value="·"/>
		<feat xlink:href="#sSpan7876" value="ⲛ̄ⲑⲉ"/>
		<feat xlink:href="#sSpan7886" value="ⲙ̄ⲡⲉⲕⲗⲁⲟⲥ⳿"/>
		<feat xlink:href="#sSpan7897" value="ⲡ︤ⲓ︦ⲏ︦ⲗ︥"/>
		<feat xlink:href="#sSpan7904" value="ⲙ̄ⲡⲓⲟⲩⲟ̂ⲉⲓϣ"/>
		<feat xlink:href="#sSpan7915" value=","/>
		<feat xlink:href="#sSpan7919" value="ⲧⲁⲣⲟⲩⲥ︤ⲣ︥ϥⲉ"/>
		<feat xlink:href="#sSpan7929" value="ⲉⲉⲓⲙⲉ"/>
		<feat xlink:href="#sSpan7936" value="ϫⲉⲙ︤ⲛ︥ϭⲉⲛⲟⲩⲧⲉ"/>
		<feat xlink:href="#sSpan7948" value="ⲛ̄ⲃ︤ⲗ︥ⲁⲕ⳿"/>
		<feat xlink:href="#sSpan7954" value="·"/>
		<feat xlink:href="#sSpan7959" value="ⲏ̂"/>
		<feat xlink:href="#sSpan7966" value="ⲛ︤ⲅ︥ⲛⲁⲩ"/>
		<feat xlink:href="#sSpan7974" value="ⲁⲛ⳿"/>
		<feat xlink:href="#sSpan7978" value="ϫⲉⲙ̄ⲡⲉⲛ̄ϩⲉⲗⲗⲏⲛ⳿"/>
		<feat xlink:href="#sSpan7991" value="ⲙ︤ⲛ︥ⲛ̄ϩⲉⲑⲛⲟⲥ⳿"/>
		<feat xlink:href="#sSpan8003" value="ⲙ︤ⲛ︥ⲛ̄ⲁⲧⲛⲟⲩⲧⲉ"/>
		<feat xlink:href="#sSpan8015" value="ϭ︤ⲙ︥ϭⲟⲙ"/>
		<feat xlink:href="#sSpan8019" value="ⲉⲥⲟⲩⲱ̂ⲛ︤ⲅ︥"/>
		<feat xlink:href="#sSpan8028" value="ϫⲉⲙ̄ⲡⲟⲩⲥ︤ⲣ︥ϥⲉ⳿"/>
		<feat xlink:href="#sSpan8039" value="ϩ︤ⲛ︥ⲛⲉⲩⲙ︤ⲛ︦ⲧ︥ⲁⲡⲟⲥⲧⲟⲥ⳿"/>
		<feat xlink:href="#sSpan8052" value="·"/>
		<feat xlink:href="#sSpan8057" value="ⲙ︤ⲛ︥ⲛⲉⲩⲙ︤ⲛ︦ⲧ︥ⲁⲕⲁⲑⲁⲣⲧⲟⲥ⳿"/>
		<feat xlink:href="#sSpan8072" value="ⲧⲏⲣⲟⲩ"/>
		<feat xlink:href="#sSpan8079" value="ⲻ"/>
		<feat xlink:href="#sSpan8084" value="Ⲧⲱⲙ̂"/>
		<feat xlink:href="#sSpan8092" value="ϭⲉ"/>
		<feat xlink:href="#sSpan8096" value="ⲉⲣ︤ⲛ︥ⲁⲛⲟⲙⲓⲁ"/>
		<feat xlink:href="#sSpan8105" value="ⲛⲓⲙ"/>
		<feat xlink:href="#sSpan8109" value="·"/>
		<feat xlink:href="#sSpan8113" value="ⲙ︤ⲛ︥ϫⲓⲛϭⲟⲛ︤ⲥ︥"/>
		<feat xlink:href="#sSpan8123" value="ⲛⲓⲙ"/>
		<feat xlink:href="#sSpan8128" value="ϩ︤ⲙ︥ⲙⲁ⳿"/>
		<feat xlink:href="#sSpan8135" value="ⲛⲓⲙ"/>
		<feat xlink:href="#sSpan8139" value="·"/>
		<feat xlink:href="#sSpan8143" value="ⲉⲃⲟⲗ"/>
		<feat xlink:href="#sSpan8150" value="ⲛ̄ⲛⲉⲧⲟⲩϫⲓ"/>
		<feat xlink:href="#sSpan8164" value="ⲙ̄ⲙⲟⲟⲩ"/>
		<feat xlink:href="#sSpan8170" value="ⲛ̄ϭⲟⲛ︤ⲥ︥"/>
		<feat xlink:href="#sSpan8180" value="ϫⲓⲛϫⲱϥ"/>
		<feat xlink:href="#sSpan8189" value="ⲙ̄ⲡⲕⲁϩ"/>
		<feat xlink:href="#sSpan8199" value="ϣⲁⲁⲣⲏϫ︤ⲥ︥"/>
		<feat xlink:href="#sSpan8209" value="ⲛ̄ⲧⲟⲓⲕⲟⲩⲙⲉⲛⲏ⳿"/>
		<feat xlink:href="#sSpan8221" value=","/>
		<feat xlink:href="#sSpan8225" value="ⲧⲁⲣⲉⲛⲉⲧⲥⲟⲟⲩⲛ"/>
		<feat xlink:href="#sSpan8239" value="ⲙ̄ⲙⲟⲕ"/>
		<feat xlink:href="#sSpan8246" value="ⲥ︤ⲣ︥ϥⲉ⳿"/>
		<feat xlink:href="#sSpan8251" value="ⲉⲣ̂ϩ︤ⲙ︥ϩⲁⲗ"/>
		<feat xlink:href="#sSpan8260" value="ⲛⲁⲕ⳿"/>
		<feat xlink:href="#sSpan8266" value="·"/>
		<feat xlink:href="#sSpan8270" value="ⲛ̄ⲥⲉⲛⲁϭ︤ⲙ︥ϭⲟⲙ"/>
		<feat xlink:href="#sSpan8284" value="ⲅⲁⲣ"/>
		<feat xlink:href="#sSpan8289" value="ⲁⲛ⳿"/>
		<feat xlink:href="#sSpan8293" value="ⲉⲣ̂ϩ︤ⲙ︥ϩⲁⲗ"/>
		<feat xlink:href="#sSpan8302" value="ⲛⲁⲕ"/>
		<feat xlink:href="#sSpan8309" value=","/>
		<feat xlink:href="#sSpan8313" value="ⲛ̄ⲥⲉⲣ̂ϩ︤ⲙ︥ϩⲁⲗ"/>
		<feat xlink:href="#sSpan8324" value="ⲛ̄ⲛ̄ⲣⲉϥϫⲓⲛϭⲟⲛ︤ⲥ︥"/>
		<feat xlink:href="#sSpan8339" value=","/>
		<feat xlink:href="#sSpan8343" value="ⲉⲛ̇ⲉⲙ̄ⲡ︤ⲕ︥ⲥⲱⲧⲉ⳿"/>
		<feat xlink:href="#sSpan8356" value="ⲙ̄ⲡⲉⲕⲗⲁⲟⲥ"/>
		<feat xlink:href="#sSpan8367" value="ⲡ︤ⲓ︦ⲏ︦ⲗ︥"/>
		<feat xlink:href="#sSpan8374" value="ⲙⲡⲓⲟⲩⲟⲉⲓϣ"/>
		<feat xlink:href="#sSpan8384" value="ⲉⲃⲟⲗ"/>
		<feat xlink:href="#sSpan8390" value="ϩ︤ⲛ︥ⲛ̄ϭⲓϫ"/>
		<feat xlink:href="#sSpan8399" value="ⲙ̄ⲡⲓⲁⲛⲟⲙⲟⲥ⳿"/>
		<feat xlink:href="#sSpan8412" value="ⲛⲁⲃⲟⲩⲭⲟⲇⲟⲛⲟ̂ⲥⲟⲣ⳿"/>
		<feat xlink:href="#sSpan8418" value=","/>
		<feat xlink:href="#sSpan8422" value="ⲙ︤ⲛ︥ⲛⲓⲕⲟⲟⲩⲉ"/>
		<feat xlink:href="#sSpan8434" value="ⲧⲏⲣⲟⲩ"/>
		<feat xlink:href="#sSpan8440" value="ⲉⲧⲉⲓⲛⲉ"/>
		<feat xlink:href="#sSpan8448" value="ⲙ̄ⲙⲟϥ"/>
		<feat xlink:href="#sSpan8454" value="ⲛ̄ⲧⲁⲩⲑ︤ⲙ︥ⲕⲟⲟⲩ"/>
		<feat xlink:href="#sSpan8468" value="ϩ︤ⲙ︥ⲡⲧⲣⲉⲕⲧⲁⲁⲩ"/>
		<feat xlink:href="#sSpan8484" value="ⲉϩⲣⲁⲓ̈"/>
		<feat xlink:href="#sSpan8488" value="ⲉⲧⲟⲟⲧⲟⲩ"/>
		<feat xlink:href="#sSpan8498" value="ϫⲉⲁⲕⲛⲟⲩϭ︤ⲥ︥"/>
		<feat xlink:href="#sSpan8509" value="ⲉⲣⲟⲟⲩ"/>
		<feat xlink:href="#sSpan8516" value=","/>
		<feat xlink:href="#sSpan8521" value="ⲕⲁⲛ"/>
		<feat xlink:href="#sSpan8527" value="ⲥⲉϣⲓⲛⲉ"/>
		<feat xlink:href="#sSpan8534" value="ⲛ̄ⲥⲱⲕ⳿"/>
		<feat xlink:href="#sSpan8540" value="ϩ︤ⲙ︥ⲡⲙⲁ"/>
		<feat xlink:href="#sSpan8550" value="ⲉⲧ︤ⲙ︥ⲙⲁⲩ"/>
		<feat xlink:href="#sSpan8558" value=","/>
		<feat xlink:href="#sSpan8563" value="ⲁⲗⲗⲁ"/>
		<feat xlink:href="#sSpan8567" value="ⲛⲉⲩⲛⲁϣϫⲱ"/>
		<feat xlink:href="#sSpan8581" value="ⲁⲛ"/>
		<feat xlink:href="#sSpan8585" value="ⲡⲉ⳿"/>
		<feat xlink:href="#sSpan8589" value="ⲛ̄ⲛⲉⲕⲥⲙⲟⲩ"/>
		<feat xlink:href="#sSpan8599" value="ⲛ̄ⲑⲉ"/>
		<feat xlink:href="#sSpan8608" value="ⲉⲧⲟⲩⲁϣ︤ⲥ︥"/>
		<feat xlink:href="#sSpan8616" value="·"/>
		<feat xlink:href="#sSpan8621" value="ϫⲉⲙ︤ⲛ︥ⲡⲁⲣⲣⲏⲥⲓⲁ"/>
		<feat xlink:href="#sSpan8634" value="ϣⲟⲟⲡ"/>
		<feat xlink:href="#sSpan8638" value="ⲛⲁⲩ"/>
		<feat xlink:href="#sSpan8645" value="ϩ︤ⲛ︥ⲧ︤ⲙ︦ⲛ︦ⲧ︥ϩ︤ⲙ︥ϩⲁⲗ"/>
		<feat xlink:href="#sSpan8657" value="ⲛ̄ⲛⲉϩⲃⲏⲩⲉ"/>
		<feat xlink:href="#sSpan8666" value="ⲉⲧⲟϣ⳿"/>
		<feat xlink:href="#sSpan8674" value="·"/>
		<feat xlink:href="#sSpan8678" value="ⲛ̄ⲑⲉ"/>
		<feat xlink:href="#sSpan8688" value="ⲛ̄ⲧⲁⲩϫⲟⲟⲥ"/>
		<feat xlink:href="#sSpan8701" value="ϫⲉⲛ̄ⲁϣ"/>
		<feat xlink:href="#sSpan8710" value="ⲛ̄ϩⲉ"/>
		<feat xlink:href="#sSpan8717" value="ⲉⲛⲛⲁϣϫⲱ⳿"/>
		<feat xlink:href="#sSpan8730" value="ⲛ̄ⲧⲱⲇⲏ⳿"/>
		<feat xlink:href="#sSpan8741" value="ⲙ̄ⲡⲏⲓ̈"/>
		<feat xlink:href="#sSpan8750" value="ⲙ̄ⲡϫⲟⲉⲓⲥ"/>
		<feat xlink:href="#sSpan8760" value="ϩ︤ⲛ︥ⲛⲟⲩⲕⲁϩ⳿"/>
		<feat xlink:href="#sSpan8769" value="ⲛ̄ϣ︤ⲙ︥ⲙⲟ̂"/>
		<feat xlink:href="#sSpan8776" value="ⲻ"/>
		<feat xlink:href="#sSpan8781" value="Ⲛ̄"/>
		<feat xlink:href="#sSpan8789" value="ⲧⲉⲓ̈"/>
		<feat xlink:href="#sSpan8793" value="ϩⲉ"/>
		<feat xlink:href="#sSpan8797" value="ⲟⲛ⳿"/>
		<feat xlink:href="#sSpan8801" value="ⲉⲕϣⲁⲛⲧ︤ⲙ︥ⲥⲱⲧⲉ⳿"/>
		<feat xlink:href="#sSpan8810" value="ⲛ̄ⲛⲉⲧⲟⲩϫⲓ"/>
		<feat xlink:href="#sSpan8824" value="ⲙ̄ⲙⲟⲟⲩ"/>
		<feat xlink:href="#sSpan8831" value="ⲛ̄ϭⲟⲛ︤ⲥ︥"/>
		<feat xlink:href="#sSpan8838" value="ⲉⲃⲟⲗ"/>
		<feat xlink:href="#sSpan8844" value="ϩ︤ⲛ︥ⲛ̄ϭⲓϫ"/>
		<feat xlink:href="#sSpan8853" value="ⲛ̄ⲛⲓⲁⲧⲛⲁ⳿"/>
		<feat xlink:href="#sSpan8866" value=","/>
		<feat xlink:href="#sSpan8870" value="ⲕⲁⲛ⳿"/>
		<feat xlink:href="#sSpan8876" value="ⲥⲉⲧⲁⲩⲟ̂"/>
		<feat xlink:href="#sSpan8883" value="ⲙ̄ⲡⲉⲕⲣⲁⲛ⳿"/>
		<feat xlink:href="#sSpan8894" value=","/>
		<feat xlink:href="#sSpan8898" value="ⲥⲉⲉⲡⲓⲑⲩⲙⲉⲓ"/>
		<feat xlink:href="#sSpan8907" value="ⲇⲉ"/>
		<feat xlink:href="#sSpan8911" value="ⲟⲛ⳿"/>
		<feat xlink:href="#sSpan8915" value="ⲉⲣ̂ⲛⲉⲕⲟⲩⲱϣ"/>
		<feat xlink:href="#sSpan8927" value="ϫⲉⲛ̄ⲧⲟⲕ"/>
		<feat xlink:href="#sSpan8934" value="ⲡⲉ"/>
		<feat xlink:href="#sSpan8939" value="ⲧⲉⲩϩⲉⲗⲡⲓⲥ⳿"/>
		<feat xlink:href="#sSpan8947" value="·"/>
		<feat xlink:href="#sSpan8952" value="ⲛ̄ⲥⲉⲛⲁϣϭ︤ⲙ︥ϭⲟⲙ"/>
		<feat xlink:href="#sSpan8967" value="ⲁⲛ⳿"/>
		<feat xlink:href="#sSpan8971" value="ⲉϯⲛⲁⲕ⳿"/>
		<feat xlink:href="#sSpan8981" value="ⲛ̄ⲛⲉⲩⲉⲣⲏⲧ⳿"/>
		<feat xlink:href="#sSpan8991" value="·"/>
		<feat xlink:href="#sSpan8995" value="ϩ︤ⲛ︥ϩⲉⲛⲥⲙⲟⲩ"/>
		<feat xlink:href="#sSpan9009" value="ⲙ︤ⲛ︥ϩⲉⲛϣⲗⲏⲗ⳿"/>
		<feat xlink:href="#sSpan9019" value="ⲙ︤ⲛ︥ϩⲉⲛⲛⲏⲥⲧⲓⲁ⳿"/>
		<feat xlink:href="#sSpan9031" value="ϫⲉⲙ̄ⲙ︤ⲛ︥ⲙ︤ⲛ︦ⲧ︥ⲣ︤ⲙ︥ϩⲉ"/>
		<feat xlink:href="#sSpan9043" value="ϣⲟⲟⲡ"/>
		<feat xlink:href="#sSpan9047" value="ⲛⲁⲩ"/>
		<feat xlink:href="#sSpan9054" value="ϩ︤ⲛ︥ⲟⲩⲥⲟⲟⲩⲧ︤ⲛ︥"/>
		<feat xlink:href="#sSpan9064" value="ⲉⲃⲟⲗ⳿"/>
		<feat xlink:href="#sSpan9070" value="ϩ︤ⲛ︥ⲧⲙ︤ⲛ︦ⲧ︥ϩ︤ⲙ︥ϩⲁⲗ"/>
		<feat xlink:href="#sSpan9082" value="ⲛ̄ⲛⲉϩⲃⲏⲩⲉ"/>
		<feat xlink:href="#sSpan9091" value="ⲛ̄ⲛⲓⲣⲱⲙⲉ"/>
		<feat xlink:href="#sSpan9101" value="ⲉⲧⲙⲉⲉⲩⲉ"/>
		<feat xlink:href="#sSpan9108" value="ⲉϩⲉⲛⲡⲟⲛⲏⲣⲟⲛ⳿"/>
		<feat xlink:href="#sSpan9119" value="ⲛ̄ⲛⲁⲩ"/>
		<feat xlink:href="#sSpan9127" value="ⲛⲓⲙ"/>
		<feat xlink:href="#sSpan9131" value="ⲉϩⲟⲩ⳯⳿"/>
		<feat xlink:href="#sSpan9135" value="ⲉⲣⲟⲟⲩ"/>
		<feat xlink:href="#sSpan9142" value=" =ⲻ"/></featList></paula>