<?xml version='1.0' encoding='UTF-8'?><!DOCTYPE paula SYSTEM "paula_feat.dtd">
<paula version="1.1">
	<header paula_id="scriptorium.a22.YA311-316.mark_func"/>
	<featList xmlns:xlink="http://www.w3.org/1999/xlink" type="func" xml:base="scriptorium.a22.YA311-316.mark.xml">
		<feat xlink:href="#sSpan2" value="cc"/>
		<feat xlink:href="#sSpan12" value="mark"/>
		<feat xlink:href="#sSpan16" value="nsubj"/>
		<feat xlink:href="#sSpan18" value="aux"/>
		<feat xlink:href="#sSpan20" value="root"/>
		<feat xlink:href="#sSpan23" value="case"/>
		<feat xlink:href="#sSpan27" value="det"/>
		<feat xlink:href="#sSpan29" value="obl"/>
		<feat xlink:href="#sSpan31" value="case"/>
		<feat xlink:href="#sSpan36" value="det"/>
		<feat xlink:href="#sSpan39" value="obj"/>
		<feat xlink:href="#sSpan41" value="mark"/>
		<feat xlink:href="#sSpan45" value="aux"/>
		<feat xlink:href="#sSpan47" value="nsubj"/>
		<feat xlink:href="#sSpan49" value="acl:relcl"/>
		<feat xlink:href="#sSpan52" value="case"/>
		<feat xlink:href="#sSpan56" value="obl"/>
		<feat xlink:href="#sSpan58" value="aux"/>
		<feat xlink:href="#sSpan63" value="nsubj"/>
		<feat xlink:href="#sSpan65" value="advcl"/>
		<feat xlink:href="#sSpan68" value="obj"/>
		<feat xlink:href="#sSpan70" value="advmod"/>
		<feat xlink:href="#sSpan74" value="case"/>
		<feat xlink:href="#sSpan78" value="nmod:poss"/>
		<feat xlink:href="#sSpan82" value="obl"/>
		<feat xlink:href="#sSpan84" value="mark"/>
		<feat xlink:href="#sSpan89" value="advmod"/>
		<feat xlink:href="#sSpan91" value="xcomp"/>
		<feat xlink:href="#sSpan93" value="obj"/>
		<feat xlink:href="#sSpan97" value="xcomp"/>
		<feat xlink:href="#sSpan101" value="case"/>
		<feat xlink:href="#sSpan106" value="obl"/>
		<feat xlink:href="#sSpan108" value="case"/>
		<feat xlink:href="#sSpan112" value="obl"/>
		<feat xlink:href="#sSpan116" value="mark"/>
		<feat xlink:href="#sSpan120" value="nsubj"/>
		<feat xlink:href="#sSpan122" value="aux"/>
		<feat xlink:href="#sSpan125" value="advcl"/>
		<feat xlink:href="#sSpan129" value="case"/>
		<feat xlink:href="#sSpan133" value="obj"/>
		<feat xlink:href="#sSpan136" value="mark"/>
		<feat xlink:href="#sSpan138" value="case"/>
		<feat xlink:href="#sSpan141" value="acl:relcl"/>
		<feat xlink:href="#sSpan144" value="dislocated"/>
		<feat xlink:href="#sSpan153" value="mark"/>
		<feat xlink:href="#sSpan155" value="aux"/>
		<feat xlink:href="#sSpan157" value="acl:relcl"/>
		<feat xlink:href="#sSpan160" value="advmod"/>
		<feat xlink:href="#sSpan165" value="advmod"/>
		<feat xlink:href="#sSpan169" value="case"/>
		<feat xlink:href="#sSpan173" value="obl"/>
		<feat xlink:href="#sSpan177" value="det"/>
		<feat xlink:href="#sSpan181" value="advmod"/>
		<feat xlink:href="#sSpan185" value="case"/>
		<feat xlink:href="#sSpan190" value="obl"/>
		<feat xlink:href="#sSpan192" value="case"/>
		<feat xlink:href="#sSpan196" value="det"/>
		<feat xlink:href="#sSpan200" value="obl"/>
		<feat xlink:href="#sSpan202" value="aux"/>
		<feat xlink:href="#sSpan206" value="nsubj"/>
		<feat xlink:href="#sSpan208" value="advcl"/>
		<feat xlink:href="#sSpan212" value="case"/>
		<feat xlink:href="#sSpan217" value="obl"/>
		<feat xlink:href="#sSpan219" value="case"/>
		<feat xlink:href="#sSpan224" value="det"/>
		<feat xlink:href="#sSpan228" value="obj"/>
		<feat xlink:href="#sSpan231" value="case"/>
		<feat xlink:href="#sSpan236" value="obl"/>
		<feat xlink:href="#sSpan240" value="mark"/>
		<feat xlink:href="#sSpan244" value="xcomp"/>
		<feat xlink:href="#sSpan246" value="obj"/>
		<feat xlink:href="#sSpan249" value="xcomp"/>
		<feat xlink:href="#sSpan253" value="case"/>
		<feat xlink:href="#sSpan257" value="obl"/>
		<feat xlink:href="#sSpan260" value="case"/>
		<feat xlink:href="#sSpan264" value="det"/>
		<feat xlink:href="#sSpan268" value="obl"/>
		<feat xlink:href="#sSpan271" value="nsubj"/>
		<feat xlink:href="#sSpan276" value="root"/>
		<feat xlink:href="#sSpan278" value="mark"/>
		<feat xlink:href="#sSpan283" value="nsubj"/>
		<feat xlink:href="#sSpan285" value="advcl"/>
		<feat xlink:href="#sSpan288" value="mark"/>
		<feat xlink:href="#sSpan294" value="fixed"/>
		<feat xlink:href="#sSpan298" value="det"/>
		<feat xlink:href="#sSpan301" value="nsubj"/>
		<feat xlink:href="#sSpan304" value="ccomp"/>
		<feat xlink:href="#sSpan308" value="advmod"/>
		<feat xlink:href="#sSpan313" value="mark"/>
		<feat xlink:href="#sSpan317" value="xcomp"/>
		<feat xlink:href="#sSpan319" value="obj"/>
		<feat xlink:href="#sSpan323" value="mark"/>
		<feat xlink:href="#sSpan325" value="acl:relcl"/>
		<feat xlink:href="#sSpan327" value="xcomp"/>
		<feat xlink:href="#sSpan333" value="advmod"/>
		<feat xlink:href="#sSpan337" value="case"/>
		<feat xlink:href="#sSpan341" value="det"/>
		<feat xlink:href="#sSpan347" value="obj"/>
		<feat xlink:href="#sSpan351" value="case"/>
		<feat xlink:href="#sSpan355" value="det"/>
		<feat xlink:href="#sSpan360" value="obl"/>
		<feat xlink:href="#sSpan365" value="cc"/>
		<feat xlink:href="#sSpan369" value="det"/>
		<feat xlink:href="#sSpan373" value="conj"/>
		<feat xlink:href="#sSpan379" value="dislocated"/>
		<feat xlink:href="#sSpan389" value="advmod"/>
		<feat xlink:href="#sSpan393" value="det"/>
		<feat xlink:href="#sSpan397" value="mark"/>
		<feat xlink:href="#sSpan402" value="aux"/>
		<feat xlink:href="#sSpan404" value="acl:relcl"/>
		<feat xlink:href="#sSpan408" value="case"/>
		<feat xlink:href="#sSpan412" value="det"/>
		<feat xlink:href="#sSpan416" value="obl"/>
		<feat xlink:href="#sSpan419" value="mark"/>
		<feat xlink:href="#sSpan423" value="acl:relcl"/>
		<feat xlink:href="#sSpan426" value="case"/>
		<feat xlink:href="#sSpan430" value="obl"/>
		<feat xlink:href="#sSpan432" value="advmod"/>
		<feat xlink:href="#sSpan437" value="aux"/>
		<feat xlink:href="#sSpan442" value="nsubj"/>
		<feat xlink:href="#sSpan445" value="case"/>
		<feat xlink:href="#sSpan449" value="nmod"/>
		<feat xlink:href="#sSpan452" value="mark"/>
		<feat xlink:href="#sSpan456" value="aux"/>
		<feat xlink:href="#sSpan459" value="root"/>
		<feat xlink:href="#sSpan462" value="case"/>
		<feat xlink:href="#sSpan467" value="obl"/>
		<feat xlink:href="#sSpan469" value="mark"/>
		<feat xlink:href="#sSpan473" value="xcomp"/>
		<feat xlink:href="#sSpan475" value="obj"/>
		<feat xlink:href="#sSpan477" value="advmod"/>
		<feat xlink:href="#sSpan483" value="cc"/>
		<feat xlink:href="#sSpan487" value="mark"/>
		<feat xlink:href="#sSpan492" value="nsubj"/>
		<feat xlink:href="#sSpan494" value="case"/>
		<feat xlink:href="#sSpan496" value="det"/>
		<feat xlink:href="#sSpan499" value="advcl"/>
		<feat xlink:href="#sSpan501" value="case"/>
		<feat xlink:href="#sSpan506" value="nmod:poss"/>
		<feat xlink:href="#sSpan509" value="nmod"/>
		<feat xlink:href="#sSpan514" value="cc"/>
		<feat xlink:href="#sSpan518" value="mark"/>
		<feat xlink:href="#sSpan523" value="nsubj"/>
		<feat xlink:href="#sSpan525" value="case"/>
		<feat xlink:href="#sSpan528" value="det"/>
		<feat xlink:href="#sSpan532" value="conj"/>
		<feat xlink:href="#sSpan536" value="case"/>
		<feat xlink:href="#sSpan540" value="obl"/>
		<feat xlink:href="#sSpan542" value="case"/>
		<feat xlink:href="#sSpan547" value="obl"/>
		<feat xlink:href="#sSpan550" value="cc"/>
		<feat xlink:href="#sSpan554" value="case"/>
		<feat xlink:href="#sSpan559" value="conj"/>
		<feat xlink:href="#sSpan562" value="nmod:unmarked"/>
		<feat xlink:href="#sSpan567" value="mark"/>
		<feat xlink:href="#sSpan576" value="advmod"/>
		<feat xlink:href="#sSpan580" value="nsubj"/>
		<feat xlink:href="#sSpan585" value="advcl"/>
		<feat xlink:href="#sSpan587" value="case"/>
		<feat xlink:href="#sSpan592" value="det"/>
		<feat xlink:href="#sSpan596" value="dislocated"/>
		<feat xlink:href="#sSpan598" value="case"/>
		<feat xlink:href="#sSpan603" value="det"/>
		<feat xlink:href="#sSpan606" value="nmod"/>
		<feat xlink:href="#sSpan608" value="root"/>
		<feat xlink:href="#sSpan613" value="advmod"/>
		<feat xlink:href="#sSpan617" value="case"/>
		<feat xlink:href="#sSpan622" value="obl"/>
		<feat xlink:href="#sSpan625" value="mark"/>
		<feat xlink:href="#sSpan627" value="acl:relcl"/>
		<feat xlink:href="#sSpan630" value="case"/>
		<feat xlink:href="#sSpan634" value="det"/>
		<feat xlink:href="#sSpan637" value="obl"/>
		<feat xlink:href="#sSpan640" value="case"/>
		<feat xlink:href="#sSpan645" value="det"/>
		<feat xlink:href="#sSpan649" value="obl"/>
		<feat xlink:href="#sSpan652" value="mark"/>
		<feat xlink:href="#sSpan659" value="acl:relcl"/>
		<feat xlink:href="#sSpan661" value="case"/>
		<feat xlink:href="#sSpan665" value="obl"/>
		<feat xlink:href="#sSpan669" value="case"/>
		<feat xlink:href="#sSpan673" value="nmod"/>
		<feat xlink:href="#sSpan675" value="mark"/>
		<feat xlink:href="#sSpan680" value="aux"/>
		<feat xlink:href="#sSpan682" value="acl:relcl"/>
		<feat xlink:href="#sSpan685" value="advmod"/>
		<feat xlink:href="#sSpan690" value="case"/>
		<feat xlink:href="#sSpan694" value="obl"/>
		<feat xlink:href="#sSpan698" value="det"/>
		<feat xlink:href="#sSpan703" value="mark"/>
		<feat xlink:href="#sSpan708" value="aux"/>
		<feat xlink:href="#sSpan711" value="acl:relcl"/>
		<feat xlink:href="#sSpan713" value="case"/>
		<feat xlink:href="#sSpan718" value="det"/>
		<feat xlink:href="#sSpan722" value="obj"/>
		<feat xlink:href="#sSpan724" value="mark"/>
		<feat xlink:href="#sSpan729" value="acl:relcl"/>
		<feat xlink:href="#sSpan731" value="case"/>
		<feat xlink:href="#sSpan735" value="obl"/>
		<feat xlink:href="#sSpan737" value="advmod"/>
		<feat xlink:href="#sSpan742" value="punct"/>
		<feat xlink:href="#sSpan746" value="advmod"/>
		<feat xlink:href="#sSpan750" value="case"/>
		<feat xlink:href="#sSpan754" value="det"/>
		<feat xlink:href="#sSpan758" value="obl"/>
		<feat xlink:href="#sSpan760" value="appos"/>
		<feat xlink:href="#sSpan764" value="advmod"/>
		<feat xlink:href="#sSpan769" value="mark"/>
		<feat xlink:href="#sSpan773" value="nsubj"/>
		<feat xlink:href="#sSpan775" value="case"/>
		<feat xlink:href="#sSpan778" value="acl:relcl"/>
		<feat xlink:href="#sSpan780" value="punct"/>
		<feat xlink:href="#sSpan785" value="cc"/>
		<feat xlink:href="#sSpan792" value="case"/>
		<feat xlink:href="#sSpan796" value="det"/>
		<feat xlink:href="#sSpan800" value="root"/>
		<feat xlink:href="#sSpan803" value="mark"/>
		<feat xlink:href="#sSpan807" value="acl:relcl"/>
		<feat xlink:href="#sSpan809" value="cop"/>
		<feat xlink:href="#sSpan815" value="mark"/>
		<feat xlink:href="#sSpan817" value="aux"/>
		<feat xlink:href="#sSpan819" value="acl:relcl"/>
		<feat xlink:href="#sSpan822" value="mark"/>
		<feat xlink:href="#sSpan826" value="xcomp"/>
		<feat xlink:href="#sSpan828" value="case"/>
		<feat xlink:href="#sSpan833" value="obl"/>
		<feat xlink:href="#sSpan835" value="case"/>
		<feat xlink:href="#sSpan839" value="det"/>
		<feat xlink:href="#sSpan842" value="obl"/>
		<feat xlink:href="#sSpan844" value="case"/>
		<feat xlink:href="#sSpan849" value="obl"/>
		<feat xlink:href="#sSpan852" value="det"/>
		<feat xlink:href="#sSpan856" value="mark"/>
		<feat xlink:href="#sSpan860" value="xcomp"/>
		<feat xlink:href="#sSpan863" value="obj"/>
		<feat xlink:href="#sSpan865" value="xcomp"/>
		<feat xlink:href="#sSpan867" value="nsubj"/>
		<feat xlink:href="#sSpan872" value="advcl"/>
		<feat xlink:href="#sSpan874" value="case"/>
		<feat xlink:href="#sSpan879" value="obl"/>
		<feat xlink:href="#sSpan884" value="case"/>
		<feat xlink:href="#sSpan889" value="fixed"/>
		<feat xlink:href="#sSpan894" value="det"/>
		<feat xlink:href="#sSpan898" value="obl"/>
		<feat xlink:href="#sSpan900" value="nmod:unmarked"/>
		<feat xlink:href="#sSpan907" value="nmod:poss"/>
		<feat xlink:href="#sSpan910" value="punct"/>
		<feat xlink:href="#sSpan914" value="mark"/>
		<feat xlink:href="#sSpan920" value="root"/>
		<feat xlink:href="#sSpan923" value="obj"/>
		<feat xlink:href="#sSpan926" value="xcomp"/>
		<feat xlink:href="#sSpan930" value="case"/>
		<feat xlink:href="#sSpan934" value="obl"/>
		<feat xlink:href="#sSpan936" value="case"/>
		<feat xlink:href="#sSpan940" value="det"/>
		<feat xlink:href="#sSpan944" value="obl"/>
		<feat xlink:href="#sSpan947" value="appos"/>
		<feat xlink:href="#sSpan951" value="mark"/>
		<feat xlink:href="#sSpan955" value="conj"/>
		<feat xlink:href="#sSpan958" value="obj"/>
		<feat xlink:href="#sSpan961" value="xcomp"/>
		<feat xlink:href="#sSpan967" value="advmod"/>
		<feat xlink:href="#sSpan972" value="advmod"/>
		<feat xlink:href="#sSpan976" value="advmod"/>
		<feat xlink:href="#sSpan980" value="case"/>
		<feat xlink:href="#sSpan985" value="det"/>
		<feat xlink:href="#sSpan988" value="obl"/>
		<feat xlink:href="#sSpan990" value="mark"/>
		<feat xlink:href="#sSpan994" value="acl:relcl"/>
		<feat xlink:href="#sSpan997" value="nsubj"/>
		<feat xlink:href="#sSpan999" value="case"/>
		<feat xlink:href="#sSpan1003" value="det"/>
		<feat xlink:href="#sSpan1006" value="obl"/>
		<feat xlink:href="#sSpan1009" value="case"/>
		<feat xlink:href="#sSpan1013" value="det"/>
		<feat xlink:href="#sSpan1017" value="nmod"/>
		<feat xlink:href="#sSpan1019" value="mark"/>
		<feat xlink:href="#sSpan1025" value="nsubj"/>
		<feat xlink:href="#sSpan1027" value="advcl"/>
		<feat xlink:href="#sSpan1029" value="case"/>
		<feat xlink:href="#sSpan1033" value="obj"/>
		<feat xlink:href="#sSpan1035" value="nmod:poss"/>
		<feat xlink:href="#sSpan1037" value="case"/>
		<feat xlink:href="#sSpan1042" value="obl"/>
		<feat xlink:href="#sSpan1044" value="mark"/>
		<feat xlink:href="#sSpan1048" value="advmod"/>
		<feat xlink:href="#sSpan1051" value="xcomp"/>
		<feat xlink:href="#sSpan1056" value="advmod"/>
		<feat xlink:href="#sSpan1060" value="case"/>
		<feat xlink:href="#sSpan1064" value="det"/>
		<feat xlink:href="#sSpan1068" value="obl"/>
		<feat xlink:href="#sSpan1070" value="case"/>
		<feat xlink:href="#sSpan1074" value="nmod"/>
		<feat xlink:href="#sSpan1078" value="mark"/>
		<feat xlink:href="#sSpan1083" value="case"/>
		<feat xlink:href="#sSpan1087" value="det"/>
		<feat xlink:href="#sSpan1090" value="advcl"/>
		<feat xlink:href="#sSpan1092" value="mark"/>
		<feat xlink:href="#sSpan1097" value="aux"/>
		<feat xlink:href="#sSpan1099" value="nsubj"/>
		<feat xlink:href="#sSpan1101" value="acl:relcl"/>
		<feat xlink:href="#sSpan1103" value="obj"/>
		<feat xlink:href="#sSpan1105" value="case"/>
		<feat xlink:href="#sSpan1110" value="obl"/>
		<feat xlink:href="#sSpan1112" value="case"/>
		<feat xlink:href="#sSpan1116" value="dislocated"/>
		<feat xlink:href="#sSpan1119" value="det"/>
		<feat xlink:href="#sSpan1124" value="appos"/>
		<feat xlink:href="#sSpan1127" value="case"/>
		<feat xlink:href="#sSpan1132" value="det"/>
		<feat xlink:href="#sSpan1136" value="obl"/>
		<feat xlink:href="#sSpan1139" value="root"/>
		<feat xlink:href="#sSpan1147" value="mark"/>
		<feat xlink:href="#sSpan1149" value="aux"/>
		<feat xlink:href="#sSpan1151" value="acl:relcl"/>
		<feat xlink:href="#sSpan1154" value="advmod"/>
		<feat xlink:href="#sSpan1158" value="advmod"/>
		<feat xlink:href="#sSpan1162" value="case"/>
		<feat xlink:href="#sSpan1167" value="nmod:poss"/>
		<feat xlink:href="#sSpan1169" value="obj"/>
		<feat xlink:href="#sSpan1171" value="advmod"/>
		<feat xlink:href="#sSpan1176" value="case"/>
		<feat xlink:href="#sSpan1180" value="obl"/>
		<feat xlink:href="#sSpan1182" value="mark"/>
		<feat xlink:href="#sSpan1187" value="xcomp"/>
		<feat xlink:href="#sSpan1189" value="obj"/>
		<feat xlink:href="#sSpan1191" value="xcomp"/>
		<feat xlink:href="#sSpan1193" value="case"/>
		<feat xlink:href="#sSpan1198" value="obl"/>
		<feat xlink:href="#sSpan1201" value="cc"/>
		<feat xlink:href="#sSpan1205" value="dislocated"/>
		<feat xlink:href="#sSpan1212" value="cc"/>
		<feat xlink:href="#sSpan1216" value="conj"/>
		<feat xlink:href="#sSpan1223" value="cc"/>
		<feat xlink:href="#sSpan1227" value="conj"/>
		<feat xlink:href="#sSpan1233" value="mark"/>
		<feat xlink:href="#sSpan1235" value="case"/>
		<feat xlink:href="#sSpan1237" value="det"/>
		<feat xlink:href="#sSpan1241" value="acl:relcl"/>
		<feat xlink:href="#sSpan1243" value="case"/>
		<feat xlink:href="#sSpan1248" value="nmod:poss"/>
		<feat xlink:href="#sSpan1251" value="nmod"/>
		<feat xlink:href="#sSpan1254" value="nmod"/>
		<feat xlink:href="#sSpan1260" value="det"/>
		<feat xlink:href="#sSpan1264" value="mark"/>
		<feat xlink:href="#sSpan1268" value="acl:relcl"/>
		<feat xlink:href="#sSpan1270" value="case"/>
		<feat xlink:href="#sSpan1276" value="obl"/>
		<feat xlink:href="#sSpan1280" value="case"/>
		<feat xlink:href="#sSpan1285" value="nmod"/>
		<feat xlink:href="#sSpan1287" value="advmod"/>
		<feat xlink:href="#sSpan1291" value="case"/>
		<feat xlink:href="#sSpan1296" value="nmod"/>
		<feat xlink:href="#sSpan1298" value="case"/>
		<feat xlink:href="#sSpan1303" value="nmod"/>
		<feat xlink:href="#sSpan1306" value="cc"/>
		<feat xlink:href="#sSpan1310" value="case"/>
		<feat xlink:href="#sSpan1314" value="conj"/>
		<feat xlink:href="#sSpan1317" value="nmod:unmarked"/>
		<feat xlink:href="#sSpan1322" value="aux"/>
		<feat xlink:href="#sSpan1328" value="nsubj"/>
		<feat xlink:href="#sSpan1330" value="advmod"/>
		<feat xlink:href="#sSpan1333" value="advcl"/>
		<feat xlink:href="#sSpan1336" value="case"/>
		<feat xlink:href="#sSpan1340" value="obj"/>
		<feat xlink:href="#sSpan1345" value="det"/>
		<feat xlink:href="#sSpan1349" value="mark"/>
		<feat xlink:href="#sSpan1353" value="acl:relcl"/>
		<feat xlink:href="#sSpan1356" value="case"/>
		<feat xlink:href="#sSpan1361" value="obl"/>
		<feat xlink:href="#sSpan1363" value="punct"/>
		<feat xlink:href="#sSpan1368" value="cc"/>
		<feat xlink:href="#sSpan1372" value="conj"/>
		<feat xlink:href="#sSpan1379" value="punct"/>
		<feat xlink:href="#sSpan1384" value="cc"/>
		<feat xlink:href="#sSpan1388" value="conj"/>
		<feat xlink:href="#sSpan1395" value="punct"/>
		<feat xlink:href="#sSpan1400" value="cc"/>
		<feat xlink:href="#sSpan1404" value="conj"/>
		<feat xlink:href="#sSpan1412" value="punct"/>
		<feat xlink:href="#sSpan1417" value="cc"/>
		<feat xlink:href="#sSpan1421" value="conj"/>
		<feat xlink:href="#sSpan1430" value="cc"/>
		<feat xlink:href="#sSpan1435" value="conj"/>
		<feat xlink:href="#sSpan1440" value="case"/>
		<feat xlink:href="#sSpan1444" value="nmod"/>
		<feat xlink:href="#sSpan1447" value="nsubj"/>
		<feat xlink:href="#sSpan1452" value="root"/>
		<feat xlink:href="#sSpan1454" value="mark"/>
		<feat xlink:href="#sSpan1459" value="nsubj"/>
		<feat xlink:href="#sSpan1461" value="advcl"/>
		<feat xlink:href="#sSpan1463" value="mark"/>
		<feat xlink:href="#sSpan1468" value="aux"/>
		<feat xlink:href="#sSpan1470" value="nsubj"/>
		<feat xlink:href="#sSpan1472" value="ccomp"/>
		<feat xlink:href="#sSpan1474" value="case"/>
		<feat xlink:href="#sSpan1478" value="nmod:poss"/>
		<feat xlink:href="#sSpan1483" value="obj"/>
		<feat xlink:href="#sSpan1485" value="mark"/>
		<feat xlink:href="#sSpan1489" value="xcomp"/>
		<feat xlink:href="#sSpan1492" value="obj"/>
		<feat xlink:href="#sSpan1494" value="xcomp"/>
		<feat xlink:href="#sSpan1496" value="obj"/>
		<feat xlink:href="#sSpan1498" value="case"/>
		<feat xlink:href="#sSpan1503" value="det"/>
		<feat xlink:href="#sSpan1506" value="obl"/>
		<feat xlink:href="#sSpan1509" value="root"/>
		<feat xlink:href="#sSpan1518" value="mark"/>
		<feat xlink:href="#sSpan1520" value="aux"/>
		<feat xlink:href="#sSpan1523" value="acl:relcl"/>
		<feat xlink:href="#sSpan1527" value="obj"/>
		<feat xlink:href="#sSpan1530" value="advmod"/>
		<feat xlink:href="#sSpan1535" value="advmod"/>
		<feat xlink:href="#sSpan1539" value="advmod"/>
		<feat xlink:href="#sSpan1543" value="case"/>
		<feat xlink:href="#sSpan1548" value="obl"/>
		<feat xlink:href="#sSpan1551" value="case"/>
		<feat xlink:href="#sSpan1555" value="nmod"/>
		<feat xlink:href="#sSpan1558" value="case"/>
		<feat xlink:href="#sSpan1562" value="obl"/>
		<feat xlink:href="#sSpan1565" value="mark"/>
		<feat xlink:href="#sSpan1567" value="aux"/>
		<feat xlink:href="#sSpan1569" value="nsubj"/>
		<feat xlink:href="#sSpan1572" value="acl:relcl"/>
		<feat xlink:href="#sSpan1575" value="case"/>
		<feat xlink:href="#sSpan1580" value="obj"/>
		<feat xlink:href="#sSpan1582" value="mark"/>
		<feat xlink:href="#sSpan1586" value="xcomp"/>
		<feat xlink:href="#sSpan1588" value="obj"/>
		<feat xlink:href="#sSpan1590" value="xcomp"/>
		<feat xlink:href="#sSpan1593" value="case"/>
		<feat xlink:href="#sSpan1597" value="det"/>
		<feat xlink:href="#sSpan1602" value="obl"/>
		<feat xlink:href="#sSpan1605" value="case"/>
		<feat xlink:href="#sSpan1609" value="det"/>
		<feat xlink:href="#sSpan1613" value="nmod"/>
		<feat xlink:href="#sSpan1616" value="case"/>
		<feat xlink:href="#sSpan1620" value="det"/>
		<feat xlink:href="#sSpan1623" value="nmod"/>
		<feat xlink:href="#sSpan1625" value="cc"/>
		<feat xlink:href="#sSpan1630" value="det"/>
		<feat xlink:href="#sSpan1634" value="conj"/>
		<feat xlink:href="#sSpan1636" value="case"/>
		<feat xlink:href="#sSpan1641" value="det"/>
		<feat xlink:href="#sSpan1644" value="nmod"/>
		<feat xlink:href="#sSpan1646" value="punct"/>
		<feat xlink:href="#sSpan1651" value="mark"/>
		<feat xlink:href="#sSpan1658" value="root"/>
		<feat xlink:href="#sSpan1660" value="obj"/>
		<feat xlink:href="#sSpan1662" value="xcomp"/>
		<feat xlink:href="#sSpan1664" value="obj"/>
		<feat xlink:href="#sSpan1666" value="aux"/>
		<feat xlink:href="#sSpan1671" value="nsubj"/>
		<feat xlink:href="#sSpan1674" value="advcl"/>
		<feat xlink:href="#sSpan1676" value="aux"/>
		<feat xlink:href="#sSpan1680" value="nsubj"/>
		<feat xlink:href="#sSpan1682" value="advcl"/>
		<feat xlink:href="#sSpan1686" value="case"/>
		<feat xlink:href="#sSpan1690" value="det"/>
		<feat xlink:href="#sSpan1692" value="obl"/>
		<feat xlink:href="#sSpan1694" value="case"/>
		<feat xlink:href="#sSpan1698" value="nmod"/>
		<feat xlink:href="#sSpan1701" value="nmod:poss"/>
		<feat xlink:href="#sSpan1703" value="case"/>
		<feat xlink:href="#sSpan1707" value="det"/>
		<feat xlink:href="#sSpan1710" value="obl"/>
		<feat xlink:href="#sSpan1712" value="nsubj"/>
		<feat xlink:href="#sSpan1717" value="parataxis"/>
		<feat xlink:href="#sSpan1719" value="mark"/>
		<feat xlink:href="#sSpan1724" value="nsubj"/>
		<feat xlink:href="#sSpan1726" value="advcl"/>
		<feat xlink:href="#sSpan1728" value="mark"/>
		<feat xlink:href="#sSpan1734" value="aux"/>
		<feat xlink:href="#sSpan1736" value="nsubj"/>
		<feat xlink:href="#sSpan1738" value="advcl"/>
		<feat xlink:href="#sSpan1740" value="case"/>
		<feat xlink:href="#sSpan1745" value="det"/>
		<feat xlink:href="#sSpan1747" value="obl"/>
		<feat xlink:href="#sSpan1749" value="case"/>
		<feat xlink:href="#sSpan1754" value="nmod"/>
		<feat xlink:href="#sSpan1758" value="cc"/>
		<feat xlink:href="#sSpan1763" value="conj"/>
		<feat xlink:href="#sSpan1767" value="nmod:poss"/>
		<feat xlink:href="#sSpan1771" value="appos"/>
		<feat xlink:href="#sSpan1774" value="punct"/>
		<feat xlink:href="#sSpan1778" value="cc"/>
		<feat xlink:href="#sSpan1784" value="case"/>
		<feat xlink:href="#sSpan1788" value="det"/>
		<feat xlink:href="#sSpan1791" value="root"/>
		<feat xlink:href="#sSpan1793" value="case"/>
		<feat xlink:href="#sSpan1798" value="nmod"/>
		<feat xlink:href="#sSpan1801" value="cc"/>
		<feat xlink:href="#sSpan1807" value="det"/>
		<feat xlink:href="#sSpan1810" value="conj"/>
		<feat xlink:href="#sSpan1812" value="mark"/>
		<feat xlink:href="#sSpan1817" value="aux"/>
		<feat xlink:href="#sSpan1819" value="det"/>
		<feat xlink:href="#sSpan1822" value="nsubj"/>
		<feat xlink:href="#sSpan1826" value="acl:relcl"/>
		<feat xlink:href="#sSpan1830" value="case"/>
		<feat xlink:href="#sSpan1834" value="obl"/>
		<feat xlink:href="#sSpan1838" value="case"/>
		<feat xlink:href="#sSpan1843" value="obl"/>
		<feat xlink:href="#sSpan1845" value="case"/>
		<feat xlink:href="#sSpan1849" value="det"/>
		<feat xlink:href="#sSpan1852" value="obl"/>
		<feat xlink:href="#sSpan1854" value="case"/>
		<feat xlink:href="#sSpan1858" value="obl"/>
		<feat xlink:href="#sSpan1861" value="advmod"/>
		<feat xlink:href="#sSpan1866" value="dislocated"/>
		<feat xlink:href="#sSpan1875" value="mark"/>
		<feat xlink:href="#sSpan1877" value="aux"/>
		<feat xlink:href="#sSpan1880" value="acl:relcl"/>
		<feat xlink:href="#sSpan1884" value="advmod"/>
		<feat xlink:href="#sSpan1889" value="advmod"/>
		<feat xlink:href="#sSpan1893" value="advmod"/>
		<feat xlink:href="#sSpan1897" value="case"/>
		<feat xlink:href="#sSpan1902" value="obl"/>
		<feat xlink:href="#sSpan1905" value="case"/>
		<feat xlink:href="#sSpan1909" value="det"/>
		<feat xlink:href="#sSpan1914" value="obl"/>
		<feat xlink:href="#sSpan1917" value="cc"/>
		<feat xlink:href="#sSpan1921" value="det"/>
		<feat xlink:href="#sSpan1924" value="conj"/>
		<feat xlink:href="#sSpan1927" value="nsubj"/>
		<feat xlink:href="#sSpan1932" value="root"/>
		<feat xlink:href="#sSpan1934" value="mark"/>
		<feat xlink:href="#sSpan1939" value="nsubj"/>
		<feat xlink:href="#sSpan1941" value="advcl"/>
		<feat xlink:href="#sSpan1943" value="case"/>
		<feat xlink:href="#sSpan1948" value="det"/>
		<feat xlink:href="#sSpan1951" value="obl"/>
		<feat xlink:href="#sSpan1953" value="advmod"/>
		<feat xlink:href="#sSpan1958" value="case"/>
		<feat xlink:href="#sSpan1962" value="det"/>
		<feat xlink:href="#sSpan1965" value="nmod"/>
		<feat xlink:href="#sSpan1969" value="dislocated"/>
		<feat xlink:href="#sSpan1978" value="mark"/>
		<feat xlink:href="#sSpan1980" value="aux"/>
		<feat xlink:href="#sSpan1982" value="acl:relcl"/>
		<feat xlink:href="#sSpan1985" value="advmod"/>
		<feat xlink:href="#sSpan1989" value="advmod"/>
		<feat xlink:href="#sSpan1994" value="case"/>
		<feat xlink:href="#sSpan1998" value="det"/>
		<feat xlink:href="#sSpan2001" value="obj"/>
		<feat xlink:href="#sSpan2003" value="case"/>
		<feat xlink:href="#sSpan2008" value="nmod"/>
		<feat xlink:href="#sSpan2012" value="cc"/>
		<feat xlink:href="#sSpan2016" value="det"/>
		<feat xlink:href="#sSpan2021" value="conj"/>
		<feat xlink:href="#sSpan2025" value="cc"/>
		<feat xlink:href="#sSpan2029" value="det"/>
		<feat xlink:href="#sSpan2034" value="conj"/>
		<feat xlink:href="#sSpan2038" value="cc"/>
		<feat xlink:href="#sSpan2042" value="det"/>
		<feat xlink:href="#sSpan2046" value="conj"/>
		<feat xlink:href="#sSpan2050" value="case"/>
		<feat xlink:href="#sSpan2054" value="nmod"/>
		<feat xlink:href="#sSpan2057" value="aux"/>
		<feat xlink:href="#sSpan2061" value="nsubj"/>
		<feat xlink:href="#sSpan2063" value="advcl"/>
		<feat xlink:href="#sSpan2066" value="obj"/>
		<feat xlink:href="#sSpan2068" value="case"/>
		<feat xlink:href="#sSpan2072" value="det"/>
		<feat xlink:href="#sSpan2076" value="case"/>
		<feat xlink:href="#sSpan2081" value="obl"/>
		<feat xlink:href="#sSpan2083" value="case"/>
		<feat xlink:href="#sSpan2087" value="nmod"/>
		<feat xlink:href="#sSpan2089" value="advmod"/>
		<feat xlink:href="#sSpan2095" value="cc"/>
		<feat xlink:href="#sSpan2099" value="case"/>
		<feat xlink:href="#sSpan2104" value="det"/>
		<feat xlink:href="#sSpan2106" value="conj"/>
		<feat xlink:href="#sSpan2109" value="case"/>
		<feat xlink:href="#sSpan2113" value="nmod"/>
		<feat xlink:href="#sSpan2115" value="advmod"/>
		<feat xlink:href="#sSpan2120" value="nsubj"/>
		<feat xlink:href="#sSpan2124" value="root"/>
		<feat xlink:href="#sSpan2127" value="mark"/>
		<feat xlink:href="#sSpan2131" value="nsubj"/>
		<feat xlink:href="#sSpan2133" value="advcl"/>
		<feat xlink:href="#sSpan2136" value="case"/>
		<feat xlink:href="#sSpan2140" value="det"/>
		<feat xlink:href="#sSpan2144" value="obl"/>
		<feat xlink:href="#sSpan2146" value="advmod"/>
		<feat xlink:href="#sSpan2150" value="case"/>
		<feat xlink:href="#sSpan2155" value="det"/>
		<feat xlink:href="#sSpan2158" value="nmod"/>
		<feat xlink:href="#sSpan2160" value="punct"/>
		<feat xlink:href="#sSpan2165" value="appos"/>
		<feat xlink:href="#sSpan2174" value="mark"/>
		<feat xlink:href="#sSpan2176" value="aux"/>
		<feat xlink:href="#sSpan2179" value="acl:relcl"/>
		<feat xlink:href="#sSpan2182" value="advmod"/>
		<feat xlink:href="#sSpan2187" value="case"/>
		<feat xlink:href="#sSpan2191" value="obl"/>
		<feat xlink:href="#sSpan2194" value="case"/>
		<feat xlink:href="#sSpan2201" value="nmod"/>
		<feat xlink:href="#sSpan2204" value="mark"/>
		<feat xlink:href="#sSpan2206" value="case"/>
		<feat xlink:href="#sSpan2209" value="acl:relcl"/>
		<feat xlink:href="#sSpan2211" value="case"/>
		<feat xlink:href="#sSpan2215" value="det"/>
		<feat xlink:href="#sSpan2218" value="obl"/>
		<feat xlink:href="#sSpan2221" value="advmod"/>
		<feat xlink:href="#sSpan2226" value="case"/>
		<feat xlink:href="#sSpan2230" value="nmod"/>
		<feat xlink:href="#sSpan2232" value="case"/>
		<feat xlink:href="#sSpan2237" value="nmod"/>
		<feat xlink:href="#sSpan2240" value="cc"/>
		<feat xlink:href="#sSpan2244" value="case"/>
		<feat xlink:href="#sSpan2249" value="conj"/>
		<feat xlink:href="#sSpan2251" value="root"/>
		<feat xlink:href="#sSpan2257" value="cc"/>
		<feat xlink:href="#sSpan2262" value="conj"/>
		<feat xlink:href="#sSpan2267" value="case"/>
		<feat xlink:href="#sSpan2271" value="nmod"/>
		<feat xlink:href="#sSpan2275" value="punct"/>
		<feat xlink:href="#sSpan2280" value="cc"/>
		<feat xlink:href="#sSpan2284" value="conj"/>
		<feat xlink:href="#sSpan2290" value="punct"/>
		<feat xlink:href="#sSpan2295" value="cc"/>
		<feat xlink:href="#sSpan2299" value="conj"/>
		<feat xlink:href="#sSpan2305" value="punct"/>
		<feat xlink:href="#sSpan2310" value="cc"/>
		<feat xlink:href="#sSpan2314" value="conj"/>
		<feat xlink:href="#sSpan2321" value="cc"/>
		<feat xlink:href="#sSpan2325" value="det"/>
		<feat xlink:href="#sSpan2331" value="conj"/>
		<feat xlink:href="#sSpan2333" value="case"/>
		<feat xlink:href="#sSpan2337" value="nmod"/>
		<feat xlink:href="#sSpan2341" value="case"/>
		<feat xlink:href="#sSpan2345" value="conj"/>
		<feat xlink:href="#sSpan2347" value="nmod:unmarked"/>
		<feat xlink:href="#sSpan2349" value="nmod:poss"/>
		<feat xlink:href="#sSpan2351" value="case"/>
		<feat xlink:href="#sSpan2356" value="nmod"/>
		<feat xlink:href="#sSpan2360" value="aux"/>
		<feat xlink:href="#sSpan2367" value="nsubj"/>
		<feat xlink:href="#sSpan2369" value="root"/>
		<feat xlink:href="#sSpan2371" value="det"/>
		<feat xlink:href="#sSpan2375" value="obj"/>
		<feat xlink:href="#sSpan2377" value="case"/>
		<feat xlink:href="#sSpan2381" value="nmod"/>
		<feat xlink:href="#sSpan2384" value="case"/>
		<feat xlink:href="#sSpan2388" value="obl"/>
		<feat xlink:href="#sSpan2391" value="cc"/>
		<feat xlink:href="#sSpan2396" value="aux"/>
		<feat xlink:href="#sSpan2400" value="nsubj"/>
		<feat xlink:href="#sSpan2402" value="conj"/>
		<feat xlink:href="#sSpan2405" value="det"/>
		<feat xlink:href="#sSpan2408" value="obj"/>
		<feat xlink:href="#sSpan2410" value="case"/>
		<feat xlink:href="#sSpan2415" value="nmod"/>
		<feat xlink:href="#sSpan2417" value="case"/>
		<feat xlink:href="#sSpan2422" value="obl"/>
		<feat xlink:href="#sSpan2424" value="nsubj"/>
		<feat xlink:href="#sSpan2429" value="parataxis"/>
		<feat xlink:href="#sSpan2431" value="mark"/>
		<feat xlink:href="#sSpan2436" value="nsubj"/>
		<feat xlink:href="#sSpan2438" value="advcl"/>
		<feat xlink:href="#sSpan2440" value="mark"/>
		<feat xlink:href="#sSpan2445" value="aux"/>
		<feat xlink:href="#sSpan2447" value="nsubj"/>
		<feat xlink:href="#sSpan2450" value="ccomp"/>
		<feat xlink:href="#sSpan2452" value="case"/>
		<feat xlink:href="#sSpan2457" value="det"/>
		<feat xlink:href="#sSpan2461" value="obj"/>
		<feat xlink:href="#sSpan2463" value="mark"/>
		<feat xlink:href="#sSpan2468" value="aux"/>
		<feat xlink:href="#sSpan2470" value="nmod:poss"/>
		<feat xlink:href="#sSpan2473" value="nsubj"/>
		<feat xlink:href="#sSpan2476" value="acl:relcl"/>
		<feat xlink:href="#sSpan2480" value="case"/>
		<feat xlink:href="#sSpan2485" value="obj"/>
		<feat xlink:href="#sSpan2487" value="case"/>
		<feat xlink:href="#sSpan2493" value="obl"/>
		<feat xlink:href="#sSpan2495" value="mark"/>
		<feat xlink:href="#sSpan2501" value="advmod"/>
		<feat xlink:href="#sSpan2504" value="root"/>
		<feat xlink:href="#sSpan2507" value="obj"/>
		<feat xlink:href="#sSpan2510" value="case"/>
		<feat xlink:href="#sSpan2514" value="nmod"/>
		<feat xlink:href="#sSpan2517" value="xcomp"/>
		<feat xlink:href="#sSpan2521" value="obj"/>
		<feat xlink:href="#sSpan2526" value="case"/>
		<feat xlink:href="#sSpan2530" value="nmod"/>
		<feat xlink:href="#sSpan2535" value="case"/>
		<feat xlink:href="#sSpan2539" value="obj"/>
		<feat xlink:href="#sSpan2542" value="mark"/>
		<feat xlink:href="#sSpan2544" value="case"/>
		<feat xlink:href="#sSpan2547" value="acl:relcl"/>
		<feat xlink:href="#sSpan2549" value="case"/>
		<feat xlink:href="#sSpan2553" value="obl"/>
		<feat xlink:href="#sSpan2557" value="case"/>
		<feat xlink:href="#sSpan2561" value="det"/>
		<feat xlink:href="#sSpan2564" value="obl"/>
		<feat xlink:href="#sSpan2568" value="cc"/>
		<feat xlink:href="#sSpan2572" value="conj"/>
		<feat xlink:href="#sSpan2580" value="cc"/>
		<feat xlink:href="#sSpan2585" value="conj"/>
		<feat xlink:href="#sSpan2590" value="punct"/>
		<feat xlink:href="#sSpan2594" value="mark"/>
		<feat xlink:href="#sSpan2599" value="xcomp"/>
		<feat xlink:href="#sSpan2601" value="obj"/>
		<feat xlink:href="#sSpan2603" value="xcomp"/>
		<feat xlink:href="#sSpan2606" value="obj"/>
		<feat xlink:href="#sSpan2608" value="case"/>
		<feat xlink:href="#sSpan2612" value="fixed"/>
		<feat xlink:href="#sSpan2617" value="det"/>
		<feat xlink:href="#sSpan2620" value="obl"/>
		<feat xlink:href="#sSpan2622" value="case"/>
		<feat xlink:href="#sSpan2627" value="obl"/>
		<feat xlink:href="#sSpan2630" value="cc"/>
		<feat xlink:href="#sSpan2634" value="case"/>
		<feat xlink:href="#sSpan2638" value="fixed"/>
		<feat xlink:href="#sSpan2643" value="det"/>
		<feat xlink:href="#sSpan2646" value="obl"/>
		<feat xlink:href="#sSpan2648" value="mark"/>
		<feat xlink:href="#sSpan2653" value="acl:relcl"/>
		<feat xlink:href="#sSpan2655" value="case"/>
		<feat xlink:href="#sSpan2659" value="obl"/>
		<feat xlink:href="#sSpan2662" value="obl:unmarked"/>
		<feat xlink:href="#sSpan2666" value="nmod:poss"/>
		<feat xlink:href="#sSpan2669" value="case"/>
		<feat xlink:href="#sSpan2673" value="obl"/>
		<feat xlink:href="#sSpan2677" value="punct"/>
		<feat xlink:href="#sSpan2681" value="dislocated"/>
		<feat xlink:href="#sSpan2689" value="mark"/>
		<feat xlink:href="#sSpan2691" value="aux"/>
		<feat xlink:href="#sSpan2694" value="acl:relcl"/>
		<feat xlink:href="#sSpan2697" value="obj"/>
		<feat xlink:href="#sSpan2700" value="advmod"/>
		<feat xlink:href="#sSpan2704" value="advmod"/>
		<feat xlink:href="#sSpan2709" value="cc"/>
		<feat xlink:href="#sSpan2714" value="conj"/>
		<feat xlink:href="#sSpan2719" value="mark"/>
		<feat xlink:href="#sSpan2721" value="aux"/>
		<feat xlink:href="#sSpan2725" value="acl:relcl"/>
		<feat xlink:href="#sSpan2729" value="advmod"/>
		<feat xlink:href="#sSpan2733" value="case"/>
		<feat xlink:href="#sSpan2738" value="obl"/>
		<feat xlink:href="#sSpan2741" value="cc"/>
		<feat xlink:href="#sSpan2746" value="obl"/>
		<feat xlink:href="#sSpan2753" value="cc"/>
		<feat xlink:href="#sSpan2757" value="conj"/>
		<feat xlink:href="#sSpan2763" value="mark"/>
		<feat xlink:href="#sSpan2767" value="xcomp"/>
		<feat xlink:href="#sSpan2770" value="obj"/>
		<feat xlink:href="#sSpan2772" value="xcomp"/>
		<feat xlink:href="#sSpan2774" value="obj"/>
		<feat xlink:href="#sSpan2776" value="nsubj"/>
		<feat xlink:href="#sSpan2781" value="root"/>
		<feat xlink:href="#sSpan2783" value="mark"/>
		<feat xlink:href="#sSpan2788" value="nsubj"/>
		<feat xlink:href="#sSpan2790" value="advcl"/>
		<feat xlink:href="#sSpan2792" value="mark"/>
		<feat xlink:href="#sSpan2797" value="aux"/>
		<feat xlink:href="#sSpan2799" value="nsubj"/>
		<feat xlink:href="#sSpan2802" value="ccomp"/>
		<feat xlink:href="#sSpan2804" value="case"/>
		<feat xlink:href="#sSpan2809" value="det"/>
		<feat xlink:href="#sSpan2813" value="obj"/>
		<feat xlink:href="#sSpan2815" value="mark"/>
		<feat xlink:href="#sSpan2820" value="aux"/>
		<feat xlink:href="#sSpan2822" value="nmod:poss"/>
		<feat xlink:href="#sSpan2825" value="nsubj"/>
		<feat xlink:href="#sSpan2828" value="acl:relcl"/>
		<feat xlink:href="#sSpan2832" value="case"/>
		<feat xlink:href="#sSpan2837" value="obj"/>
		<feat xlink:href="#sSpan2839" value="case"/>
		<feat xlink:href="#sSpan2844" value="obl"/>
		<feat xlink:href="#sSpan2847" value="dislocated"/>
		<feat xlink:href="#sSpan2856" value="mark"/>
		<feat xlink:href="#sSpan2858" value="aux"/>
		<feat xlink:href="#sSpan2860" value="acl:relcl"/>
		<feat xlink:href="#sSpan2862" value="obj"/>
		<feat xlink:href="#sSpan2869" value="advmod"/>
		<feat xlink:href="#sSpan2873" value="advmod"/>
		<feat xlink:href="#sSpan2877" value="case"/>
		<feat xlink:href="#sSpan2882" value="fixed"/>
		<feat xlink:href="#sSpan2887" value="obl"/>
		<feat xlink:href="#sSpan2890" value="nmod:poss"/>
		<feat xlink:href="#sSpan2892" value="case"/>
		<feat xlink:href="#sSpan2896" value="nmod"/>
		<feat xlink:href="#sSpan2900" value="advmod"/>
		<feat xlink:href="#sSpan2904" value="case"/>
		<feat xlink:href="#sSpan2909" value="nmod"/>
		<feat xlink:href="#sSpan2913" value="cc"/>
		<feat xlink:href="#sSpan2917" value="conj"/>
		<feat xlink:href="#sSpan2923" value="cc"/>
		<feat xlink:href="#sSpan2928" value="conj"/>
		<feat xlink:href="#sSpan2934" value="case"/>
		<feat xlink:href="#sSpan2940" value="nmod"/>
		<feat xlink:href="#sSpan2947" value="mark"/>
		<feat xlink:href="#sSpan2951" value="nmod"/>
		<feat xlink:href="#sSpan2953" value="obj"/>
		<feat xlink:href="#sSpan2955" value="xcomp"/>
		<feat xlink:href="#sSpan2959" value="obj"/>
		<feat xlink:href="#sSpan2961" value="nsubj"/>
		<feat xlink:href="#sSpan2965" value="root"/>
		<feat xlink:href="#sSpan2968" value="mark"/>
		<feat xlink:href="#sSpan2972" value="nsubj"/>
		<feat xlink:href="#sSpan2974" value="advcl"/>
		<feat xlink:href="#sSpan2977" value="mark"/>
		<feat xlink:href="#sSpan2981" value="aux"/>
		<feat xlink:href="#sSpan2984" value="nsubj"/>
		<feat xlink:href="#sSpan2986" value="ccomp"/>
		<feat xlink:href="#sSpan2988" value="case"/>
		<feat xlink:href="#sSpan2992" value="det"/>
		<feat xlink:href="#sSpan2996" value="obj"/>
		<feat xlink:href="#sSpan2999" value="mark"/>
		<feat xlink:href="#sSpan3003" value="aux"/>
		<feat xlink:href="#sSpan3005" value="nmod:poss"/>
		<feat xlink:href="#sSpan3009" value="nsubj"/>
		<feat xlink:href="#sSpan3011" value="acl:relcl"/>
		<feat xlink:href="#sSpan3016" value="case"/>
		<feat xlink:href="#sSpan3020" value="obj"/>
		<feat xlink:href="#sSpan3022" value="case"/>
		<feat xlink:href="#sSpan3027" value="obl"/>
		<feat xlink:href="#sSpan3030" value="det"/>
		<feat xlink:href="#sSpan3039" value="root"/>
		<feat xlink:href="#sSpan3042" value="advmod"/>
		<feat xlink:href="#sSpan3047" value="cop"/>
		<feat xlink:href="#sSpan3051" value="mark"/>
		<feat xlink:href="#sSpan3056" value="mark"/>
		<feat xlink:href="#sSpan3060" value="nsubj"/>
		<feat xlink:href="#sSpan3062" value="case"/>
		<feat xlink:href="#sSpan3065" value="det"/>
		<feat xlink:href="#sSpan3068" value="acl:relcl"/>
		<feat xlink:href="#sSpan3071" value="cc"/>
		<feat xlink:href="#sSpan3076" value="mark"/>
		<feat xlink:href="#sSpan3080" value="nsubj"/>
		<feat xlink:href="#sSpan3082" value="conj"/>
		<feat xlink:href="#sSpan3085" value="case"/>
		<feat xlink:href="#sSpan3090" value="det"/>
		<feat xlink:href="#sSpan3093" value="obl"/>
		<feat xlink:href="#sSpan3095" value="punct"/>
		<feat xlink:href="#sSpan3099" value="mark"/>
		<feat xlink:href="#sSpan3104" value="nsubj"/>
		<feat xlink:href="#sSpan3106" value="conj"/>
		<feat xlink:href="#sSpan3108" value="advmod"/>
		<feat xlink:href="#sSpan3113" value="case"/>
		<feat xlink:href="#sSpan3118" value="det"/>
		<feat xlink:href="#sSpan3122" value="obl"/>
		<feat xlink:href="#sSpan3127" value="cc"/>
		<feat xlink:href="#sSpan3131" value="dislocated"/>
		<feat xlink:href="#sSpan3136" value="mark"/>
		<feat xlink:href="#sSpan3143" value="nsubj"/>
		<feat xlink:href="#sSpan3145" value="case"/>
		<feat xlink:href="#sSpan3147" value="det"/>
		<feat xlink:href="#sSpan3151" value="advcl"/>
		<feat xlink:href="#sSpan3154" value="cc"/>
		<feat xlink:href="#sSpan3158" value="aux"/>
		<feat xlink:href="#sSpan3163" value="det"/>
		<feat xlink:href="#sSpan3166" value="nsubj"/>
		<feat xlink:href="#sSpan3168" value="conj"/>
		<feat xlink:href="#sSpan3173" value="case"/>
		<feat xlink:href="#sSpan3177" value="det"/>
		<feat xlink:href="#sSpan3180" value="obj"/>
		<feat xlink:href="#sSpan3183" value="case"/>
		<feat xlink:href="#sSpan3187" value="nmod"/>
		<feat xlink:href="#sSpan3191" value="cc"/>
		<feat xlink:href="#sSpan3196" value="nmod:poss"/>
		<feat xlink:href="#sSpan3201" value="conj"/>
		<feat xlink:href="#sSpan3203" value="cc"/>
		<feat xlink:href="#sSpan3207" value="case"/>
		<feat xlink:href="#sSpan3212" value="det"/>
		<feat xlink:href="#sSpan3216" value="obl"/>
		<feat xlink:href="#sSpan3219" value="case"/>
		<feat xlink:href="#sSpan3223" value="det"/>
		<feat xlink:href="#sSpan3227" value="nmod"/>
		<feat xlink:href="#sSpan3231" value="mark"/>
		<feat xlink:href="#sSpan3236" value="nsubj"/>
		<feat xlink:href="#sSpan3239" value="mark"/>
		<feat xlink:href="#sSpan3241" value="acl:relcl"/>
		<feat xlink:href="#sSpan3244" value="case"/>
		<feat xlink:href="#sSpan3248" value="obl"/>
		<feat xlink:href="#sSpan3250" value="aux"/>
		<feat xlink:href="#sSpan3254" value="root"/>
		<feat xlink:href="#sSpan3257" value="obj"/>
		<feat xlink:href="#sSpan3259" value="case"/>
		<feat xlink:href="#sSpan3263" value="obl"/>
		<feat xlink:href="#sSpan3265" value="advmod"/>
		<feat xlink:href="#sSpan3270" value="case"/>
		<feat xlink:href="#sSpan3275" value="det"/>
		<feat xlink:href="#sSpan3278" value="obl"/>
		<feat xlink:href="#sSpan3280" value="case"/>
		<feat xlink:href="#sSpan3285" value="det"/>
		<feat xlink:href="#sSpan3288" value="nmod"/>
		<feat xlink:href="#sSpan3292" value="cc"/>
		<feat xlink:href="#sSpan3299" value="root"/>
		<feat xlink:href="#sSpan3304" value="cop"/>
		<feat xlink:href="#sSpan3308" value="det"/>
		<feat xlink:href="#sSpan3312" value="nsubj"/>
		<feat xlink:href="#sSpan3314" value="mark"/>
		<feat xlink:href="#sSpan3319" value="aux"/>
		<feat xlink:href="#sSpan3321" value="acl:relcl"/>
		<feat xlink:href="#sSpan3323" value="case"/>
		<feat xlink:href="#sSpan3328" value="obl"/>
		<feat xlink:href="#sSpan3331" value="mark"/>
		<feat xlink:href="#sSpan3333" value="acl:relcl"/>
		<feat xlink:href="#sSpan3336" value="case"/>
		<feat xlink:href="#sSpan3341" value="det"/>
		<feat xlink:href="#sSpan3344" value="obl"/>
		<feat xlink:href="#sSpan3346" value="cc"/>
		<feat xlink:href="#sSpan3351" value="conj"/>
		<feat xlink:href="#sSpan3354" value="mark"/>
		<feat xlink:href="#sSpan3356" value="acl:relcl"/>
		<feat xlink:href="#sSpan3360" value="case"/>
		<feat xlink:href="#sSpan3364" value="det"/>
		<feat xlink:href="#sSpan3367" value="obl"/>
		<feat xlink:href="#sSpan3369" value="cc"/>
		<feat xlink:href="#sSpan3374" value="conj"/>
		<feat xlink:href="#sSpan3377" value="mark"/>
		<feat xlink:href="#sSpan3379" value="case"/>
		<feat xlink:href="#sSpan3384" value="acl:relcl"/>
		<feat xlink:href="#sSpan3387" value="cc"/>
		<feat xlink:href="#sSpan3391" value="det"/>
		<feat xlink:href="#sSpan3395" value="conj"/>
		<feat xlink:href="#sSpan3398" value="case"/>
		<feat xlink:href="#sSpan3405" value="nmod"/>
		<feat xlink:href="#sSpan3408" value="mark"/>
		<feat xlink:href="#sSpan3412" value="xcomp"/>
		<feat xlink:href="#sSpan3414" value="obj"/>
		<feat xlink:href="#sSpan3418" value="mark"/>
		<feat xlink:href="#sSpan3420" value="acl:relcl"/>
		<feat xlink:href="#sSpan3422" value="case"/>
		<feat xlink:href="#sSpan3427" value="obl"/>
		<feat xlink:href="#sSpan3429" value="parataxis"/>
		<feat xlink:href="#sSpan3434" value="obj"/>
		<feat xlink:href="#sSpan3436" value="case"/>
		<feat xlink:href="#sSpan3440" value="obl"/>
		<feat xlink:href="#sSpan3442" value="advmod"/>
		<feat xlink:href="#sSpan3447" value="case"/>
		<feat xlink:href="#sSpan3451" value="det"/>
		<feat xlink:href="#sSpan3454" value="obl"/>
		<feat xlink:href="#sSpan3457" value="cc"/>
		<feat xlink:href="#sSpan3461" value="det"/>
		<feat xlink:href="#sSpan3464" value="conj"/>
		<feat xlink:href="#sSpan3468" value="mark"/>
		<feat xlink:href="#sSpan3473" value="acl:relcl"/>
		<feat xlink:href="#sSpan3475" value="nsubj"/>
		<feat xlink:href="#sSpan3478" value="dislocated"/>
		<feat xlink:href="#sSpan3487" value="mark"/>
		<feat xlink:href="#sSpan3489" value="aux"/>
		<feat xlink:href="#sSpan3491" value="acl:relcl"/>
		<feat xlink:href="#sSpan3493" value="case"/>
		<feat xlink:href="#sSpan3497" value="det"/>
		<feat xlink:href="#sSpan3501" value="obj"/>
		<feat xlink:href="#sSpan3503" value="case"/>
		<feat xlink:href="#sSpan3508" value="nmod"/>
		<feat xlink:href="#sSpan3511" value="case"/>
		<feat xlink:href="#sSpan3515" value="nmod:poss"/>
		<feat xlink:href="#sSpan3519" value="obl"/>
		<feat xlink:href="#sSpan3521" value="punct"/>
		<feat xlink:href="#sSpan3526" value="cc"/>
		<feat xlink:href="#sSpan3531" value="conj"/>
		<feat xlink:href="#sSpan3536" value="mark"/>
		<feat xlink:href="#sSpan3538" value="aux"/>
		<feat xlink:href="#sSpan3541" value="acl:relcl"/>
		<feat xlink:href="#sSpan3544" value="case"/>
		<feat xlink:href="#sSpan3548" value="det"/>
		<feat xlink:href="#sSpan3552" value="obj"/>
		<feat xlink:href="#sSpan3555" value="case"/>
		<feat xlink:href="#sSpan3559" value="nmod"/>
		<feat xlink:href="#sSpan3563" value="advmod"/>
		<feat xlink:href="#sSpan3567" value="case"/>
		<feat xlink:href="#sSpan3571" value="nmod:poss"/>
		<feat xlink:href="#sSpan3576" value="obl"/>
		<feat xlink:href="#sSpan3578" value="mark"/>
		<feat xlink:href="#sSpan3582" value="nsubj"/>
		<feat xlink:href="#sSpan3584" value="advcl"/>
		<feat xlink:href="#sSpan3587" value="case"/>
		<feat xlink:href="#sSpan3591" value="obj"/>
		<feat xlink:href="#sSpan3594" value="cc"/>
		<feat xlink:href="#sSpan3599" value="dislocated"/>
		<feat xlink:href="#sSpan3603" value="mark"/>
		<feat xlink:href="#sSpan3607" value="nsubj"/>
		<feat xlink:href="#sSpan3609" value="conj"/>
		<feat xlink:href="#sSpan3612" value="case"/>
		<feat xlink:href="#sSpan3616" value="obj"/>
		<feat xlink:href="#sSpan3619" value="mark"/>
		<feat xlink:href="#sSpan3621" value="case"/>
		<feat xlink:href="#sSpan3627" value="acl:relcl"/>
		<feat xlink:href="#sSpan3630" value="cc"/>
		<feat xlink:href="#sSpan3634" value="mark"/>
		<feat xlink:href="#sSpan3639" value="nsubj"/>
		<feat xlink:href="#sSpan3641" value="case"/>
		<feat xlink:href="#sSpan3643" value="obl"/>
		<feat xlink:href="#sSpan3646" value="case"/>
		<feat xlink:href="#sSpan3652" value="fixed"/>
		<feat xlink:href="#sSpan3656" value="nmod:poss"/>
		<feat xlink:href="#sSpan3659" value="nmod"/>
		<feat xlink:href="#sSpan3666" value="cc"/>
		<feat xlink:href="#sSpan3670" value="dislocated"/>
		<feat xlink:href="#sSpan3675" value="mark"/>
		<feat xlink:href="#sSpan3679" value="nsubj"/>
		<feat xlink:href="#sSpan3681" value="case"/>
		<feat xlink:href="#sSpan3683" value="conj"/>
		<feat xlink:href="#sSpan3687" value="case"/>
		<feat xlink:href="#sSpan3692" value="fixed"/>
		<feat xlink:href="#sSpan3696" value="det"/>
		<feat xlink:href="#sSpan3699" value="obl"/>
		<feat xlink:href="#sSpan3702" value="case"/>
		<feat xlink:href="#sSpan3706" value="nmod"/>
		<feat xlink:href="#sSpan3710" value="mark"/>
		<feat xlink:href="#sSpan3712" value="case"/>
		<feat xlink:href="#sSpan3715" value="acl:relcl"/>
		<feat xlink:href="#sSpan3717" value="nsubj"/>
		<feat xlink:href="#sSpan3722" value="root"/>
		<feat xlink:href="#sSpan3724" value="mark"/>
		<feat xlink:href="#sSpan3729" value="nsubj"/>
		<feat xlink:href="#sSpan3731" value="advcl"/>
		<feat xlink:href="#sSpan3733" value="mark"/>
		<feat xlink:href="#sSpan3738" value="det"/>
		<feat xlink:href="#sSpan3743" value="advcl"/>
		<feat xlink:href="#sSpan3746" value="cop"/>
		<feat xlink:href="#sSpan3750" value="mark"/>
		<feat xlink:href="#sSpan3755" value="det"/>
		<feat xlink:href="#sSpan3760" value="advcl"/>
		<feat xlink:href="#sSpan3765" value="cop"/>
		<feat xlink:href="#sSpan3772" value="dislocated"/>
		<feat xlink:href="#sSpan3781" value="mark"/>
		<feat xlink:href="#sSpan3783" value="aux"/>
		<feat xlink:href="#sSpan3785" value="acl:relcl"/>
		<feat xlink:href="#sSpan3790" value="advmod"/>
		<feat xlink:href="#sSpan3795" value="advmod"/>
		<feat xlink:href="#sSpan3799" value="case"/>
		<feat xlink:href="#sSpan3803" value="det"/>
		<feat xlink:href="#sSpan3807" value="obl"/>
		<feat xlink:href="#sSpan3809" value="mark"/>
		<feat xlink:href="#sSpan3814" value="nsubj"/>
		<feat xlink:href="#sSpan3817" value="acl:relcl"/>
		<feat xlink:href="#sSpan3822" value="cc"/>
		<feat xlink:href="#sSpan3826" value="conj"/>
		<feat xlink:href="#sSpan3832" value="mark"/>
		<feat xlink:href="#sSpan3834" value="aux"/>
		<feat xlink:href="#sSpan3836" value="acl:relcl"/>
		<feat xlink:href="#sSpan3840" value="mark"/>
		<feat xlink:href="#sSpan3844" value="nsubj"/>
		<feat xlink:href="#sSpan3846" value="advcl"/>
		<feat xlink:href="#sSpan3848" value="advmod"/>
		<feat xlink:href="#sSpan3854" value="advmod"/>
		<feat xlink:href="#sSpan3858" value="mark"/>
		<feat xlink:href="#sSpan3863" value="xcomp"/>
		<feat xlink:href="#sSpan3865" value="obj"/>
		<feat xlink:href="#sSpan3867" value="xcomp"/>
		<feat xlink:href="#sSpan3870" value="cc"/>
		<feat xlink:href="#sSpan3875" value="mark"/>
		<feat xlink:href="#sSpan3879" value="conj"/>
		<feat xlink:href="#sSpan3881" value="obj"/>
		<feat xlink:href="#sSpan3883" value="xcomp"/>
		<feat xlink:href="#sSpan3887" value="case"/>
		<feat xlink:href="#sSpan3891" value="nmod:poss"/>
		<feat xlink:href="#sSpan3893" value="obl"/>
		<feat xlink:href="#sSpan3896" value="advmod"/>
		<feat xlink:href="#sSpan3901" value="case"/>
		<feat xlink:href="#sSpan3905" value="det"/>
		<feat xlink:href="#sSpan3909" value="obl"/>
		<feat xlink:href="#sSpan3912" value="case"/>
		<feat xlink:href="#sSpan3917" value="nmod"/>
		<feat xlink:href="#sSpan3921" value="nsubj"/>
		<feat xlink:href="#sSpan3925" value="root"/>
		<feat xlink:href="#sSpan3928" value="case"/>
		<feat xlink:href="#sSpan3932" value="det"/>
		<feat xlink:href="#sSpan3935" value="obl"/>
		<feat xlink:href="#sSpan3939" value="mark"/>
		<feat xlink:href="#sSpan3943" value="det"/>
		<feat xlink:href="#sSpan3949" value="advcl"/>
		<feat xlink:href="#sSpan3951" value="cop"/>
		<feat xlink:href="#sSpan3955" value="mark"/>
		<feat xlink:href="#sSpan3960" value="det"/>
		<feat xlink:href="#sSpan3965" value="advcl"/>
		<feat xlink:href="#sSpan3968" value="cop"/>
		<feat xlink:href="#sSpan3972" value="punct"/>
		<feat xlink:href="#sSpan3977" value="dislocated"/>
		<feat xlink:href="#sSpan3986" value="mark"/>
		<feat xlink:href="#sSpan3988" value="aux"/>
		<feat xlink:href="#sSpan3991" value="acl:relcl"/>
		<feat xlink:href="#sSpan3994" value="advmod"/>
		<feat xlink:href="#sSpan4000" value="advmod"/>
		<feat xlink:href="#sSpan4004" value="mark"/>
		<feat xlink:href="#sSpan4008" value="nsubj"/>
		<feat xlink:href="#sSpan4010" value="advcl"/>
		<feat xlink:href="#sSpan4013" value="advmod"/>
		<feat xlink:href="#sSpan4017" value="mark"/>
		<feat xlink:href="#sSpan4021" value="nsubj"/>
		<feat xlink:href="#sSpan4023" value="advcl"/>
		<feat xlink:href="#sSpan4026" value="advmod"/>
		<feat xlink:href="#sSpan4030" value="case"/>
		<feat xlink:href="#sSpan4034" value="obl"/>
		<feat xlink:href="#sSpan4038" value="mark"/>
		<feat xlink:href="#sSpan4040" value="case"/>
		<feat xlink:href="#sSpan4042" value="acl:relcl"/>
		<feat xlink:href="#sSpan4047" value="mark"/>
		<feat xlink:href="#sSpan4051" value="advcl"/>
		<feat xlink:href="#sSpan4053" value="det"/>
		<feat xlink:href="#sSpan4057" value="nsubj"/>
		<feat xlink:href="#sSpan4060" value="case"/>
		<feat xlink:href="#sSpan4064" value="nmod"/>
		<feat xlink:href="#sSpan4068" value="case"/>
		<feat xlink:href="#sSpan4072" value="nmod:poss"/>
		<feat xlink:href="#sSpan4075" value="obl"/>
		<feat xlink:href="#sSpan4078" value="nsubj"/>
		<feat xlink:href="#sSpan4082" value="root"/>
		<feat xlink:href="#sSpan4085" value="mark"/>
		<feat xlink:href="#sSpan4089" value="nsubj"/>
		<feat xlink:href="#sSpan4091" value="advcl"/>
		<feat xlink:href="#sSpan4095" value="mark"/>
		<feat xlink:href="#sSpan4099" value="det"/>
		<feat xlink:href="#sSpan4105" value="advcl"/>
		<feat xlink:href="#sSpan4107" value="cop"/>
		<feat xlink:href="#sSpan4111" value="mark"/>
		<feat xlink:href="#sSpan4116" value="det"/>
		<feat xlink:href="#sSpan4121" value="advcl"/>
		<feat xlink:href="#sSpan4124" value="cop"/>
		<feat xlink:href="#sSpan4129" value="dislocated"/>
		<feat xlink:href="#sSpan4138" value="mark"/>
		<feat xlink:href="#sSpan4140" value="aux"/>
		<feat xlink:href="#sSpan4142" value="acl:relcl"/>
		<feat xlink:href="#sSpan4146" value="advmod"/>
		<feat xlink:href="#sSpan4151" value="advmod"/>
		<feat xlink:href="#sSpan4155" value="case"/>
		<feat xlink:href="#sSpan4159" value="nmod:poss"/>
		<feat xlink:href="#sSpan4162" value="obl"/>
		<feat xlink:href="#sSpan4165" value="case"/>
		<feat xlink:href="#sSpan4169" value="nmod"/>
		<feat xlink:href="#sSpan4173" value="aux"/>
		<feat xlink:href="#sSpan4178" value="nsubj"/>
		<feat xlink:href="#sSpan4180" value="root"/>
		<feat xlink:href="#sSpan4182" value="obj"/>
		<feat xlink:href="#sSpan4184" value="advmod"/>
		<feat xlink:href="#sSpan4189" value="case"/>
		<feat xlink:href="#sSpan4193" value="det"/>
		<feat xlink:href="#sSpan4196" value="obl"/>
		<feat xlink:href="#sSpan4198" value="case"/>
		<feat xlink:href="#sSpan4203" value="nmod"/>
		<feat xlink:href="#sSpan4207" value="case"/>
		<feat xlink:href="#sSpan4211" value="obl"/>
		<feat xlink:href="#sSpan4215" value="mark"/>
		<feat xlink:href="#sSpan4217" value="case"/>
		<feat xlink:href="#sSpan4219" value="acl:relcl"/>
		<feat xlink:href="#sSpan4222" value="mark"/>
		<feat xlink:href="#sSpan4226" value="xcomp"/>
		<feat xlink:href="#sSpan4228" value="obj"/>
		<feat xlink:href="#sSpan4230" value="xcomp"/>
		<feat xlink:href="#sSpan4233" value="case"/>
		<feat xlink:href="#sSpan4237" value="det"/>
		<feat xlink:href="#sSpan4241" value="obl"/>
		<feat xlink:href="#sSpan4244" value="case"/>
		<feat xlink:href="#sSpan4249" value="nmod"/>
		<feat xlink:href="#sSpan4254" value="case"/>
		<feat xlink:href="#sSpan4258" value="obl"/>
		<feat xlink:href="#sSpan4260" value="mark"/>
		<feat xlink:href="#sSpan4262" value="case"/>
		<feat xlink:href="#sSpan4265" value="acl:relcl"/>
		<feat xlink:href="#sSpan4267" value="mark"/>
		<feat xlink:href="#sSpan4271" value="nsubj"/>
		<feat xlink:href="#sSpan4273" value="acl:relcl"/>
		<feat xlink:href="#sSpan4276" value="mark"/>
		<feat xlink:href="#sSpan4280" value="advmod"/>
		<feat xlink:href="#sSpan4282" value="nsubj"/>
		<feat xlink:href="#sSpan4285" value="advcl"/>
		<feat xlink:href="#sSpan4287" value="advmod"/>
		<feat xlink:href="#sSpan4293" value="cc"/>
		<feat xlink:href="#sSpan4298" value="dislocated"/>
		<feat xlink:href="#sSpan4302" value="mark"/>
		<feat xlink:href="#sSpan4306" value="nsubj"/>
		<feat xlink:href="#sSpan4308" value="conj"/>
		<feat xlink:href="#sSpan4311" value="mark"/>
		<feat xlink:href="#sSpan4315" value="nsubj"/>
		<feat xlink:href="#sSpan4318" value="advcl"/>
		<feat xlink:href="#sSpan4321" value="case"/>
		<feat xlink:href="#sSpan4325" value="nmod:poss"/>
		<feat xlink:href="#sSpan4327" value="obj"/>
		<feat xlink:href="#sSpan4331" value="mark"/>
		<feat xlink:href="#sSpan4336" value="nsubj"/>
		<feat xlink:href="#sSpan4338" value="advcl"/>
		<feat xlink:href="#sSpan4340" value="case"/>
		<feat xlink:href="#sSpan4344" value="det"/></featList></paula>