<?xml version='1.0' encoding='UTF-8'?><!DOCTYPE paula SYSTEM "paula_feat.dtd">
<paula version="1.1">
	<header paula_id="scriptorium.shenoute.dirt.XJ95-97_par_GL73-74.mark_orig"/>
	<featList xmlns:xlink="http://www.w3.org/1999/xlink" type="orig" xml:base="scriptorium.shenoute.dirt.XJ95-97_par_GL73-74.mark.xml">
		<feat xlink:href="#sSpan3" value="ϣⲁⲛⲧⲉ"/>
		<feat xlink:href="#sSpan13" value="ⲛ"/>
		<feat xlink:href="#sSpan16" value="ⲉⲧ"/>
		<feat xlink:href="#sSpan18" value="ϣⲓⲛⲉ⳿"/>
		<feat xlink:href="#sSpan21" value="ⲛ̄ⲥⲱ"/>
		<feat xlink:href="#sSpan25" value="ⲕ"/>
		<feat xlink:href="#sSpan27" value="ⲧⲟⲕⲙ"/>
		<feat xlink:href="#sSpan32" value="ⲉⲕ⳿"/>
		<feat xlink:href="#sSpan34" value="ⲉϩⲣⲁⲓ̈"/>
		<feat xlink:href="#sSpan39" value="ϩ︤ⲛ︥"/>
		<feat xlink:href="#sSpan43" value="ⲧ"/>
		<feat xlink:href="#sSpan46" value="ⲗⲟⲓ̈ϩⲉ"/>
		<feat xlink:href="#sSpan49" value="ⲙ̄"/>
		<feat xlink:href="#sSpan53" value="ⲡ"/>
		<feat xlink:href="#sSpan56" value="ⲛⲟⲃⲉ"/>
		<feat xlink:href="#sSpan58" value="·"/>
		<feat xlink:href="#sSpan62" value="ⲛ̄ⲧⲉ"/>
		<feat xlink:href="#sSpan67" value="ⲟⲩ"/>
		<feat xlink:href="#sSpan70" value="ⲣⲁϣⲉ⳿"/>
		<feat xlink:href="#sSpan72" value="ϣⲱⲡⲉ"/>
		<feat xlink:href="#sSpan77" value="ⲙ̄"/>
		<feat xlink:href="#sSpan81" value="ⲡ"/>
		<feat xlink:href="#sSpan84" value="ⲉⲧ"/>
		<feat xlink:href="#sSpan86" value="ϣⲁϫⲉ⳿"/>
		<feat xlink:href="#sSpan89" value="ϩ︤ⲙ︥"/>
		<feat xlink:href="#sSpan93" value="ⲡ"/>
		<feat xlink:href="#sSpan96" value="ⲙⲁ"/>
		<feat xlink:href="#sSpan98" value="ⲛ̄"/>
		<feat xlink:href="#sSpan104" value="ϯⲥⲃⲱ̂"/>
		<feat xlink:href="#sSpan108" value="·"/>
		<feat xlink:href="#sSpan112" value="ⲛ̄ⲧⲉ"/>
		<feat xlink:href="#sSpan117" value="ⲡ"/>
		<feat xlink:href="#sSpan120" value="ⲉⲧ"/>
		<feat xlink:href="#sSpan122" value="ⲥⲱⲧ︤ⲙ︥"/>
		<feat xlink:href="#sSpan126" value="ⲇⲉ"/>
		<feat xlink:href="#sSpan131" value="ⲟⲛ⳿"/>
		<feat xlink:href="#sSpan136" value="ϯϩⲏⲩ⳿"/>
		<feat xlink:href="#sSpan142" value="ⲛ̄"/>
		<feat xlink:href="#sSpan146" value="ⲧⲉϥ"/>
		<feat xlink:href="#sSpan151" value="ⲯⲩϭⲏ"/>
		<feat xlink:href="#sSpan154" value="·"/>
		<feat xlink:href="#sSpan158" value="ⲁⲩⲱ"/>
		<feat xlink:href="#sSpan162" value="ⲛ︤"/>
		<feat xlink:href="#sSpan166" value="ϥ︥"/>
		<feat xlink:href="#sSpan168" value="ⲧ︤ⲙ︥"/>
		<feat xlink:href="#sSpan172" value="ϯⲟⲥⲉ"/>
		<feat xlink:href="#sSpan175" value="ⲙ̄ⲙⲟ"/>
		<feat xlink:href="#sSpan179" value="ϥ"/>
		<feat xlink:href="#sSpan181" value="·"/>
		<feat xlink:href="#sSpan186" value="ⲉϣϫⲉ⳿"/>
		<feat xlink:href="#sSpan194" value="ⲉⲧⲃⲉ"/>
		<feat xlink:href="#sSpan197" value="ⲟⲩ"/>
		<feat xlink:href="#sSpan200" value="ⲕⲧⲟ̂"/>
		<feat xlink:href="#sSpan202" value=","/>
		<feat xlink:href="#sSpan206" value="ⲉ"/>
		<feat xlink:href="#sSpan210" value="ⲡⲁϩⲟⲩ"/>
		<feat xlink:href="#sSpan213" value="ⲙ̄ⲙⲁⲧⲉ"/>
		<feat xlink:href="#sSpan217" value="ⲁ"/>
		<feat xlink:href="#sSpan222" value="ⲧ"/>
		<feat xlink:href="#sSpan225" value="ϩⲓⲙⲉ"/>
		<feat xlink:href="#sSpan227" value="ⲛ̄"/>
		<feat xlink:href="#sSpan231" value="ⲗⲱⲧ"/>
		<feat xlink:href="#sSpan234" value="ⲡⲱⲱⲛⲉ"/>
		<feat xlink:href="#sSpan239" value="·"/>
		<feat xlink:href="#sSpan244" value="ⲁⲛⲧⲓ"/>
		<feat xlink:href="#sSpan249" value="ⲟⲩ"/>
		<feat xlink:href="#sSpan252" value="ⲥϩⲓⲙⲉ"/>
		<feat xlink:href="#sSpan254" value="ⲁ"/>
		<feat xlink:href="#sSpan259" value="ⲥ"/>
		<feat xlink:href="#sSpan261" value="ⲣ̂"/>
		<feat xlink:href="#sSpan263" value="ⲟⲩ"/>
		<feat xlink:href="#sSpan266" value="ⲟⲩⲟⲉⲓⲧ"/>
		<feat xlink:href="#sSpan268" value="ⲛ̄"/>
		<feat xlink:href="#sSpan273" value="ϩⲙⲟⲩ"/>
		<feat xlink:href="#sSpan276" value="·"/>
		<feat xlink:href="#sSpan280" value="ⲉⲧⲃⲉ"/>
		<feat xlink:href="#sSpan288" value="ⲟⲩ̂"/>
		<feat xlink:href="#sSpan292" value="ϩⲩⲡⲟⲕⲣⲓⲥⲓⲥ⳿"/>
		<feat xlink:href="#sSpan295" value="ϩⲱⲱ"/>
		<feat xlink:href="#sSpan300" value="ⲕ"/>
		<feat xlink:href="#sSpan302" value="ⲛ̄"/>
		<feat xlink:href="#sSpan306" value="ⲣⲱⲙⲉ"/>
		<feat xlink:href="#sSpan309" value="ⲙ̄ⲡ︤ⲣ︥ⲧⲣⲉ"/>
		<feat xlink:href="#sSpan314" value="ⲧⲉⲕ"/>
		<feat xlink:href="#sSpan318" value="ⲯⲩⲭⲏ⳿"/>
		<feat xlink:href="#sSpan321" value="ⲡⲱⲱⲛⲉ"/>
		<feat xlink:href="#sSpan326" value="·"/>
		<feat xlink:href="#sSpan330" value="ⲉ"/>
		<feat xlink:href="#sSpan334" value="ⲡ"/>
		<feat xlink:href="#sSpan337" value="ⲙⲁ"/>
		<feat xlink:href="#sSpan339" value="ⲛ̄"/>
		<feat xlink:href="#sSpan343" value="{ⲛ}"/>
		<feat xlink:href="#sSpan349" value="ⲣ[ϣⲁ]ⲩ"/>
		<feat xlink:href="#sSpan352" value=","/>
		<feat xlink:href="#sSpan356" value="ⲛ︤"/>
		<feat xlink:href="#sSpan360" value="ⲥ︥"/>
		<feat xlink:href="#sSpan363" value="ⲣ̂ⲁⲧϣⲁⲩ"/>
		<feat xlink:href="#sSpan368" value="·"/>
		<feat xlink:href="#sSpan373" value="ⲡ"/>
		<feat xlink:href="#sSpan380" value="ϣⲱϥ"/>
		<feat xlink:href="#sSpan382" value="ⲛ̄"/>
		<feat xlink:href="#sSpan386" value="ⲧⲉ"/>
		<feat xlink:href="#sSpan390" value="ⲯⲩⲭⲏ"/>
		<feat xlink:href="#sSpan393" value="ⲛ̄"/>
		<feat xlink:href="#sSpan397" value="ϩⲉⲛ"/>
		<feat xlink:href="#sSpan400" value="ⲣⲱⲙⲉ"/>
		<feat xlink:href="#sSpan403" value="·"/>
		<feat xlink:href="#sSpan407" value="ⲉ"/>
		<feat xlink:href="#sSpan411" value="ⲩ"/>
		<feat xlink:href="#sSpan414" value="ⲁⲣⲭⲉⲓ⳿"/>
		<feat xlink:href="#sSpan416" value="ⲙ︤ⲛ︥"/>
		<feat xlink:href="#sSpan421" value="ⲛ"/>
		<feat xlink:href="#sSpan424" value="ⲉⲧ"/>
		<feat xlink:href="#sSpan426" value="ⲟⲩ"/>
		<feat xlink:href="#sSpan429" value="ⲁⲣⲭⲉⲓ⳿"/>
		<feat xlink:href="#sSpan432" value="ⲉϫⲱ"/>
		<feat xlink:href="#sSpan436" value="ⲟⲩ"/>
		<feat xlink:href="#sSpan438" value="·"/>
		<feat xlink:href="#sSpan442" value="ⲡⲉ"/>
		<feat xlink:href="#sSpan447" value="ϫⲟⲟ"/>
		<feat xlink:href="#sSpan451" value="ⲥ"/>
		<feat xlink:href="#sSpan453" value="·"/>
		<feat xlink:href="#sSpan457" value="ϫⲉ"/>
		<feat xlink:href="#sSpan461" value="ⲡ"/>
		<feat xlink:href="#sSpan465" value="ϩⲏⲧ"/>
		<feat xlink:href="#sSpan467" value="ⲙ̄"/>
		<feat xlink:href="#sSpan471" value="ⲡ"/>
		<feat xlink:href="#sSpan474" value="ⲉⲧ"/>
		<feat xlink:href="#sSpan476" value="ϣⲟϥ︤ⲧ︥"/>
		<feat xlink:href="#sSpan479" value="ϩ︤ⲛ︥"/>
		<feat xlink:href="#sSpan483" value="ⲟⲩ"/>
		<feat xlink:href="#sSpan486" value="ϩⲱⲃ"/>
		<feat xlink:href="#sSpan489" value="ⲛⲁ"/>
		<feat xlink:href="#sSpan493" value="ⲙ̄ⲕⲁϩ⳿"/>
		<feat xlink:href="#sSpan495" value="ⲉⲣⲟ"/>
		<feat xlink:href="#sSpan500" value="ⲓ̈"/>
		<feat xlink:href="#sSpan502" value="ⲉⲓ̈ϣⲁⲛ"/>
		<feat xlink:href="#sSpan506" value="ϫⲡⲓⲟ"/>
		<feat xlink:href="#sSpan509" value="ϥ"/>
		<feat xlink:href="#sSpan511" value="·"/>
		<feat xlink:href="#sSpan515" value="ⲡ"/>
		<feat xlink:href="#sSpan521" value="ⲁⲑⲏⲧ⳿"/>
		<feat xlink:href="#sSpan525" value="ⲛ︤"/>
		<feat xlink:href="#sSpan529" value="ⲥ︥"/>
		<feat xlink:href="#sSpan531" value="ⲥⲟⲧ︤ⲡ︥"/>
		<feat xlink:href="#sSpan533" value="ⲁⲛ⳿"/>
		<feat xlink:href="#sSpan538" value="ⲉ"/>
		<feat xlink:href="#sSpan542" value="ⲧⲣⲉ"/>
		<feat xlink:href="#sSpan544" value="ϩⲉⲛ"/>
		<feat xlink:href="#sSpan547" value="ⲣⲱⲙⲉ"/>
		<feat xlink:href="#sSpan550" value="ⲙ̄ⲕⲁϩ⳿"/>
		<feat xlink:href="#sSpan554" value="ⲛ̄"/>
		<feat xlink:href="#sSpan559" value="ϩⲏⲧ⳿"/>
		<feat xlink:href="#sSpan562" value="ⲉⲣⲟ"/>
		<feat xlink:href="#sSpan566" value="ⲕ"/>
		<feat xlink:href="#sSpan568" value="·"/>
		<feat xlink:href="#sSpan572" value="ⲛ̄"/>
		<feat xlink:href="#sSpan577" value="ϩⲟⲩⲟ̂"/>
		<feat xlink:href="#sSpan579" value="ⲉ"/>
		<feat xlink:href="#sSpan583" value="ⲧⲣⲉ"/>
		<feat xlink:href="#sSpan585" value="ⲡ"/>
		<feat xlink:href="#sSpan589" value="ⲛⲟⲩⲧⲉ̂"/>
		<feat xlink:href="#sSpan591" value="ϭⲱⲛ︤ⲧ︥"/>
		<feat xlink:href="#sSpan596" value="ⲉⲣⲟ"/>
		<feat xlink:href="#sSpan600" value="ⲕ⳿"/>
		<feat xlink:href="#sSpan602" value="ⲛ̄ⲙ̄ⲙⲁ"/>
		<feat xlink:href="#sSpan607" value="ⲩ"/>
		<feat xlink:href="#sSpan609" value="·"/>
		<feat xlink:href="#sSpan615" value="ⲛ̄"/>
		<feat xlink:href="#sSpan623" value="ⲁϣ"/>
		<feat xlink:href="#sSpan625" value="ⲛ̄"/>
		<feat xlink:href="#sSpan629" value="ϩⲉ"/>
		<feat xlink:href="#sSpan631" value="ⲛ︤"/>
		<feat xlink:href="#sSpan635" value="ϥ︥"/>
		<feat xlink:href="#sSpan637" value="ⲛⲁ"/>
		<feat xlink:href="#sSpan639" value="ϭⲱⲛ︤ⲧ︥"/>
		<feat xlink:href="#sSpan642" value="ⲁⲛ⳿"/>
		<feat xlink:href="#sSpan646" value="ⲉⲕϣⲁⲛ"/>
		<feat xlink:href="#sSpan652" value="ⲁⲛⲉⲭⲉ"/>
		<feat xlink:href="#sSpan654" value="ⲛ̄"/>
		<feat xlink:href="#sSpan659" value="ⲛ"/>
		<feat xlink:href="#sSpan662" value="ⲉⲧ"/>
		<feat xlink:href="#sSpan664" value="ⲉⲓⲣⲉ"/>
		<feat xlink:href="#sSpan667" value="ⲛ̄"/>
		<feat xlink:href="#sSpan672" value="ⲛ"/>
		<feat xlink:href="#sSpan675" value="ⲉⲧⲉ"/>
		<feat xlink:href="#sSpan678" value="ⲙⲉϣϣⲉ"/>
		<feat xlink:href="#sSpan682" value="ϩ︤ⲛ︥"/>
		<feat xlink:href="#sSpan686" value="ⲛⲉϥ"/>
		<feat xlink:href="#sSpan689" value="ⲙⲁ"/>
		<feat xlink:href="#sSpan692" value="ⲉⲧ"/>
		<feat xlink:href="#sSpan696" value="ⲟⲩⲁⲁⲃ"/>
		<feat xlink:href="#sSpan699" value="ⲛⲁⲓ̈"/>
		<feat xlink:href="#sSpan706" value="ⲛ̄ⲧ"/>
		<feat xlink:href="#sSpan710" value="ⲁ"/>
		<feat xlink:href="#sSpan712" value="ϥ"/>
		<feat xlink:href="#sSpan714" value="[ϩⲱⲛ]"/>
		<feat xlink:href="#sSpan716" value="ⲟ̣ⲛ"/>
		<feat xlink:href="#sSpan720" value="ⲉⲧⲃⲏⲏⲧ"/>
		<feat xlink:href="#sSpan725" value="ⲟⲩ"/>
		<feat xlink:href="#sSpan727" value="ϩⲓⲧ︤ⲛ︥"/>
		<feat xlink:href="#sSpan733" value="ⲙⲱⲩ̈ⲥⲏⲥ"/>
		<feat xlink:href="#sSpan736" value="ϫⲉ"/>
		<feat xlink:href="#sSpan741" value="ⲉ"/>
		<feat xlink:href="#sSpan743" value="ⲧⲉⲧ"/>
		<feat xlink:href="#sSpan745" value="ⲛⲁ"/>
		<feat xlink:href="#sSpan748" value="ⲣ̂ϩⲟⲧⲉ"/>
		<feat xlink:href="#sSpan752" value="ϩⲏⲧ"/>
		<feat xlink:href="#sSpan756" value="ⲟⲩ"/>
		<feat xlink:href="#sSpan758" value="ⲛ̄"/>
		<feat xlink:href="#sSpan763" value="ⲛⲁ"/>
		<feat xlink:href="#sSpan766" value="ⲙⲁ̂"/>
		<feat xlink:href="#sSpan768" value="ⲉⲧ"/>
		<feat xlink:href="#sSpan772" value="ⲟⲩⲁⲁⲃ"/>
		<feat xlink:href="#sSpan775" value="·"/>
		<feat xlink:href="#sSpan780" value="ϣϣⲉ⳿"/>
		<feat xlink:href="#sSpan788" value="ⲅⲁⲣ⳿"/>
		<feat xlink:href="#sSpan793" value="ⲁⲗⲏⲑⲱⲥ"/>
		<feat xlink:href="#sSpan798" value="ⲉ"/>
		<feat xlink:href="#sSpan802" value="ⲥⲧⲱⲧ⳿"/>
		<feat xlink:href="#sSpan804" value="ⲁⲩⲱ"/>
		<feat xlink:href="#sSpan809" value="ⲉ"/>
		<feat xlink:href="#sSpan813" value="ⲛⲉϩ⳿ϣ︤ⲗ︥︤̄︥ϩ"/>
		<feat xlink:href="#sSpan816" value="ϩⲏⲧ"/>
		<feat xlink:href="#sSpan820" value="ⲟⲩ̂"/>
		<feat xlink:href="#sSpan822" value="ⲛ̄"/>
		<feat xlink:href="#sSpan827" value="ⲙ̄"/>
		<feat xlink:href="#sSpan830" value="ⲙⲁ̂"/>
		<feat xlink:href="#sSpan832" value="ⲉⲧ"/>
		<feat xlink:href="#sSpan836" value="ⲟⲩⲁⲁⲃ"/>
		<feat xlink:href="#sSpan839" value="·"/>
		<feat xlink:href="#sSpan843" value="ⲉⲧⲉ"/>
		<feat xlink:href="#sSpan847" value="ⲧⲁⲓ̈"/>
		<feat xlink:href="#sSpan850" value="ⲧⲉ"/>
		<feat xlink:href="#sSpan855" value="ⲧ"/>
		<feat xlink:href="#sSpan861" value="ⲉⲕⲕⲗⲏⲥⲓⲁ"/>
		<feat xlink:href="#sSpan864" value="ⲙ̄"/>
		<feat xlink:href="#sSpan868" value="ⲡ"/>
		<feat xlink:href="#sSpan871" value="ⲛⲟⲩⲧⲉ"/>
		<feat xlink:href="#sSpan874" value="."/>
		<feat xlink:href="#sSpan878" value="ⲧⲁⲓ̈"/>
		<feat xlink:href="#sSpan883" value="ⲛ̄ⲧ"/>
		<feat xlink:href="#sSpan887" value="ⲁ"/>
		<feat xlink:href="#sSpan889" value="ⲡ"/>
		<feat xlink:href="#sSpan894" value="ⲙⲁⲕⲁⲣⲓⲟⲥ"/>
		<feat xlink:href="#sSpan897" value="ⲓ̈ⲁⲕⲱⲃ"/>
		<feat xlink:href="#sSpan903" value="ⲣ̂ϣ︤ⲣ︦ⲡ︥ⲛⲁⲩ⳿"/>
		<feat xlink:href="#sSpan910" value="ⲉⲣⲟ"/>
		<feat xlink:href="#sSpan914" value="ⲥ⳿"/>
		<feat xlink:href="#sSpan916" value="ⲁ"/>
		<feat xlink:href="#sSpan920" value="ϥ"/>
		<feat xlink:href="#sSpan923" value="ⲣ̂ϩⲟⲧⲉ"/>
		<feat xlink:href="#sSpan927" value="·"/>
		<feat xlink:href="#sSpan931" value="ⲛ̄"/>
		<feat xlink:href="#sSpan937" value="ⲑ"/>
		<feat xlink:href="#sSpan940" value="ⲉ"/>
		<feat xlink:href="#sSpan942" value="ⲉⲧ"/>
		<feat xlink:href="#sSpan946" value="ⲥⲏϩ⳿"/>
		<feat xlink:href="#sSpan948" value="ϫⲉ"/>
		<feat xlink:href="#sSpan953" value="ⲁ"/>
		<feat xlink:href="#sSpan955" value="ϥ"/>
		<feat xlink:href="#sSpan957" value="ⲧⲱⲙ︤ⲧ︥"/>
		<feat xlink:href="#sSpan959" value="ⲉ"/>
		<feat xlink:href="#sSpan964" value="ⲟⲩ"/>
		<feat xlink:href="#sSpan967" value="ⲙⲁ̂"/>
		<feat xlink:href="#sSpan969" value="ⲁ"/>
		<feat xlink:href="#sSpan973" value="ϥ"/>
		<feat xlink:href="#sSpan975" value="ⲉⲛⲕⲟⲧ︤ⲕ︥"/>
		<feat xlink:href="#sSpan978" value="ⲙ̄"/>
		<feat xlink:href="#sSpan982" value="ⲡ"/>
		<feat xlink:href="#sSpan985" value="ⲙⲁ"/>
		<feat xlink:href="#sSpan987" value="ⲉⲧ︤"/>
		<feat xlink:href="#sSpan992" value="ⲙ︥ⲙⲁⲩ⳿"/>
		<feat xlink:href="#sSpan994" value="ⲁ"/>
		<feat xlink:href="#sSpan998" value="ϥ"/>
		<feat xlink:href="#sSpan1000" value="ⲡⲱⲱⲣⲉ"/>
		<feat xlink:href="#sSpan1003" value="ⲛ̄"/>
		<feat xlink:href="#sSpan1007" value="ⲟⲩ"/>
		<feat xlink:href="#sSpan1010" value="ⲣⲁⲥⲟⲩ"/>
		<feat xlink:href="#sSpan1013" value="·"/>
		<feat xlink:href="#sSpan1017" value="ⲁⲩⲱ"/>
		<feat xlink:href="#sSpan1021" value="ⲉⲓⲥ⳿"/>
		<feat xlink:href="#sSpan1026" value="ⲟⲩ"/>
		<feat xlink:href="#sSpan1029" value="ϭⲗⲟⲟϭⲉ"/>
		<feat xlink:href="#sSpan1031" value="ⲉⲣⲉ"/>
		<feat xlink:href="#sSpan1037" value="ⲧⲉⲥ"/>
		<feat xlink:href="#sSpan1040" value="ⲁⲡⲉ"/>
		<feat xlink:href="#sSpan1042" value="·"/>
		<feat xlink:href="#sSpan1046" value="ⲡⲏϩ⳿"/>
		<feat xlink:href="#sSpan1051" value="ϣⲁϩⲣⲁⲓ̈"/>
		<feat xlink:href="#sSpan1055" value="ⲉ"/>
		<feat xlink:href="#sSpan1060" value="ⲧ"/>
		<feat xlink:href="#sSpan1063" value="ⲡⲉ"/>
		<feat xlink:href="#sSpan1065" value="."/>
		<feat xlink:href="#sSpan1069" value="ⲉⲣⲉ"/>
		<feat xlink:href="#sSpan1073" value="ⲛ̄"/>
		<feat xlink:href="#sSpan1077" value="ⲁⲅⲅⲉⲗⲟⲥ⳿"/>
		<feat xlink:href="#sSpan1080" value="ⲛⲁ⳿"/>
		<feat xlink:href="#sSpan1085" value="ⲉϩⲣⲁⲓ̈"/>
		<feat xlink:href="#sSpan1090" value=","/>
		<feat xlink:href="#sSpan1094" value="ⲉ"/>
		<feat xlink:href="#sSpan1098" value="ⲩ"/>
		<feat xlink:href="#sSpan1100" value="ⲛⲏⲩ⳿"/>
		<feat xlink:href="#sSpan1103" value="ⲉ"/>
		<feat xlink:href="#sSpan1108" value="ⲡ"/>
		<feat xlink:href="#sSpan1110" value="ⲉⲥⲏⲧ"/>
		<feat xlink:href="#sSpan1112" value="·"/>
		<feat xlink:href="#sSpan1116" value="ϩⲓϫⲱ"/>
		<feat xlink:href="#sSpan1121" value="ⲥ"/>
		<feat xlink:href="#sSpan1123" value="."/>
		<feat xlink:href="#sSpan1127" value="ⲡ"/>
		<feat xlink:href="#sSpan1132" value="ϫⲟⲉⲓⲥ"/>
		<feat xlink:href="#sSpan1135" value="ⲇⲉ⳿"/>
		<feat xlink:href="#sSpan1140" value="ⲛⲉ"/>
		<feat xlink:href="#sSpan1144" value="ϥ"/>
		<feat xlink:href="#sSpan1146" value="ⲧ᷍ⲁϫⲣⲏⲩ⳿"/>
		<feat xlink:href="#sSpan1148" value="ⲉϩⲣⲁⲓ̈"/>
		<feat xlink:href="#sSpan1153" value="ⲉϫⲱ"/>
		<feat xlink:href="#sSpan1157" value="ⲥ"/>
		<feat xlink:href="#sSpan1159" value="·"/>
		<feat xlink:href="#sSpan1164" value="ⲁⲩⲱ"/>
		<feat xlink:href="#sSpan1171" value="ⲙ︤ⲛ︥ⲛ̄ⲥⲱ"/>
		<feat xlink:href="#sSpan1175" value="ⲥ⳿"/>
		<feat xlink:href="#sSpan1177" value="ⲡⲉϫⲁ"/>
		<feat xlink:href="#sSpan1182" value="ϥ⳿"/>
		<feat xlink:href="#sSpan1184" value="ϫⲉ"/>
		<feat xlink:href="#sSpan1188" value="ⲁ"/>
		<feat xlink:href="#sSpan1190" value="ϥ"/>
		<feat xlink:href="#sSpan1193" value="ⲣ̂ϩⲟⲧⲉ⳿"/>
		<feat xlink:href="#sSpan1198" value="ⲇⲉ⳿"/>
		<feat xlink:href="#sSpan1202" value="ⲛ̄ϭⲓ"/>
		<feat xlink:href="#sSpan1208" value="ⲓ̈ⲁⲕⲱⲃ⳿"/>
		<feat xlink:href="#sSpan1211" value="ⲁⲩⲱ"/>
		<feat xlink:href="#sSpan1215" value="ⲁ"/>
		<feat xlink:href="#sSpan1220" value="ϥ"/>
		<feat xlink:href="#sSpan1223" value="ϩⲟⲙⲟⲗⲟⲅⲉⲓ⳿"/>
		<feat xlink:href="#sSpan1225" value="ϫⲉ"/>
		<feat xlink:href="#sSpan1230" value="ⲡ"/>
		<feat xlink:href="#sSpan1233" value="ⲏⲓ̈"/>
		<feat xlink:href="#sSpan1235" value="ⲙ̄"/>
		<feat xlink:href="#sSpan1239" value="ⲡ"/>
		<feat xlink:href="#sSpan1242" value="ⲛⲟⲩⲧⲉ"/>
		<feat xlink:href="#sSpan1245" value="ⲡⲉ"/>
		<feat xlink:href="#sSpan1249" value="ⲡⲁⲓ̈"/>
		<feat xlink:href="#sSpan1254" value="·"/>
		<feat xlink:href="#sSpan1258" value="ⲁⲩⲱ"/>
		<feat xlink:href="#sSpan1263" value="ⲧⲁⲓ̈"/>
		<feat xlink:href="#sSpan1268" value="ⲧⲉ"/>
		<feat xlink:href="#sSpan1272" value="ⲧ"/>
		<feat xlink:href="#sSpan1279" value="ⲡⲩⲗⲏ"/>
		<feat xlink:href="#sSpan1281" value="ⲛ̄"/>
		<feat xlink:href="#sSpan1285" value="ⲧ"/>
		<feat xlink:href="#sSpan1288" value="ⲡⲉ"/>
		<feat xlink:href="#sSpan1290" value="·"/>
		<feat xlink:href="#sSpan1294" value="ⲁϣ"/>
		<feat xlink:href="#sSpan1301" value="ϭⲉ⳿"/>
		<feat xlink:href="#sSpan1305" value="ⲡⲉ"/>
		<feat xlink:href="#sSpan1309" value="ⲡ"/>
		<feat xlink:href="#sSpan1314" value="ⲙⲁ"/>
		<feat xlink:href="#sSpan1316" value="ⲉⲧⲉⲣⲉ⳿"/>
		<feat xlink:href="#sSpan1321" value="ⲧⲉ"/>
		<feat xlink:href="#sSpan1324" value="ϭⲗⲟⲟϭⲉ"/>
		<feat xlink:href="#sSpan1327" value="ⲛ̄ϩⲏⲧ︤"/>
		<feat xlink:href="#sSpan1331" value="ϥ︥"/>
		<feat xlink:href="#sSpan1333" value="ⲧⲁⲓ̈"/>
		<feat xlink:href="#sSpan1338" value="ⲉⲧⲉⲣⲉ"/>
		<feat xlink:href="#sSpan1342" value="ⲧⲉⲥ"/>
		<feat xlink:href="#sSpan1345" value="ⲁⲡⲉ⳿"/>
		<feat xlink:href="#sSpan1348" value="ⲡⲏϩ⳿"/>
		<feat xlink:href="#sSpan1352" value="ϣⲁϩⲣⲁⲓ̈"/>
		<feat xlink:href="#sSpan1357" value="ⲉ"/>
		<feat xlink:href="#sSpan1361" value="ⲧ"/>
		<feat xlink:href="#sSpan1364" value="ⲡⲉ"/>
		<feat xlink:href="#sSpan1366" value="·"/>
		<feat xlink:href="#sSpan1371" value="ⲉⲓⲙⲏⲧⲓ⳿"/>
		<feat xlink:href="#sSpan1376" value="ⲧ"/>
		<feat xlink:href="#sSpan1382" value="ⲉⲕⲕⲗⲏⲥⲓⲁ"/>
		<feat xlink:href="#sSpan1385" value="ⲙ̄"/>
		<feat xlink:href="#sSpan1389" value="ⲡ"/>
		<feat xlink:href="#sSpan1392" value="ⲛⲟⲩⲧⲉ"/>
		<feat xlink:href="#sSpan1395" value="·"/>
		<feat xlink:href="#sSpan1399" value="ⲧⲁⲓ̈"/>
		<feat xlink:href="#sSpan1403" value="ⲉⲧⲉⲣⲉ"/>
		<feat xlink:href="#sSpan1408" value="ⲧⲉ"/>
		<feat xlink:href="#sSpan1411" value="ϩⲓⲏ"/>
		<feat xlink:href="#sSpan1413" value="·"/>
		<feat xlink:href="#sSpan1417" value="ⲛ̄"/>
		<feat xlink:href="#sSpan1421" value="ⲃⲱⲕ"/>
		<feat xlink:href="#sSpan1427" value="ⲉϩⲣⲁⲓ̈"/>
		<feat xlink:href="#sSpan1431" value="ⲉ"/>
		<feat xlink:href="#sSpan1435" value="ⲧ"/>
		<feat xlink:href="#sSpan1439" value="ⲡⲉ"/>
		<feat xlink:href="#sSpan1441" value="ⲛ̄ϩⲏⲧ︤"/>
		<feat xlink:href="#sSpan1445" value="ⲥ︥"/>
		<feat xlink:href="#sSpan1447" value="ⲙⲁⲩⲁⲁ"/>
		<feat xlink:href="#sSpan1452" value="ⲥ"/>
		<feat xlink:href="#sSpan1454" value="."/>
		<feat xlink:href="#sSpan1458" value="ⲧⲁⲓ̈"/>
		<feat xlink:href="#sSpan1462" value="ⲉⲧⲉⲣⲉ⳿"/>
		<feat xlink:href="#sSpan1467" value="ⲡ"/>
		<feat xlink:href="#sSpan1470" value="ⲛⲟⲩⲧⲉ"/>
		<feat xlink:href="#sSpan1473" value="·"/>
		<feat xlink:href="#sSpan1477" value="ⲧⲁϫⲣⲏⲩ̂"/>
		<feat xlink:href="#sSpan1481" value="ⲉϩⲣⲁⲓ̈"/>
		<feat xlink:href="#sSpan1486" value="ⲉϫⲱ"/>
		<feat xlink:href="#sSpan1490" value="ⲥ"/>
		<feat xlink:href="#sSpan1492" value="·"/>
		<feat xlink:href="#sSpan1496" value="ⲧⲁⲓ̈"/>
		<feat xlink:href="#sSpan1504" value="ⲟⲛ⳿"/>
		<feat xlink:href="#sSpan1508" value="ⲛ̄ⲧ"/>
		<feat xlink:href="#sSpan1512" value="ⲁ"/>
		<feat xlink:href="#sSpan1514" value="ⲡ"/>
		<feat xlink:href="#sSpan1518" value="ⲡⲁⲧⲣⲓⲁⲣⲭⲏⲥ"/>
		<feat xlink:href="#sSpan1521" value="·"/>
		<feat xlink:href="#sSpan1525" value="ⲛⲁⲩ"/>
		<feat xlink:href="#sSpan1529" value="ⲉⲣⲟ"/>
		<feat xlink:href="#sSpan1534" value="ⲥ"/>
		<feat xlink:href="#sSpan1536" value="·"/>
		<feat xlink:href="#sSpan1540" value="ⲁ"/>
		<feat xlink:href="#sSpan1544" value="ϥ"/>
		<feat xlink:href="#sSpan1546" value="ϫⲟⲟ"/>
		<feat xlink:href="#sSpan1548" value="ⲥ⳿"/>
		<feat xlink:href="#sSpan1550" value="ϩ︤ⲛ︥"/>
		<feat xlink:href="#sSpan1555" value="ⲟⲩ"/>
		<feat xlink:href="#sSpan1558" value="ϩⲟⲧⲉ⳿"/>
		<feat xlink:href="#sSpan1560" value="ϫⲉ"/>
		<feat xlink:href="#sSpan1565" value="ⲡ"/>
		<feat xlink:href="#sSpan1568" value="ⲏⲓ̈"/>
		<feat xlink:href="#sSpan1570" value="ⲙ̄"/>
		<feat xlink:href="#sSpan1574" value="ⲡ"/>
		<feat xlink:href="#sSpan1577" value="ⲛⲟⲩⲧⲉ"/>
		<feat xlink:href="#sSpan1580" value="·"/>
		<feat xlink:href="#sSpan1584" value="ⲡⲉ"/>
		<feat xlink:href="#sSpan1588" value="ⲡⲁⲓ̈"/>
		<feat xlink:href="#sSpan1593" value="·"/>
		<feat xlink:href="#sSpan1599" value="ⲁⲩⲱ"/></featList></paula>