<?xml version='1.0' encoding='UTF-8'?><!DOCTYPE paula SYSTEM "paula_feat.dtd">
<paula version="1.1">
	<header paula_id="scriptorium.shenoute.dirt.XJ95-97_par_GL73-74.mark_new_sent"/>
	<featList xmlns:xlink="http://www.w3.org/1999/xlink" type="new_sent" xml:base="scriptorium.shenoute.dirt.XJ95-97_par_GL73-74.mark.xml">
		<feat xlink:href="#sSpan2" value="true"/>
		<feat xlink:href="#sSpan185" value="true"/>
		<feat xlink:href="#sSpan279" value="true"/>
		<feat xlink:href="#sSpan372" value="true"/>
		<feat xlink:href="#sSpan614" value="true"/>
		<feat xlink:href="#sSpan779" value="true"/>
		<feat xlink:href="#sSpan930" value="true"/>
		<feat xlink:href="#sSpan1163" value="true"/>
		<feat xlink:href="#sSpan1293" value="true"/>
		<feat xlink:href="#sSpan1495" value="true"/>
		<feat xlink:href="#sSpan1598" value="true"/></featList></paula>