<?xml version='1.0' encoding='UTF-8'?><!DOCTYPE paula SYSTEM "paula_feat.dtd">
<paula version="1.1">
	<header paula_id="scriptorium.proclus.13.easter.mark_cb_n"/>
	<featList xmlns:xlink="http://www.w3.org/1999/xlink" type="cb_n" xml:base="scriptorium.proclus.13.easter.mark.xml">
		<feat xlink:href="#sSpan11" value="1"/>
		<feat xlink:href="#sSpan214" value="2"/>
		<feat xlink:href="#sSpan495" value="1"/>
		<feat xlink:href="#sSpan879" value="2"/>
		<feat xlink:href="#sSpan1158" value="1"/>
		<feat xlink:href="#sSpan1719" value="1"/>
		<feat xlink:href="#sSpan2025" value="2"/>
		<feat xlink:href="#sSpan2289" value="1"/>
		<feat xlink:href="#sSpan2598" value="2"/>
		<feat xlink:href="#sSpan2886" value="1"/>
		<feat xlink:href="#sSpan3197" value="2"/>
		<feat xlink:href="#sSpan3457" value="1"/>
		<feat xlink:href="#sSpan3724" value="2"/>
		<feat xlink:href="#sSpan4000" value="1"/>
		<feat xlink:href="#sSpan4305" value="2"/>
		<feat xlink:href="#sSpan4608" value="1"/>
		<feat xlink:href="#sSpan4889" value="2"/>
		<feat xlink:href="#sSpan5177" value="1"/>
		<feat xlink:href="#sSpan5502" value="2"/>
		<feat xlink:href="#sSpan5794" value="1"/>
		<feat xlink:href="#sSpan6113" value="2"/>
		<feat xlink:href="#sSpan6409" value="1"/>
		<feat xlink:href="#sSpan6730" value="2"/>
		<feat xlink:href="#sSpan7036" value="1"/>
		<feat xlink:href="#sSpan7324" value="2"/>
		<feat xlink:href="#sSpan7637" value="1"/>
		<feat xlink:href="#sSpan7971" value="2"/></featList></paula>