<?xml version='1.0' encoding='UTF-8'?><!DOCTYPE paula SYSTEM "paula_feat.dtd">
<paula version="1.1">
	<header paula_id="scriptorium.to_aphthonia.mark_multiword"/>
	<featList xmlns:xlink="http://www.w3.org/1999/xlink" type="multiword" xml:base="scriptorium.to_aphthonia.mark.xml">
		<feat xlink:href="#sSpan480" value="ⲉⲃⲟⲗ ϫⲉ"/>
		<feat xlink:href="#sSpan493" value="ⲕⲁ ⲡ ⲙⲁ"/>
		<feat xlink:href="#sSpan1017" value="ϣⲓⲛⲉ ⲛⲥⲁ"/>
		<feat xlink:href="#sSpan1054" value="ⲧⲥⲧⲟ ⲉⲃⲟⲗ"/>
		<feat xlink:href="#sSpan1168" value="ⲟⲩⲕ ⲟⲩⲛ"/>
		<feat xlink:href="#sSpan1372" value="ⲉⲃⲟⲗ ⲧⲱⲛ"/>
		<feat xlink:href="#sSpan1601" value="ϫⲛ ⲙⲙⲟⲛ"/>
		<feat xlink:href="#sSpan2191" value="ⲃⲱⲕ ⲉ"/>
		<feat xlink:href="#sSpan2293" value="ⲛⲥⲁⲃⲏⲗ ϫⲉ"/>
		<feat xlink:href="#sSpan2354" value="ⲉⲃⲟⲗ ϫⲉ"/>
		<feat xlink:href="#sSpan2463" value="ⲉⲧⲃⲉ ⲡⲁⲓ"/>
		<feat xlink:href="#sSpan2613" value="ⲉⲓⲣⲉ ⲛ"/>
		<feat xlink:href="#sSpan2637" value="ⲉⲓ ⲉⲃⲟⲗ"/>
		<feat xlink:href="#sSpan2805" value="ⲉⲃⲟⲗ ϩⲛ"/>
		<feat xlink:href="#sSpan2838" value="ϫⲓ ⲉϩⲟⲩⲛ ⲉ"/>
		<feat xlink:href="#sSpan3530" value="ϯⲙⲧⲟⲛ ⲛ"/>
		<feat xlink:href="#sSpan3592" value="ϩⲱⲃ ⲛⲓⲙ"/>
		<feat xlink:href="#sSpan3683" value="ⲇⲉ ⲟⲛ"/></featList></paula>