<?xml version='1.0' encoding='UTF-8'?><!DOCTYPE paula SYSTEM "paula_feat.dtd">
<paula version="1.1">
	<header paula_id="scriptorium.to_aphthonia.mark_norm"/>
	<featList xmlns:xlink="http://www.w3.org/1999/xlink" type="norm" xml:base="scriptorium.to_aphthonia.mark.xml">
		<feat xlink:href="#sSpan2" value="ⲁⲣ"/>
		<feat xlink:href="#sSpan15" value="ϯⲉⲟⲟⲩ"/>
		<feat xlink:href="#sSpan18" value="ⲙ"/>
		<feat xlink:href="#sSpan22" value="ⲡ"/>
		<feat xlink:href="#sSpan25" value="ⲛⲟⲩⲧⲉ"/>
		<feat xlink:href="#sSpan27" value="ⲧⲱⲛⲉ"/>
		<feat xlink:href="#sSpan32" value="."/>
		<feat xlink:href="#sSpan36" value="ⲉ"/>
		<feat xlink:href="#sSpan41" value="ⲓ"/>
		<feat xlink:href="#sSpan43" value="ϣⲁϫⲉ"/>
		<feat xlink:href="#sSpan45" value="ⲉⲣⲟ"/>
		<feat xlink:href="#sSpan51" value="ⲛⲧⲟ"/>
		<feat xlink:href="#sSpan56" value="ⲁⲫⲑⲟⲛⲓⲁ"/>
		<feat xlink:href="#sSpan65" value="ⲧ"/>
		<feat xlink:href="#sSpan69" value="ϣⲉⲉⲣⲉ"/>
		<feat xlink:href="#sSpan71" value="ⲙ"/>
		<feat xlink:href="#sSpan76" value="ⲡ"/>
		<feat xlink:href="#sSpan79" value="ⲕⲟⲙⲉⲥ"/>
		<feat xlink:href="#sSpan82" value="ⲁⲗⲉⲝⲁⲛⲇⲣⲟⲥ"/>
		<feat xlink:href="#sSpan87" value="·"/>
		<feat xlink:href="#sSpan92" value="ⲏ"/>
		<feat xlink:href="#sSpan98" value="ⲁⲣ"/>
		<feat xlink:href="#sSpan102" value="ⲧⲁⲓⲉ"/>
		<feat xlink:href="#sSpan104" value="ⲡ"/>
		<feat xlink:href="#sSpan106" value="ⲙⲁ"/>
		<feat xlink:href="#sSpan108" value="ⲉⲛⲧ"/>
		<feat xlink:href="#sSpan113" value="ⲁ"/>
		<feat xlink:href="#sSpan115" value="ⲩ"/>
		<feat xlink:href="#sSpan117" value="ⲥⲁⲛⲟⲩϣ"/>
		<feat xlink:href="#sSpan120" value="ⲉ"/>
		<feat xlink:href="#sSpan122" value="ⲛϩⲏⲧ"/>
		<feat xlink:href="#sSpan126" value="ϥ"/>
		<feat xlink:href="#sSpan129" value="ⲕⲁⲧⲁ"/>
		<feat xlink:href="#sSpan134" value="ⲡ"/>
		<feat xlink:href="#sSpan136" value="ⲛⲟⲩⲧⲉ"/>
		<feat xlink:href="#sSpan138" value="ⲁⲩⲱ"/>
		<feat xlink:href="#sSpan144" value="ⲕⲁⲧⲁ"/>
		<feat xlink:href="#sSpan148" value="ⲡ"/>
		<feat xlink:href="#sSpan151" value="ⲕⲟⲥⲙⲟⲥ"/>
		<feat xlink:href="#sSpan154" value=","/>
		<feat xlink:href="#sSpan158" value="ϩⲛ"/>
		<feat xlink:href="#sSpan162" value="ⲛⲟⲩ"/>
		<feat xlink:href="#sSpan164" value="ϣⲁϫⲉ"/>
		<feat xlink:href="#sSpan167" value="ⲙⲛ"/>
		<feat xlink:href="#sSpan171" value="ⲛⲟⲩ"/>
		<feat xlink:href="#sSpan173" value="ϩⲃⲏⲩⲉ"/>
		<feat xlink:href="#sSpan177" value="·"/>
		<feat xlink:href="#sSpan181" value="ⲉⲛⲉ"/>
		<feat xlink:href="#sSpan189" value="ⲙⲡⲉ"/>
		<feat xlink:href="#sSpan192" value="ⲡⲟⲩ"/>
		<feat xlink:href="#sSpan194" value="ϩⲏⲧ"/>
		<feat xlink:href="#sSpan196" value="ⲧⲁⲕⲟ"/>
		<feat xlink:href="#sSpan201" value="."/>
		<feat xlink:href="#sSpan205" value="ⲛⲉⲣ"/>
		<feat xlink:href="#sSpan209" value="ⲁ"/>
		<feat xlink:href="#sSpan211" value="ⲥⲱϣ"/>
		<feat xlink:href="#sSpan214" value="ⲡ"/>
		<feat xlink:href="#sSpan216" value="ⲙⲁ"/>
		<feat xlink:href="#sSpan218" value="ⲁⲛ"/>
		<feat xlink:href="#sSpan222" value="ⲉⲧ"/>
		<feat xlink:href="#sSpan227" value="ⲉ"/>
		<feat xlink:href="#sSpan229" value="ⲛϩⲏⲧ"/>
		<feat xlink:href="#sSpan231" value="ϥ"/>
		<feat xlink:href="#sSpan233" value="."/>
		<feat xlink:href="#sSpan238" value="ⲏ"/>
		<feat xlink:href="#sSpan243" value="ⲛⲉⲣ"/>
		<feat xlink:href="#sSpan247" value="ⲁ"/>
		<feat xlink:href="#sSpan249" value="ⲧϭⲁⲓⲉ"/>
		<feat xlink:href="#sSpan251" value="ⲛⲉ"/>
		<feat xlink:href="#sSpan254" value="ⲥⲛⲏⲩ"/>
		<feat xlink:href="#sSpan256" value="ⲉⲧ"/>
		<feat xlink:href="#sSpan260" value="ϩⲙ"/>
		<feat xlink:href="#sSpan263" value="ⲡ"/>
		<feat xlink:href="#sSpan265" value="ⲙⲁ"/>
		<feat xlink:href="#sSpan267" value="ⲛⲙⲙ"/>
		<feat xlink:href="#sSpan272" value="ⲉ"/>
		<feat xlink:href="#sSpan274" value="·"/>
		<feat xlink:href="#sSpan279" value="ⲥⲉ"/>
		<feat xlink:href="#sSpan288" value="ⲙⲟⲩⲧⲉ"/>
		<feat xlink:href="#sSpan291" value="ⲙⲉⲛ"/>
		<feat xlink:href="#sSpan296" value="ⲉⲣⲟ"/>
		<feat xlink:href="#sSpan300" value="ϩⲙ"/>
		<feat xlink:href="#sSpan304" value="ⲡⲟⲩ"/>
		<feat xlink:href="#sSpan307" value="ⲣⲁⲛ"/>
		<feat xlink:href="#sSpan309" value="ϫⲉ"/>
		<feat xlink:href="#sSpan314" value="ⲁⲫⲑⲟⲛⲓⲁ"/>
		<feat xlink:href="#sSpan317" value="·"/>
		<feat xlink:href="#sSpan321" value="ⲧⲉ"/>
		<feat xlink:href="#sSpan326" value="ⲫⲑⲟⲛⲉⲓ"/>
		<feat xlink:href="#sSpan330" value="ⲇⲉ"/>
		<feat xlink:href="#sSpan334" value="ⲉⲣⲟ"/>
		<feat xlink:href="#sSpan339" value="ⲙⲁⲩⲁⲁⲧ"/>
		<feat xlink:href="#sSpan344" value="ⲉ"/>
		<feat xlink:href="#sSpan346" value="·"/>
		<feat xlink:href="#sSpan350" value="ⲁⲩⲱ"/>
		<feat xlink:href="#sSpan356" value="ⲧⲉ"/>
		<feat xlink:href="#sSpan360" value="ⲟ"/>
		<feat xlink:href="#sSpan362" value="ⲛ"/>
		<feat xlink:href="#sSpan367" value="ⲃⲁⲥⲕⲁⲛⲟⲥ"/>
		<feat xlink:href="#sSpan370" value="ⲉⲣⲟ"/>
		<feat xlink:href="#sSpan375" value="ⲙⲙⲓⲛⲙⲙⲟ"/>
		<feat xlink:href="#sSpan380" value="·"/>
		<feat xlink:href="#sSpan384" value="ⲉⲣ"/>
		<feat xlink:href="#sSpan389" value="ⲟⲩⲱϣ"/>
		<feat xlink:href="#sSpan391" value="ⲉ"/>
		<feat xlink:href="#sSpan395" value="ⲧⲁⲕⲉ"/>
		<feat xlink:href="#sSpan400" value="ⲧⲟⲩ"/>
		<feat xlink:href="#sSpan403" value="ⲯⲩⲭⲏ"/>
		<feat xlink:href="#sSpan406" value="ⲉⲧⲉ"/>
		<feat xlink:href="#sSpan410" value="ⲙ"/>
		<feat xlink:href="#sSpan412" value="ⲡ"/>
		<feat xlink:href="#sSpan415" value="ⲕⲟⲥⲙⲟⲥ"/>
		<feat xlink:href="#sSpan419" value="ⲧⲏⲣ"/>
		<feat xlink:href="#sSpan423" value="ϥ"/>
		<feat xlink:href="#sSpan425" value="ⲙⲡϣⲁ"/>
		<feat xlink:href="#sSpan430" value="ⲙⲙⲟ"/>
		<feat xlink:href="#sSpan434" value="ⲥ"/>
		<feat xlink:href="#sSpan436" value="ⲁⲛ"/>
		<feat xlink:href="#sSpan442" value="·"/>
		<feat xlink:href="#sSpan446" value="ⲁⲩⲱ"/>
		<feat xlink:href="#sSpan451" value="ⲉ"/>
		<feat xlink:href="#sSpan455" value="ⲥⲱⲣⲙ"/>
		<feat xlink:href="#sSpan458" value="ⲛ"/>
		<feat xlink:href="#sSpan462" value="ⲛⲟⲩ"/>
		<feat xlink:href="#sSpan464" value="ϩⲓⲥⲉ"/>
		<feat xlink:href="#sSpan466" value="ⲉ"/>
		<feat xlink:href="#sSpan471" value="ⲡ"/>
		<feat xlink:href="#sSpan473" value="ϫⲓⲛϫⲏ"/>
		<feat xlink:href="#sSpan475" value="·"/>
		<feat xlink:href="#sSpan479" value="ⲉⲃⲟⲗ"/>
		<feat xlink:href="#sSpan486" value="ϫⲉ"/>
		<feat xlink:href="#sSpan490" value="ⲁⲣ"/>
		<feat xlink:href="#sSpan492" value="ⲕⲁ"/>
		<feat xlink:href="#sSpan495" value="ⲡ"/>
		<feat xlink:href="#sSpan498" value="ⲙⲁ"/>
		<feat xlink:href="#sSpan500" value="ⲙ"/>
		<feat xlink:href="#sSpan504" value="ⲡ"/>
		<feat xlink:href="#sSpan507" value="ⲥⲁⲧⲁⲛⲁⲥ"/>
		<feat xlink:href="#sSpan510" value="ⲉϩⲟⲩⲛ"/>
		<feat xlink:href="#sSpan514" value="ⲉⲣⲟ"/>
		<feat xlink:href="#sSpan519" value="ⲉ"/>
		<feat xlink:href="#sSpan523" value="ⲧⲣⲉ"/>
		<feat xlink:href="#sSpan525" value="ϥ"/>
		<feat xlink:href="#sSpan527" value="ⲡⲱⲱⲛⲉ"/>
		<feat xlink:href="#sSpan530" value="ⲙ"/>
		<feat xlink:href="#sSpan534" value="ⲡⲟⲩ"/>
		<feat xlink:href="#sSpan536" value="ϩⲏⲧ"/>
		<feat xlink:href="#sSpan539" value="·"/>
		<feat xlink:href="#sSpan543" value="ⲁⲩⲱ"/>
		<feat xlink:href="#sSpan547" value="ⲛ"/>
		<feat xlink:href="#sSpan551" value="ϥ"/>
		<feat xlink:href="#sSpan553" value="ⲥⲣⲙⲣⲱⲙ"/>
		<feat xlink:href="#sSpan556" value="ⲉ"/>
		<feat xlink:href="#sSpan558" value="ⲛ"/>
		<feat xlink:href="#sSpan562" value="ⲧ"/>
		<feat xlink:href="#sSpan565" value="ϩⲉ"/>
		<feat xlink:href="#sSpan567" value="ⲛ"/>
		<feat xlink:href="#sSpan571" value="ⲛⲓ"/>
		<feat xlink:href="#sSpan573" value="ⲉⲥⲟⲟⲩ"/>
		<feat xlink:href="#sSpan576" value="ⲉⲧ"/>
		<feat xlink:href="#sSpan580" value="ⲟ"/>
		<feat xlink:href="#sSpan582" value="ⲛ"/>
		<feat xlink:href="#sSpan586" value="ϩⲟⲟⲗⲉ"/>
		<feat xlink:href="#sSpan590" value="·"/>
		<feat xlink:href="#sSpan594" value="ⲧ"/>
		<feat xlink:href="#sSpan602" value="ⲁⲑⲏⲧ"/>
		<feat xlink:href="#sSpan604" value="ⲁⲩⲱ"/>
		<feat xlink:href="#sSpan609" value="ⲧ"/>
		<feat xlink:href="#sSpan614" value="ⲁⲧⲥⲃⲱ"/>
		<feat xlink:href="#sSpan617" value="ⲉⲧⲉ"/>
		<feat xlink:href="#sSpan622" value="ⲙⲛ"/>
		<feat xlink:href="#sSpan624" value="ⲥⲃⲱ"/>
		<feat xlink:href="#sSpan626" value="ⲙⲙⲟ"/>
		<feat xlink:href="#sSpan631" value="ⲥ"/>
		<feat xlink:href="#sSpan634" value="·"/>
		<feat xlink:href="#sSpan638" value="ⲉⲛⲉ"/>
		<feat xlink:href="#sSpan643" value="ⲟⲩⲛ"/>
		<feat xlink:href="#sSpan647" value="ⲉⲡⲓⲥⲧⲏⲙⲏ"/>
		<feat xlink:href="#sSpan651" value="ⲅⲁⲣ"/>
		<feat xlink:href="#sSpan655" value="ⲙⲙⲟ"/>
		<feat xlink:href="#sSpan659" value="."/>
		<feat xlink:href="#sSpan663" value="ⲕⲁⲛ"/>
		<feat xlink:href="#sSpan668" value="ⲁ"/>
		<feat xlink:href="#sSpan672" value="ⲩ"/>
		<feat xlink:href="#sSpan674" value="ⲙⲓϣⲉ"/>
		<feat xlink:href="#sSpan676" value="ⲛⲙⲙ"/>
		<feat xlink:href="#sSpan681" value="ⲉ"/>
		<feat xlink:href="#sSpan683" value="ⲛⲁⲙⲉ"/>
		<feat xlink:href="#sSpan687" value="ⲧⲉ"/>
		<feat xlink:href="#sSpan692" value="ⲏⲡ"/>
		<feat xlink:href="#sSpan694" value="ⲉ"/>
		<feat xlink:href="#sSpan699" value="ⲕⲁⲣⲱⲙⲉ"/>
		<feat xlink:href="#sSpan703" value="ⲉ"/>
		<feat xlink:href="#sSpan707" value="ⲉⲓⲙⲉ"/>
		<feat xlink:href="#sSpan709" value="ϫⲉ"/>
		<feat xlink:href="#sSpan713" value="ⲉ"/>
		<feat xlink:href="#sSpan716" value="ⲧⲉⲧⲛ"/>
		<feat xlink:href="#sSpan718" value="ⲟ"/>
		<feat xlink:href="#sSpan720" value="ⲛ"/>
		<feat xlink:href="#sSpan724" value="ⲁϣ"/>
		<feat xlink:href="#sSpan726" value="ⲛ"/>
		<feat xlink:href="#sSpan731" value="ϩⲉ"/>
		<feat xlink:href="#sSpan733" value="ⲛϩⲟⲩⲛ"/>
		<feat xlink:href="#sSpan737" value="ⲙ"/>
		<feat xlink:href="#sSpan742" value="ⲡⲉⲧⲛ"/>
		<feat xlink:href="#sSpan744" value="ⲙⲁ"/>
		<feat xlink:href="#sSpan746" value="·"/>
		<feat xlink:href="#sSpan751" value="ⲙⲁⲗⲓⲥⲧⲁ"/>
		<feat xlink:href="#sSpan761" value="ⲉ"/>
		<feat xlink:href="#sSpan765" value="ⲁⲣ"/>
		<feat xlink:href="#sSpan767" value="ϫⲟⲟⲩ"/>
		<feat xlink:href="#sSpan770" value="ⲙ"/>
		<feat xlink:href="#sSpan774" value="ⲡⲟⲩ"/>
		<feat xlink:href="#sSpan776" value="ⲉⲓⲱⲧ"/>
		<feat xlink:href="#sSpan779" value="ⲙⲛ"/>
		<feat xlink:href="#sSpan783" value="ⲧⲟⲩ"/>
		<feat xlink:href="#sSpan785" value="ⲙⲁⲁⲩ"/>
		<feat xlink:href="#sSpan788" value=","/>
		<feat xlink:href="#sSpan792" value="ϫⲉ"/>
		<feat xlink:href="#sSpan796" value="ⲁ"/>
		<feat xlink:href="#sSpan798" value="ⲩ"/>
		<feat xlink:href="#sSpan800" value="ⲙⲓϣⲉ"/>
		<feat xlink:href="#sSpan803" value="ⲛⲙⲙⲁ"/>
		<feat xlink:href="#sSpan807" value="ⲓ"/>
		<feat xlink:href="#sSpan809" value="·"/>
		<feat xlink:href="#sSpan814" value="ⲏ"/>
		<feat xlink:href="#sSpan819" value="ϫⲉ"/>
		<feat xlink:href="#sSpan823" value="ⲁ"/>
		<feat xlink:href="#sSpan825" value="ⲩ"/>
		<feat xlink:href="#sSpan827" value="ϩⲟⲟⲩϣ"/>
		<feat xlink:href="#sSpan830" value="ⲉⲣⲟ"/>
		<feat xlink:href="#sSpan835" value="ⲓ"/>
		<feat xlink:href="#sSpan838" value="·"/>
		<feat xlink:href="#sSpan842" value="ⲉⲣ"/>
		<feat xlink:href="#sSpan848" value="ϫⲓϭⲟⲗ"/>
		<feat xlink:href="#sSpan852" value="ⲉ"/>
		<feat xlink:href="#sSpan856" value="ⲙⲡ"/>
		<feat xlink:href="#sSpan858" value="ⲟⲩ"/>
		<feat xlink:href="#sSpan860" value="ⲙⲓϣⲉ"/>
		<feat xlink:href="#sSpan863" value="ⲛⲙⲙ"/>
		<feat xlink:href="#sSpan867" value="ⲉ"/>
		<feat xlink:href="#sSpan870" value="ⲟⲩⲧⲉ"/>
		<feat xlink:href="#sSpan875" value="ⲙⲡ"/>
		<feat xlink:href="#sSpan879" value="ⲟⲩ"/>
		<feat xlink:href="#sSpan881" value="ϩⲟⲟⲩϣ"/>
		<feat xlink:href="#sSpan884" value="ⲉⲣⲟ"/>
		<feat xlink:href="#sSpan888" value="·"/>
		<feat xlink:href="#sSpan892" value="ⲛⲧ"/>
		<feat xlink:href="#sSpan898" value="ⲁ"/>
		<feat xlink:href="#sSpan900" value="ⲩ"/>
		<feat xlink:href="#sSpan902" value="ⲙⲓϣⲉ"/>
		<feat xlink:href="#sSpan904" value="ⲛⲙⲙ"/>
		<feat xlink:href="#sSpan909" value="ⲉ"/>
		<feat xlink:href="#sSpan911" value="ϫⲉ"/>
		<feat xlink:href="#sSpan915" value="ⲁ"/>
		<feat xlink:href="#sSpan917" value="ⲩ"/>
		<feat xlink:href="#sSpan919" value="ϯ"/>
		<feat xlink:href="#sSpan922" value="ⲛ"/>
		<feat xlink:href="#sSpan926" value="ⲉ"/>
		<feat xlink:href="#sSpan928" value="ⲟⲩ"/>
		<feat xlink:href="#sSpan933" value="ⲉⲡⲓⲥⲧⲏⲙⲏ"/>
		<feat xlink:href="#sSpan937" value="ϩⲙ"/>
		<feat xlink:href="#sSpan941" value="ⲡ"/>
		<feat xlink:href="#sSpan943" value="ⲧⲣⲉ"/>
		<feat xlink:href="#sSpan946" value="ⲡⲁⲣⲁⲃⲁ"/>
		<feat xlink:href="#sSpan949" value="ⲛ"/>
		<feat xlink:href="#sSpan953" value="ⲧ"/>
		<feat xlink:href="#sSpan956" value="ⲉⲛⲧⲟⲗⲏ"/>
		<feat xlink:href="#sSpan959" value="ⲛ"/>
		<feat xlink:href="#sSpan963" value="ⲧⲉ"/>
		<feat xlink:href="#sSpan965" value="ϫⲓ"/>
		<feat xlink:href="#sSpan967" value="ϩⲛ"/>
		<feat xlink:href="#sSpan969" value="ⲟ"/>
		<feat xlink:href="#sSpan972" value="ⲛ"/>
		<feat xlink:href="#sSpan976" value="ⲧⲟⲟⲧ"/>
		<feat xlink:href="#sSpan979" value="ⲟⲩ"/>
		<feat xlink:href="#sSpan981" value="ⲛ"/>
		<feat xlink:href="#sSpan986" value="ⲛⲟⲩ"/>
		<feat xlink:href="#sSpan988" value="ⲉⲓⲟⲧⲉ"/>
		<feat xlink:href="#sSpan990" value="ⲟⲩⲉϣ"/>
		<feat xlink:href="#sSpan995" value="ⲛ"/>
		<feat xlink:href="#sSpan999" value="ϣⲓⲛⲉ"/>
		<feat xlink:href="#sSpan1001" value="·"/>
		<feat xlink:href="#sSpan1005" value="ⲛⲧ"/>
		<feat xlink:href="#sSpan1014" value="ⲁⲣ"/>
		<feat xlink:href="#sSpan1016" value="ϣⲓⲛⲉ"/>
		<feat xlink:href="#sSpan1019" value="ⲛⲥⲁ"/>
		<feat xlink:href="#sSpan1024" value="ⲟⲩ"/>
		<feat xlink:href="#sSpan1026" value="ⲉⲣⲉ"/>
		<feat xlink:href="#sSpan1031" value="ⲣⲭⲣⲉⲓⲁ"/>
		<feat xlink:href="#sSpan1036" value="ⲛⲁ"/>
		<feat xlink:href="#sSpan1040" value="ϥ"/>
		<feat xlink:href="#sSpan1042" value="·"/>
		<feat xlink:href="#sSpan1046" value="ⲁ"/>
		<feat xlink:href="#sSpan1051" value="ⲩ"/>
		<feat xlink:href="#sSpan1053" value="ⲧⲥⲧⲟ"/>
		<feat xlink:href="#sSpan1056" value="ⲉⲃⲟⲗ"/>
		<feat xlink:href="#sSpan1061" value="·"/>
		<feat xlink:href="#sSpan1066" value="ⲏ"/>
		<feat xlink:href="#sSpan1071" value="ⲉ"/>
		<feat xlink:href="#sSpan1075" value="ⲙⲡ"/>
		<feat xlink:href="#sSpan1077" value="ⲟⲩ"/>
		<feat xlink:href="#sSpan1079" value="ⲧⲁⲁ"/>
		<feat xlink:href="#sSpan1082" value="ϥ"/>
		<feat xlink:href="#sSpan1084" value="ⲛ"/>
		<feat xlink:href="#sSpan1088" value="ⲉ"/>
		<feat xlink:href="#sSpan1091" value="·"/>
		<feat xlink:href="#sSpan1095" value="ⲉⲣϣⲁⲛ"/>
		<feat xlink:href="#sSpan1100" value="ϫⲟⲟ"/>
		<feat xlink:href="#sSpan1103" value="ⲥ"/>
		<feat xlink:href="#sSpan1105" value="ⲙ"/>
		<feat xlink:href="#sSpan1109" value="ⲡⲟⲩ"/>
		<feat xlink:href="#sSpan1112" value="ⲉⲓⲱⲧ"/>
		<feat xlink:href="#sSpan1115" value="ⲙⲛ"/>
		<feat xlink:href="#sSpan1119" value="ⲧⲟⲩ"/>
		<feat xlink:href="#sSpan1121" value="ⲙⲁⲁⲩ"/>
		<feat xlink:href="#sSpan1125" value="·"/>
		<feat xlink:href="#sSpan1130" value="ⲉ"/>
		<feat xlink:href="#sSpan1134" value="ⲛ"/>
		<feat xlink:href="#sSpan1137" value="ⲣϩⲟⲧⲉ"/>
		<feat xlink:href="#sSpan1143" value="·"/>
		<feat xlink:href="#sSpan1148" value="ⲙⲁⲗⲓⲥⲧⲁ"/>
		<feat xlink:href="#sSpan1154" value="ⲉⲣ"/>
		<feat xlink:href="#sSpan1159" value="ϫⲓϭⲟⲗ"/>
		<feat xlink:href="#sSpan1162" value="·"/>
		<feat xlink:href="#sSpan1167" value="ⲟⲩⲕ"/>
		<feat xlink:href="#sSpan1175" value="ⲟⲩⲛ"/>
		<feat xlink:href="#sSpan1177" value="ⲧⲉ"/>
		<feat xlink:href="#sSpan1181" value="ⲟⲩⲱϣ"/>
		<feat xlink:href="#sSpan1184" value="ⲉ"/>
		<feat xlink:href="#sSpan1188" value="ⲧⲣⲉ"/>
		<feat xlink:href="#sSpan1190" value="ⲛ"/>
		<feat xlink:href="#sSpan1192" value="ⲧⲁⲙⲟ"/>
		<feat xlink:href="#sSpan1195" value="ⲟⲩ"/>
		<feat xlink:href="#sSpan1197" value="ⲉ"/>
		<feat xlink:href="#sSpan1201" value="ⲛⲟⲩ"/>
		<feat xlink:href="#sSpan1204" value="ϩⲃⲏⲩⲉ"/>
		<feat xlink:href="#sSpan1207" value="ⲙ"/>
		<feat xlink:href="#sSpan1212" value="ⲙⲛⲧⲥⲟϭ"/>
		<feat xlink:href="#sSpan1216" value="ⲉ"/>
		<feat xlink:href="#sSpan1220" value="ⲧⲉ"/>
		<feat xlink:href="#sSpan1222" value="ⲉⲓⲣⲉ"/>
		<feat xlink:href="#sSpan1225" value="ⲙⲙⲟ"/>
		<feat xlink:href="#sSpan1229" value="ⲟⲩ"/>
		<feat xlink:href="#sSpan1231" value="·"/>
		<feat xlink:href="#sSpan1235" value="ⲙⲛ"/>
		<feat xlink:href="#sSpan1240" value="ⲛⲟⲩ"/>
		<feat xlink:href="#sSpan1242" value="ϫⲓⲟⲩⲉ"/>
		<feat xlink:href="#sSpan1244" value="ⲙⲛ"/>
		<feat xlink:href="#sSpan1249" value="ⲛⲟⲩ"/>
		<feat xlink:href="#sSpan1252" value="ϯⲧⲱⲛ"/>
		<feat xlink:href="#sSpan1255" value="·"/>
		<feat xlink:href="#sSpan1259" value="ⲧ"/>
		<feat xlink:href="#sSpan1269" value="ⲃⲗⲗⲏ"/>
		<feat xlink:href="#sSpan1271" value="ⲛⲁⲙⲉ"/>
		<feat xlink:href="#sSpan1275" value="ⲉⲧ"/>
		<feat xlink:href="#sSpan1280" value="ϫⲟⲡϫⲡ"/>
		<feat xlink:href="#sSpan1282" value="ⲙ"/>
		<feat xlink:href="#sSpan1286" value="ⲙⲉⲉⲣⲉ"/>
		<feat xlink:href="#sSpan1289" value="ⲛ"/>
		<feat xlink:href="#sSpan1293" value="ⲧ"/>
		<feat xlink:href="#sSpan1295" value="ϩⲉ"/>
		<feat xlink:href="#sSpan1297" value="ⲛ"/>
		<feat xlink:href="#sSpan1302" value="ⲛ"/>
		<feat xlink:href="#sSpan1304" value="ⲉⲧ"/>
		<feat xlink:href="#sSpan1306" value="ϩⲛ"/>
		<feat xlink:href="#sSpan1308" value="ⲧ"/>
		<feat xlink:href="#sSpan1310" value="ⲡⲁϣⲉ"/>
		<feat xlink:href="#sSpan1313" value="ⲛ"/>
		<feat xlink:href="#sSpan1317" value="ⲧⲉ"/>
		<feat xlink:href="#sSpan1319" value="ⲩϣⲏ"/>
		<feat xlink:href="#sSpan1321" value="·"/>
		<feat xlink:href="#sSpan1325" value="ⲁⲩⲱ"/>
		<feat xlink:href="#sSpan1331" value="ⲛ"/>
		<feat xlink:href="#sSpan1335" value="ⲧ"/>
		<feat xlink:href="#sSpan1337" value="ϩⲉ"/>
		<feat xlink:href="#sSpan1339" value="ⲛ"/>
		<feat xlink:href="#sSpan1343" value="ⲛⲓ"/>
		<feat xlink:href="#sSpan1345" value="ⲃⲗⲗⲉ"/>
		<feat xlink:href="#sSpan1348" value=","/>
		<feat xlink:href="#sSpan1352" value="ⲉⲧⲉ"/>
		<feat xlink:href="#sSpan1356" value="ⲙⲛ"/>
		<feat xlink:href="#sSpan1358" value="ⲃⲁⲗ"/>
		<feat xlink:href="#sSpan1361" value="ⲙⲙⲟ"/>
		<feat xlink:href="#sSpan1365" value="ⲟⲩ"/>
		<feat xlink:href="#sSpan1367" value="·"/>
		<feat xlink:href="#sSpan1371" value="ⲉⲃⲟⲗ"/>
		<feat xlink:href="#sSpan1378" value="ⲧⲱⲛ"/>
		<feat xlink:href="#sSpan1382" value="ϫⲉ"/>
		<feat xlink:href="#sSpan1387" value="ⲉⲣⲉ"/>
		<feat xlink:href="#sSpan1390" value="ⲛⲟⲩ"/>
		<feat xlink:href="#sSpan1392" value="ⲉⲓⲟⲧⲉ"/>
		<feat xlink:href="#sSpan1395" value="ⲛ"/>
		<feat xlink:href="#sSpan1399" value="ⲃⲟⲗ"/>
		<feat xlink:href="#sSpan1401" value="ϩⲙ"/>
		<feat xlink:href="#sSpan1405" value="ⲡ"/>
		<feat xlink:href="#sSpan1408" value="ⲕⲟⲥⲙⲟⲥ"/>
		<feat xlink:href="#sSpan1410" value="ⲛⲁ"/>
		<feat xlink:href="#sSpan1415" value="ⲥⲱⲧⲙ"/>
		<feat xlink:href="#sSpan1417" value="ⲉ"/>
		<feat xlink:href="#sSpan1421" value="ⲡⲟⲩ"/>
		<feat xlink:href="#sSpan1424" value="ϣⲁϫⲉ"/>
		<feat xlink:href="#sSpan1426" value="ⲛ"/>
		<feat xlink:href="#sSpan1430" value="ϩⲟⲩⲛ"/>
		<feat xlink:href="#sSpan1433" value="ϩⲙ"/>
		<feat xlink:href="#sSpan1437" value="ⲡⲉⲓ"/>
		<feat xlink:href="#sSpan1439" value="ⲙⲁ"/>
		<feat xlink:href="#sSpan1442" value="·"/>
		<feat xlink:href="#sSpan1446" value="ⲛ"/>
		<feat xlink:href="#sSpan1450" value="ⲧⲛ"/>
		<feat xlink:href="#sSpan1452" value="ⲧⲙ"/>
		<feat xlink:href="#sSpan1454" value="ⲉⲓⲙⲉ"/>
		<feat xlink:href="#sSpan1457" value="ⲁⲛⲟⲛ"/>
		<feat xlink:href="#sSpan1461" value="ϩⲛ"/>
		<feat xlink:href="#sSpan1466" value="ⲧ"/>
		<feat xlink:href="#sSpan1468" value="ϩⲉⲛⲉⲉⲧⲏ"/>
		<feat xlink:href="#sSpan1471" value="·"/>
		<feat xlink:href="#sSpan1475" value="ⲡⲉ"/>
		<feat xlink:href="#sSpan1484" value="ⲁ"/>
		<feat xlink:href="#sSpan1488" value="ⲩ"/>
		<feat xlink:href="#sSpan1490" value="ϫⲓⲧⲉ"/>
		<feat xlink:href="#sSpan1492" value="ⲛ"/>
		<feat xlink:href="#sSpan1498" value="ϭⲟⲛⲥ"/>
		<feat xlink:href="#sSpan1500" value="ⲛⲁⲙⲉ"/>
		<feat xlink:href="#sSpan1505" value="ⲏ"/>
		<feat xlink:href="#sSpan1510" value="ⲁ"/>
		<feat xlink:href="#sSpan1514" value="ⲩ"/>
		<feat xlink:href="#sSpan1516" value="ⲑⲙⲕⲟ"/>
		<feat xlink:href="#sSpan1519" value="ⲏ"/>
		<feat xlink:href="#sSpan1524" value="ⲁ"/>
		<feat xlink:href="#sSpan1528" value="ⲩ"/>
		<feat xlink:href="#sSpan1531" value="ⲗⲩⲡⲉⲓ"/>
		<feat xlink:href="#sSpan1533" value="ⲙⲙⲟ"/>
		<feat xlink:href="#sSpan1539" value="·"/>
		<feat xlink:href="#sSpan1543" value="ⲛⲉⲣⲉ"/>
		<feat xlink:href="#sSpan1547" value="ⲏⲡ"/>
		<feat xlink:href="#sSpan1549" value="ⲡⲉ"/>
		<feat xlink:href="#sSpan1554" value="ⲉ"/>
		<feat xlink:href="#sSpan1558" value="ⲧⲁⲙⲟ"/>
		<feat xlink:href="#sSpan1560" value="ⲛ"/>
		<feat xlink:href="#sSpan1562" value="ⲉ"/>
		<feat xlink:href="#sSpan1567" value="ⲡⲟⲩ"/>
		<feat xlink:href="#sSpan1569" value="ⲙⲕⲁϩ"/>
		<feat xlink:href="#sSpan1571" value="·"/>
		<feat xlink:href="#sSpan1575" value="ⲧⲁⲣ"/>
		<feat xlink:href="#sSpan1581" value="ⲛ"/>
		<feat xlink:href="#sSpan1583" value="ⲉⲓⲙⲉ"/>
		<feat xlink:href="#sSpan1585" value="ϫⲉ"/>
		<feat xlink:href="#sSpan1589" value="ⲉⲣⲉ"/>
		<feat xlink:href="#sSpan1593" value="ϫⲉⲙⲉ"/>
		<feat xlink:href="#sSpan1596" value="·"/>
		<feat xlink:href="#sSpan1600" value="ϫⲛ"/>
		<feat xlink:href="#sSpan1606" value="ⲙⲙⲟⲛ"/>
		<feat xlink:href="#sSpan1611" value="·"/>
		<feat xlink:href="#sSpan1616" value="ⲏ"/>
		<feat xlink:href="#sSpan1621" value="ⲛ"/>
		<feat xlink:href="#sSpan1625" value="ⲧⲉ"/>
		<feat xlink:href="#sSpan1628" value="ⲧⲁⲙⲉ"/>
		<feat xlink:href="#sSpan1631" value="ⲧⲟⲩ"/>
		<feat xlink:href="#sSpan1633" value="ⲙⲁⲁⲩ"/>
		<feat xlink:href="#sSpan1636" value="ⲉⲧ"/>
		<feat xlink:href="#sSpan1640" value="ϩⲙ"/>
		<feat xlink:href="#sSpan1642" value="ⲡ"/>
		<feat xlink:href="#sSpan1644" value="ⲙⲁ"/>
		<feat xlink:href="#sSpan1646" value="ϩⲁⲧⲏ"/>
		<feat xlink:href="#sSpan1652" value="."/>
		<feat xlink:href="#sSpan1656" value="ⲉϣⲱⲡⲉ"/>
		<feat xlink:href="#sSpan1662" value="ⲉⲣⲉ"/>
		<feat xlink:href="#sSpan1666" value="ⲙⲟⲩⲧⲉ"/>
		<feat xlink:href="#sSpan1669" value="ⲉⲣⲟ"/>
		<feat xlink:href="#sSpan1673" value="ⲥ"/>
		<feat xlink:href="#sSpan1675" value="ⲁⲛ"/>
		<feat xlink:href="#sSpan1679" value="ⲙⲙⲁⲧⲉ"/>
		<feat xlink:href="#sSpan1684" value="ϩⲛ"/>
		<feat xlink:href="#sSpan1688" value="ⲧⲟⲩ"/>
		<feat xlink:href="#sSpan1690" value="ⲧⲁⲡⲣⲟ"/>
		<feat xlink:href="#sSpan1693" value="ϫⲉ"/>
		<feat xlink:href="#sSpan1697" value="ⲙⲁⲁⲩ"/>
		<feat xlink:href="#sSpan1701" value="."/>
		<feat xlink:href="#sSpan1705" value="ⲉⲣⲉ"/>
		<feat xlink:href="#sSpan1710" value="ⲡⲟⲩ"/>
		<feat xlink:href="#sSpan1712" value="ϩⲏⲧ"/>
		<feat xlink:href="#sSpan1716" value="ⲇⲉ"/>
		<feat xlink:href="#sSpan1720" value="ⲟⲩⲏⲩ"/>
		<feat xlink:href="#sSpan1724" value="ⲛⲥⲁ"/>
		<feat xlink:href="#sSpan1729" value="ⲃⲟⲗ"/>
		<feat xlink:href="#sSpan1731" value="ⲙⲙⲟ"/>
		<feat xlink:href="#sSpan1737" value="ⲥ"/>
		<feat xlink:href="#sSpan1739" value="."/>
		<feat xlink:href="#sSpan1743" value="ⲛ"/>
		<feat xlink:href="#sSpan1749" value="ⲧ"/>
		<feat xlink:href="#sSpan1751" value="ϩⲉ"/>
		<feat xlink:href="#sSpan1753" value="ⲉⲧ"/>
		<feat xlink:href="#sSpan1757" value="ⲥⲏϩ"/>
		<feat xlink:href="#sSpan1759" value="ϫⲉ"/>
		<feat xlink:href="#sSpan1765" value="ⲡⲉⲓ"/>
		<feat xlink:href="#sSpan1768" value="ⲗⲁⲟⲥ"/>
		<feat xlink:href="#sSpan1770" value="ⲧⲁⲓⲟ"/>
		<feat xlink:href="#sSpan1775" value="ⲙⲙⲟ"/>
		<feat xlink:href="#sSpan1779" value="ⲓ"/>
		<feat xlink:href="#sSpan1781" value="ϩⲛ"/>
		<feat xlink:href="#sSpan1786" value="ⲛⲉⲩ"/>
		<feat xlink:href="#sSpan1788" value="ⲥⲡⲟⲧⲟⲩ"/>
		<feat xlink:href="#sSpan1791" value="·"/>
		<feat xlink:href="#sSpan1795" value="ⲡⲉⲩ"/>
		<feat xlink:href="#sSpan1799" value="ϩⲏⲧ"/>
		<feat xlink:href="#sSpan1803" value="ⲇⲉ"/>
		<feat xlink:href="#sSpan1808" value="ⲟⲩⲏⲩ"/>
		<feat xlink:href="#sSpan1812" value="ⲛⲥⲁ"/>
		<feat xlink:href="#sSpan1816" value="ⲛ"/>
		<feat xlink:href="#sSpan1818" value="ⲃⲟⲗ"/>
		<feat xlink:href="#sSpan1821" value="ⲙⲙⲟ"/>
		<feat xlink:href="#sSpan1825" value="ⲓ"/>
		<feat xlink:href="#sSpan1827" value="·"/>
		<feat xlink:href="#sSpan1831" value="ⲉⲛⲉ"/>
		<feat xlink:href="#sSpan1840" value="ⲙⲡⲉ"/>
		<feat xlink:href="#sSpan1842" value="ⲡⲟⲩ"/>
		<feat xlink:href="#sSpan1845" value="ϩⲏⲧ"/>
		<feat xlink:href="#sSpan1849" value="ⲅⲁⲣ"/>
		<feat xlink:href="#sSpan1853" value="ⲛ"/>
		<feat xlink:href="#sSpan1858" value="ⲁⲧⲥⲃⲱ"/>
		<feat xlink:href="#sSpan1863" value="ⲣⲕⲁⲕⲉ"/>
		<feat xlink:href="#sSpan1868" value="ⲉⲣⲟ"/>
		<feat xlink:href="#sSpan1875" value="."/>
		<feat xlink:href="#sSpan1879" value="ⲛⲉⲣ"/>
		<feat xlink:href="#sSpan1883" value="ⲁ"/>
		<feat xlink:href="#sSpan1886" value="ⲕⲁⲧⲁⲫⲣⲟⲛⲉⲓ"/>
		<feat xlink:href="#sSpan1889" value="ⲡⲉ"/>
		<feat xlink:href="#sSpan1893" value="ⲛ"/>
		<feat xlink:href="#sSpan1898" value="ⲛⲟⲩ"/>
		<feat xlink:href="#sSpan1900" value="ⲉⲓⲟⲧⲉ"/>
		<feat xlink:href="#sSpan1902" value="ⲉⲧ"/>
		<feat xlink:href="#sSpan1907" value="ϩⲛ"/>
		<feat xlink:href="#sSpan1909" value="ⲧ"/>
		<feat xlink:href="#sSpan1912" value="ⲥⲩⲛⲁⲅⲱⲅⲏ"/>
		<feat xlink:href="#sSpan1915" value="ⲛⲙⲙ"/>
		<feat xlink:href="#sSpan1919" value="ⲉ"/>
		<feat xlink:href="#sSpan1921" value="·"/>
		<feat xlink:href="#sSpan1926" value="ⲏ"/>
		<feat xlink:href="#sSpan1932" value="ⲛⲉⲣ"/>
		<feat xlink:href="#sSpan1936" value="ⲁ"/>
		<feat xlink:href="#sSpan1938" value="ⲥⲱϣ"/>
		<feat xlink:href="#sSpan1940" value="ⲛ"/>
		<feat xlink:href="#sSpan1945" value="ⲛⲉ"/>
		<feat xlink:href="#sSpan1947" value="ⲥⲛⲏⲩ"/>
		<feat xlink:href="#sSpan1949" value=","/>
		<feat xlink:href="#sSpan1953" value="ⲉⲧⲉⲣⲉ"/>
		<feat xlink:href="#sSpan1958" value="ⲟⲩⲏϩ"/>
		<feat xlink:href="#sSpan1960" value="ⲛⲙⲙⲁ"/>
		<feat xlink:href="#sSpan1965" value="ⲩ"/>
		<feat xlink:href="#sSpan1967" value="ϩⲛ"/>
		<feat xlink:href="#sSpan1971" value="ⲧⲟⲩ"/>
		<feat xlink:href="#sSpan1975" value="ⲙⲛⲧϫⲁⲥⲓϩⲏⲧ"/>
		<feat xlink:href="#sSpan1980" value="·"/>
		<feat xlink:href="#sSpan1984" value="ⲙⲛ"/>
		<feat xlink:href="#sSpan1989" value="ⲧⲟⲩ"/>
		<feat xlink:href="#sSpan1992" value="ⲙⲛⲧⲃⲁⲃⲉⲣⲱⲙⲉ"/>
		<feat xlink:href="#sSpan1997" value="·"/>
		<feat xlink:href="#sSpan2002" value="ⲏ"/>
		<feat xlink:href="#sSpan2011" value="ⲉⲛⲉ"/>
		<feat xlink:href="#sSpan2015" value="ⲙⲡⲉ"/>
		<feat xlink:href="#sSpan2017" value="ⲕⲱ"/>
		<feat xlink:href="#sSpan2020" value="ⲛⲥⲱ"/>
		<feat xlink:href="#sSpan2025" value="ⲛ"/>
		<feat xlink:href="#sSpan2029" value="ⲧⲉ"/>
		<feat xlink:href="#sSpan2031" value="ⲥⲃⲱ"/>
		<feat xlink:href="#sSpan2034" value="ⲙⲛ"/>
		<feat xlink:href="#sSpan2039" value="ⲧ"/>
		<feat xlink:href="#sSpan2042" value="ⲙⲛⲧⲣⲙⲛϩⲏⲧ"/>
		<feat xlink:href="#sSpan2048" value="."/>
		<feat xlink:href="#sSpan2052" value="ⲁⲩⲱ"/>
		<feat xlink:href="#sSpan2057" value="ⲛ"/>
		<feat xlink:href="#sSpan2061" value="ⲧⲉ"/>
		<feat xlink:href="#sSpan2064" value="ⲙⲉⲣⲉ"/>
		<feat xlink:href="#sSpan2066" value="ⲡ"/>
		<feat xlink:href="#sSpan2069" value="ⲡⲉⲧϩⲟⲟⲩ"/>
		<feat xlink:href="#sSpan2074" value=","/>
		<feat xlink:href="#sSpan2078" value="ⲉϩⲟⲩⲉ"/>
		<feat xlink:href="#sSpan2082" value="ⲡ"/>
		<feat xlink:href="#sSpan2086" value="ⲡⲉⲧⲛⲁⲛⲟⲩϥ"/>
		<feat xlink:href="#sSpan2093" value="."/>
		<feat xlink:href="#sSpan2097" value="ⲛⲉⲣ"/>
		<feat xlink:href="#sSpan2103" value="ⲁ"/>
		<feat xlink:href="#sSpan2106" value="ⲙⲉⲗⲉⲧⲁ"/>
		<feat xlink:href="#sSpan2109" value="ⲡⲉ"/>
		<feat xlink:href="#sSpan2114" value="ⲛ"/>
		<feat xlink:href="#sSpan2118" value="ϩⲉⲛ"/>
		<feat xlink:href="#sSpan2120" value="ϣⲁϫⲉ"/>
		<feat xlink:href="#sSpan2123" value="ⲉ"/>
		<feat xlink:href="#sSpan2127" value="ⲩ"/>
		<feat xlink:href="#sSpan2129" value="ⲃⲟⲟⲛⲉ"/>
		<feat xlink:href="#sSpan2131" value="."/>
		<feat xlink:href="#sSpan2135" value="ⲛ"/>
		<feat xlink:href="#sSpan2140" value="ⲧⲉ"/>
		<feat xlink:href="#sSpan2142" value="ϫⲟⲟ"/>
		<feat xlink:href="#sSpan2144" value="ⲥ"/>
		<feat xlink:href="#sSpan2146" value="ϩⲛ"/>
		<feat xlink:href="#sSpan2150" value="ⲧⲟⲩ"/>
		<feat xlink:href="#sSpan2153" value="ⲧⲁⲡⲣⲟ"/>
		<feat xlink:href="#sSpan2155" value="ⲉⲧ"/>
		<feat xlink:href="#sSpan2160" value="ⲙⲉϩ"/>
		<feat xlink:href="#sSpan2162" value="ⲛ"/>
		<feat xlink:href="#sSpan2166" value="ⲥⲁϩⲟⲩ"/>
		<feat xlink:href="#sSpan2169" value="ϩⲓ"/>
		<feat xlink:href="#sSpan2174" value="ⲥⲓϣⲉ"/>
		<feat xlink:href="#sSpan2176" value=","/>
		<feat xlink:href="#sSpan2180" value="ϫⲉ"/>
		<feat xlink:href="#sSpan2185" value="ϯ"/>
		<feat xlink:href="#sSpan2188" value="ⲛⲁ"/>
		<feat xlink:href="#sSpan2190" value="ⲃⲱⲕ"/>
		<feat xlink:href="#sSpan2193" value="ⲉ"/>
		<feat xlink:href="#sSpan2197" value="ⲕⲉ"/>
		<feat xlink:href="#sSpan2199" value="ϩⲉⲛⲉⲉⲧⲏ"/>
		<feat xlink:href="#sSpan2202" value="."/>
		<feat xlink:href="#sSpan2206" value="ⲛⲧ"/>
		<feat xlink:href="#sSpan2215" value="ⲁ"/>
		<feat xlink:href="#sSpan2217" value="ⲡⲉⲓ"/>
		<feat xlink:href="#sSpan2219" value="ⲙⲁ"/>
		<feat xlink:href="#sSpan2221" value="ϫⲓⲧ"/>
		<feat xlink:href="#sSpan2227" value="ⲉ"/>
		<feat xlink:href="#sSpan2229" value="ⲛ"/>
		<feat xlink:href="#sSpan2233" value="ϭⲟⲛⲥ"/>
		<feat xlink:href="#sSpan2235" value="ϩⲛ"/>
		<feat xlink:href="#sSpan2239" value="ⲟⲩ"/>
		<feat xlink:href="#sSpan2242" value="·"/>
		<feat xlink:href="#sSpan2247" value="ⲏ"/>
		<feat xlink:href="#sSpan2252" value="ⲟⲩ"/>
		<feat xlink:href="#sSpan2256" value="ⲡⲉ"/>
		<feat xlink:href="#sSpan2260" value="ⲡ"/>
		<feat xlink:href="#sSpan2266" value="ⲃⲁⲣⲟⲥ"/>
		<feat xlink:href="#sSpan2268" value="ⲉⲛⲧ"/>
		<feat xlink:href="#sSpan2274" value="ⲁ"/>
		<feat xlink:href="#sSpan2277" value="ⲩ"/>
		<feat xlink:href="#sSpan2279" value="ⲟⲩⲁϩ"/>
		<feat xlink:href="#sSpan2282" value="ϥ"/>
		<feat xlink:href="#sSpan2284" value="ⲉϫⲱ"/>
		<feat xlink:href="#sSpan2288" value="·"/>
		<feat xlink:href="#sSpan2292" value="ⲛⲥⲁⲃⲏⲗ"/>
		<feat xlink:href="#sSpan2299" value="ϫⲉ"/>
		<feat xlink:href="#sSpan2303" value="ⲁ"/>
		<feat xlink:href="#sSpan2305" value="ⲩ"/>
		<feat xlink:href="#sSpan2307" value="ϫⲟⲟ"/>
		<feat xlink:href="#sSpan2310" value="ⲥ"/>
		<feat xlink:href="#sSpan2312" value="ⲛ"/>
		<feat xlink:href="#sSpan2316" value="ⲉ"/>
		<feat xlink:href="#sSpan2318" value="ϫⲉ"/>
		<feat xlink:href="#sSpan2322" value="ⲙⲡⲣ"/>
		<feat xlink:href="#sSpan2326" value="ⲡⲁⲣⲁⲃⲁ"/>
		<feat xlink:href="#sSpan2328" value="ⲛ"/>
		<feat xlink:href="#sSpan2332" value="ⲧ"/>
		<feat xlink:href="#sSpan2336" value="ⲉⲛⲧⲟⲗⲏ"/>
		<feat xlink:href="#sSpan2339" value="ⲙ"/>
		<feat xlink:href="#sSpan2343" value="ⲡ"/>
		<feat xlink:href="#sSpan2345" value="ⲛⲟⲩⲧⲉ"/>
		<feat xlink:href="#sSpan2349" value="·"/>
		<feat xlink:href="#sSpan2353" value="ⲉⲃⲟⲗ"/>
		<feat xlink:href="#sSpan2359" value="ϫⲉ"/>
		<feat xlink:href="#sSpan2363" value="ⲁⲣ"/>
		<feat xlink:href="#sSpan2365" value="ϯ"/>
		<feat xlink:href="#sSpan2368" value="ϣⲟⲟⲩ"/>
		<feat xlink:href="#sSpan2370" value=","/>
		<feat xlink:href="#sSpan2374" value="ⲁⲩⲱ"/>
		<feat xlink:href="#sSpan2379" value="ⲙⲉⲥⲟⲩⲁⲫⲓ"/>
		<feat xlink:href="#sSpan2384" value="ⲛ"/>
		<feat xlink:href="#sSpan2388" value="ⲟⲩ"/>
		<feat xlink:href="#sSpan2391" value="ⲗⲉⲗⲟⲩ"/>
		<feat xlink:href="#sSpan2393" value="ⲉ"/>
		<feat xlink:href="#sSpan2397" value="ⲥ"/>
		<feat xlink:href="#sSpan2399" value="ϩⲙ"/>
		<feat xlink:href="#sSpan2402" value="ⲡ"/>
		<feat xlink:href="#sSpan2404" value="ⲏⲓ"/>
		<feat xlink:href="#sSpan2406" value="ⲛⲙⲙ"/>
		<feat xlink:href="#sSpan2410" value="ⲉ"/>
		<feat xlink:href="#sSpan2412" value="ϫⲉⲕⲁⲥ"/>
		<feat xlink:href="#sSpan2418" value="ⲉ"/>
		<feat xlink:href="#sSpan2422" value="ⲧⲉⲧⲛ"/>
		<feat xlink:href="#sSpan2425" value="ⲛⲁ"/>
		<feat xlink:href="#sSpan2427" value="ϣⲱⲡⲉ"/>
		<feat xlink:href="#sSpan2429" value="ⲛ"/>
		<feat xlink:href="#sSpan2433" value="ϫⲣⲟⲡ"/>
		<feat xlink:href="#sSpan2436" value="ⲁⲩⲱ"/>
		<feat xlink:href="#sSpan2440" value="ⲛ"/>
		<feat xlink:href="#sSpan2445" value="ⲥⲕⲁⲛⲇⲁⲗⲟⲛ"/>
		<feat xlink:href="#sSpan2448" value="ⲛ"/>
		<feat xlink:href="#sSpan2453" value="ⲛⲉⲧⲛ"/>
		<feat xlink:href="#sSpan2455" value="ⲉⲣⲏⲩ"/>
		<feat xlink:href="#sSpan2457" value="·"/>
		<feat xlink:href="#sSpan2462" value="ⲉⲧⲃⲉ"/>
		<feat xlink:href="#sSpan2472" value="ⲡⲁⲓ"/>
		<feat xlink:href="#sSpan2474" value="ϯ"/>
		<feat xlink:href="#sSpan2479" value="ϩⲟⲙⲟⲗⲟⲅⲉⲓ"/>
		<feat xlink:href="#sSpan2482" value="ⲛ"/>
		<feat xlink:href="#sSpan2486" value="ⲉ"/>
		<feat xlink:href="#sSpan2488" value="ϫⲉ"/>
		<feat xlink:href="#sSpan2493" value="ⲉϣⲱⲡⲉ"/>
		<feat xlink:href="#sSpan2495" value="ⲉⲣⲉ"/>
		<feat xlink:href="#sSpan2500" value="ⲧⲙ"/>
		<feat xlink:href="#sSpan2503" value="ⲕⲁⲉⲡⲓⲥⲧⲏⲙⲏ"/>
		<feat xlink:href="#sSpan2508" value="ⲙⲙⲟ"/>
		<feat xlink:href="#sSpan2512" value="ⲁⲩⲱ"/>
		<feat xlink:href="#sSpan2517" value="ⲛ"/>
		<feat xlink:href="#sSpan2521" value="ⲧⲉ"/>
		<feat xlink:href="#sSpan2523" value="ϥⲓ"/>
		<feat xlink:href="#sSpan2526" value="ⲧⲉⲓ"/>
		<feat xlink:href="#sSpan2532" value="ⲙⲛⲧⲁⲧⲥⲱⲧⲙ"/>
		<feat xlink:href="#sSpan2539" value="ⲉⲃⲟⲗ"/>
		<feat xlink:href="#sSpan2544" value="ⲙⲙⲟ"/>
		<feat xlink:href="#sSpan2548" value="ⲙⲛ"/>
		<feat xlink:href="#sSpan2553" value="ⲛⲓ"/>
		<feat xlink:href="#sSpan2555" value="ϯⲧⲱⲛ"/>
		<feat xlink:href="#sSpan2557" value="ⲉ"/>
		<feat xlink:href="#sSpan2562" value="ⲡ"/>
		<feat xlink:href="#sSpan2564" value="ϫⲓⲛϫⲏ"/>
		<feat xlink:href="#sSpan2566" value="."/>
		<feat xlink:href="#sSpan2570" value="ϯ"/>
		<feat xlink:href="#sSpan2575" value="ⲛⲁ"/>
		<feat xlink:href="#sSpan2578" value="ⲧⲣⲉ"/>
		<feat xlink:href="#sSpan2580" value="ⲡⲟⲩ"/>
		<feat xlink:href="#sSpan2582" value="ϩⲏⲧ"/>
		<feat xlink:href="#sSpan2587" value="ⲙⲕⲁϩ"/>
		<feat xlink:href="#sSpan2591" value="."/>
		<feat xlink:href="#sSpan2595" value="ⲁⲩⲱ"/>
		<feat xlink:href="#sSpan2601" value="ϯ"/>
		<feat xlink:href="#sSpan2606" value="ⲛⲁ"/>
		<feat xlink:href="#sSpan2608" value="ⲧⲣⲉ"/>
		<feat xlink:href="#sSpan2610" value="ⲩ"/>
		<feat xlink:href="#sSpan2612" value="ⲉⲓⲣⲉ"/>
		<feat xlink:href="#sSpan2616" value="ⲛ"/>
		<feat xlink:href="#sSpan2620" value="ⲉ"/>
		<feat xlink:href="#sSpan2623" value="ⲕⲁⲧⲁ"/>
		<feat xlink:href="#sSpan2627" value="ⲡ"/>
		<feat xlink:href="#sSpan2630" value="ⲉⲛⲧ"/>
		<feat xlink:href="#sSpan2632" value="ⲁ"/>
		<feat xlink:href="#sSpan2634" value="ϥ"/>
		<feat xlink:href="#sSpan2636" value="ⲉⲓ"/>
		<feat xlink:href="#sSpan2639" value="ⲉⲃⲟⲗ"/>
		<feat xlink:href="#sSpan2644" value="ϩⲛ"/>
		<feat xlink:href="#sSpan2648" value="ⲧⲟⲩ"/>
		<feat xlink:href="#sSpan2650" value="ⲧⲁⲡⲣⲟ"/>
		<feat xlink:href="#sSpan2653" value="·"/>
		<feat xlink:href="#sSpan2659" value="ⲛⲁⲙⲉ"/>
		<feat xlink:href="#sSpan2669" value="ϯ"/>
		<feat xlink:href="#sSpan2673" value="ⲙⲟⲕϩ"/>
		<feat xlink:href="#sSpan2675" value="ⲛ"/>
		<feat xlink:href="#sSpan2680" value="ϩⲏⲧ"/>
		<feat xlink:href="#sSpan2682" value="ⲛⲁ"/>
		<feat xlink:href="#sSpan2686" value="ⲓ"/>
		<feat xlink:href="#sSpan2688" value=","/>
		<feat xlink:href="#sSpan2692" value="ⲛⲙⲙ"/>
		<feat xlink:href="#sSpan2697" value="ⲉ"/>
		<feat xlink:href="#sSpan2700" value=","/>
		<feat xlink:href="#sSpan2705" value="ⲏ"/>
		<feat xlink:href="#sSpan2709" value="ⲛⲙⲙⲏ"/>
		<feat xlink:href="#sSpan2713" value="ⲧⲛ"/>
		<feat xlink:href="#sSpan2717" value="·"/>
		<feat xlink:href="#sSpan2721" value="ⲉ"/>
		<feat xlink:href="#sSpan2726" value="ⲓ"/>
		<feat xlink:href="#sSpan2729" value="ⲣϩⲟⲧⲉ"/>
		<feat xlink:href="#sSpan2733" value="ϫⲉ"/>
		<feat xlink:href="#sSpan2739" value="ⲙⲏⲡⲟⲧⲉ"/>
		<feat xlink:href="#sSpan2741" value="ⲛ"/>
		<feat xlink:href="#sSpan2746" value="ⲧ"/>
		<feat xlink:href="#sSpan2748" value="ϩⲉ"/>
		<feat xlink:href="#sSpan2750" value="ⲉⲛⲧ"/>
		<feat xlink:href="#sSpan2754" value="ⲁ"/>
		<feat xlink:href="#sSpan2756" value="ⲡ"/>
		<feat xlink:href="#sSpan2759" value="ϩⲟϥ"/>
		<feat xlink:href="#sSpan2762" value="ⲉⲝⲁⲡⲁⲧⲁ"/>
		<feat xlink:href="#sSpan2767" value="ⲛ"/>
		<feat xlink:href="#sSpan2772" value="ⲉⲩϩⲁ"/>
		<feat xlink:href="#sSpan2774" value="ϩⲛ"/>
		<feat xlink:href="#sSpan2778" value="ⲧⲉϥ"/>
		<feat xlink:href="#sSpan2782" value="ⲡⲁⲛⲟⲩⲣⲅⲓⲁ"/>
		<feat xlink:href="#sSpan2785" value="ⲛ"/>
		<feat xlink:href="#sSpan2789" value="ⲥⲉ"/>
		<feat xlink:href="#sSpan2791" value="ⲧⲁⲕⲟ"/>
		<feat xlink:href="#sSpan2794" value="ⲛϭⲓ"/>
		<feat xlink:href="#sSpan2798" value="ⲛⲉⲧⲛ"/>
		<feat xlink:href="#sSpan2801" value="ϩⲏⲧ"/>
		<feat xlink:href="#sSpan2804" value="ⲉⲃⲟⲗ"/>
		<feat xlink:href="#sSpan2809" value="ϩⲛ"/>
		<feat xlink:href="#sSpan2813" value="ⲧ"/>
		<feat xlink:href="#sSpan2817" value="ⲙⲛⲧϩⲁⲡⲗⲟⲩⲥ"/>
		<feat xlink:href="#sSpan2823" value="ⲙⲛ"/>
		<feat xlink:href="#sSpan2828" value="ⲡ"/>
		<feat xlink:href="#sSpan2830" value="ⲧⲃⲃⲟ"/>
		<feat xlink:href="#sSpan2832" value="ⲉⲧ"/>
		<feat xlink:href="#sSpan2837" value="ϫⲓ"/>
		<feat xlink:href="#sSpan2840" value="ⲉϩⲟⲩⲛ"/>
		<feat xlink:href="#sSpan2844" value="ⲉ"/>
		<feat xlink:href="#sSpan2849" value="ⲡⲉ"/>
		<feat xlink:href="#sSpan2852" value="ⲭⲣⲓⲥⲧⲟⲥ"/>
		<feat xlink:href="#sSpan2855" value=":"/>
		<feat xlink:href="#sSpan2859" value="ⲉϣϫⲉ"/>
		<feat xlink:href="#sSpan2870" value="ⲧ"/>
		<feat xlink:href="#sSpan2874" value="ⲉⲧ"/>
		<feat xlink:href="#sSpan2876" value="ⲙⲙⲁⲩ"/>
		<feat xlink:href="#sSpan2878" value="ⲙⲡ"/>
		<feat xlink:href="#sSpan2883" value="ϥ"/>
		<feat xlink:href="#sSpan2885" value="ⲕⲁⲁ"/>
		<feat xlink:href="#sSpan2887" value="ⲥ"/>
		<feat xlink:href="#sSpan2889" value="ϩⲙ"/>
		<feat xlink:href="#sSpan2893" value="ⲡ"/>
		<feat xlink:href="#sSpan2897" value="ⲡⲁⲣⲁⲇⲉⲓⲥⲟⲥ"/>
		<feat xlink:href="#sSpan2900" value="ⲉ"/>
		<feat xlink:href="#sSpan2905" value="ϥ"/>
		<feat xlink:href="#sSpan2907" value="ⲛⲁ"/>
		<feat xlink:href="#sSpan2910" value="ϯⲥⲟ"/>
		<feat xlink:href="#sSpan2913" value="ⲉⲣⲟ"/>
		<feat xlink:href="#sSpan2918" value="."/>
		<feat xlink:href="#sSpan2923" value="ⲏ"/>
		<feat xlink:href="#sSpan2928" value="ⲉⲣⲱ"/>
		<feat xlink:href="#sSpan2932" value="ⲧⲛ"/>
		<feat xlink:href="#sSpan2934" value="ϩⲙ"/>
		<feat xlink:href="#sSpan2939" value="ⲡ"/>
		<feat xlink:href="#sSpan2941" value="ⲧⲣⲉ"/>
		<feat xlink:href="#sSpan2943" value="ⲧⲛ"/>
		<feat xlink:href="#sSpan2946" value="ⲕⲁⲙⲁ"/>
		<feat xlink:href="#sSpan2950" value="ⲛⲁ"/>
		<feat xlink:href="#sSpan2954" value="ϥ"/>
		<feat xlink:href="#sSpan2956" value="ⲛϩⲏⲧ"/>
		<feat xlink:href="#sSpan2962" value="ⲧⲏⲩⲧⲛ"/>
		<feat xlink:href="#sSpan2964" value="·"/>
		<feat xlink:href="#sSpan2968" value="ⲁⲩⲱ"/>
		<feat xlink:href="#sSpan2974" value="ⲛ"/>
		<feat xlink:href="#sSpan2978" value="ⲧⲉⲧⲛ"/>
		<feat xlink:href="#sSpan2980" value="ϣⲱⲡ"/>
		<feat xlink:href="#sSpan2983" value="ⲉⲣⲱ"/>
		<feat xlink:href="#sSpan2987" value="ⲧⲛ"/>
		<feat xlink:href="#sSpan2990" value="ⲛ"/>
		<feat xlink:href="#sSpan2994" value="ⲛⲉϥ"/>
		<feat xlink:href="#sSpan2996" value="ϣⲟϫⲛⲉ"/>
		<feat xlink:href="#sSpan2999" value="ⲛ"/>
		<feat xlink:href="#sSpan3003" value="ⲕⲣⲟϥ"/>
		<feat xlink:href="#sSpan3005" value="ⲙⲛ"/>
		<feat xlink:href="#sSpan3010" value="ⲛⲉϥ"/>
		<feat xlink:href="#sSpan3012" value="ϩⲃⲏⲩⲉ"/>
		<feat xlink:href="#sSpan3015" value="ⲙ"/>
		<feat xlink:href="#sSpan3021" value="ⲡⲟⲛⲏⲣⲟⲛ"/>
		<feat xlink:href="#sSpan3023" value="·"/>
		<feat xlink:href="#sSpan3027" value="ⲛ"/>
		<feat xlink:href="#sSpan3033" value="ϥ"/>
		<feat xlink:href="#sSpan3035" value="ⲛⲁ"/>
		<feat xlink:href="#sSpan3037" value="ϣϭⲙϭⲟⲙ"/>
		<feat xlink:href="#sSpan3041" value="ⲅⲁⲣ"/>
		<feat xlink:href="#sSpan3045" value="ⲁⲛ"/>
		<feat xlink:href="#sSpan3049" value="ⲉ"/>
		<feat xlink:href="#sSpan3053" value="ⲛ"/>
		<feat xlink:href="#sSpan3056" value="ⲉⲧ"/>
		<feat xlink:href="#sSpan3059" value="ⲣϩⲟⲧⲉ"/>
		<feat xlink:href="#sSpan3062" value="ϩⲏⲧ"/>
		<feat xlink:href="#sSpan3067" value="ϥ"/>
		<feat xlink:href="#sSpan3069" value="ⲙ"/>
		<feat xlink:href="#sSpan3073" value="ⲡ"/>
		<feat xlink:href="#sSpan3075" value="ⲛⲟⲩⲧⲉ"/>
		<feat xlink:href="#sSpan3080" value="."/>
		<feat xlink:href="#sSpan3084" value="ⲛⲁⲓ"/>
		<feat xlink:href="#sSpan3089" value="ⲉⲧⲉⲣⲉ"/>
		<feat xlink:href="#sSpan3094" value="ⲡⲉ"/>
		<feat xlink:href="#sSpan3097" value="ⲭⲣⲓⲥⲧⲟⲥ"/>
		<feat xlink:href="#sSpan3099" value="ϣⲟⲟⲡ"/>
		<feat xlink:href="#sSpan3105" value="ⲛⲁ"/>
		<feat xlink:href="#sSpan3109" value="ⲩ"/>
		<feat xlink:href="#sSpan3111" value="ⲛ"/>
		<feat xlink:href="#sSpan3116" value="ⲃⲟⲏⲑⲟⲥ"/>
		<feat xlink:href="#sSpan3120" value="ⲁⲩⲱ"/>
		<feat xlink:href="#sSpan3124" value="ⲛ"/>
		<feat xlink:href="#sSpan3130" value="ⲥⲕⲉⲡⲁⲥⲧⲏⲥ"/>
		<feat xlink:href="#sSpan3133" value="·"/>
		<feat xlink:href="#sSpan3137" value="ⲛ"/>
		<feat xlink:href="#sSpan3143" value="ⲧ"/>
		<feat xlink:href="#sSpan3145" value="ϩⲉ"/>
		<feat xlink:href="#sSpan3147" value="ⲉⲧ"/>
		<feat xlink:href="#sSpan3151" value="ⲥⲏϩ"/>
		<feat xlink:href="#sSpan3153" value="ϫⲉ"/>
		<feat xlink:href="#sSpan3158" value="ⲡ"/>
		<feat xlink:href="#sSpan3160" value="ⲉⲧ"/>
		<feat xlink:href="#sSpan3162" value="ⲙⲓϣⲉ"/>
		<feat xlink:href="#sSpan3165" value="ⲉϫⲱ"/>
		<feat xlink:href="#sSpan3170" value="ⲕ"/>
		<feat xlink:href="#sSpan3172" value="ⲡⲉ"/>
		<feat xlink:href="#sSpan3176" value="ⲡⲉⲕ"/>
		<feat xlink:href="#sSpan3181" value="ⲃⲟⲏⲑⲟⲥ"/>
		<feat xlink:href="#sSpan3184" value=","/>
		<feat xlink:href="#sSpan3188" value="ⲁⲩⲱ"/>
		<feat xlink:href="#sSpan3193" value="ⲧ"/>
		<feat xlink:href="#sSpan3198" value="ⲥⲏϥⲉ"/>
		<feat xlink:href="#sSpan3200" value="ⲡⲉ"/>
		<feat xlink:href="#sSpan3204" value="ⲙ"/>
		<feat xlink:href="#sSpan3208" value="ⲡⲉⲕ"/>
		<feat xlink:href="#sSpan3211" value="ϣⲟⲩϣⲟⲩ"/>
		<feat xlink:href="#sSpan3214" value="ⲁⲩⲱ"/>
		<feat xlink:href="#sSpan3219" value="ⲡ"/>
		<feat xlink:href="#sSpan3223" value="ⲉⲟⲟⲩ"/>
		<feat xlink:href="#sSpan3225" value="ⲙ"/>
		<feat xlink:href="#sSpan3230" value="ⲡⲉ"/>
		<feat xlink:href="#sSpan3233" value="ⲥⲧⲉⲣⲉⲱⲙⲁ"/>
		<feat xlink:href="#sSpan3237" value="·"/>
		<feat xlink:href="#sSpan3241" value="ⲡ"/>
		<feat xlink:href="#sSpan3249" value="ⲉⲧ"/>
		<feat xlink:href="#sSpan3252" value="ⲛⲁ"/>
		<feat xlink:href="#sSpan3255" value="ⲙⲉⲣⲉ"/>
		<feat xlink:href="#sSpan3257" value="ⲡ"/>
		<feat xlink:href="#sSpan3260" value="ⲡⲉⲧϩⲟⲟⲩ"/>
		<feat xlink:href="#sSpan3265" value=","/>
		<feat xlink:href="#sSpan3269" value="ⲛⲧⲟϥ"/>
		<feat xlink:href="#sSpan3274" value="ⲡ"/>
		<feat xlink:href="#sSpan3279" value="ⲉⲧ"/>
		<feat xlink:href="#sSpan3281" value="ⲛⲁ"/>
		<feat xlink:href="#sSpan3283" value="ⲧⲁⲕⲟ"/>
		<feat xlink:href="#sSpan3285" value="·"/>
		<feat xlink:href="#sSpan3289" value="ⲁⲩⲱ"/>
		<feat xlink:href="#sSpan3295" value="ⲛⲧⲟϥ"/>
		<feat xlink:href="#sSpan3299" value="ⲡ"/>
		<feat xlink:href="#sSpan3303" value="ⲉⲧ"/>
		<feat xlink:href="#sSpan3308" value="ⲉⲣⲉ"/>
		<feat xlink:href="#sSpan3310" value="ⲡ"/>
		<feat xlink:href="#sSpan3313" value="ⲇⲓⲁⲃⲟⲗⲟⲥ"/>
		<feat xlink:href="#sSpan3317" value="ⲛⲁ"/>
		<feat xlink:href="#sSpan3321" value="ϭⲙϭⲟⲙ"/>
		<feat xlink:href="#sSpan3324" value="ⲉⲣⲟ"/>
		<feat xlink:href="#sSpan3329" value="ϥ"/>
		<feat xlink:href="#sSpan3331" value="ϩⲛ"/>
		<feat xlink:href="#sSpan3335" value="ⲛⲉϥ"/>
		<feat xlink:href="#sSpan3338" value="ϩⲃⲏⲩⲉ"/>
		<feat xlink:href="#sSpan3341" value="ⲙ"/>
		<feat xlink:href="#sSpan3346" value="ⲙⲛⲧⲣⲉϥϩⲉⲧⲃⲯⲩⲭⲏ"/>
		<feat xlink:href="#sSpan3355" value="·"/>
		<feat xlink:href="#sSpan3359" value="ⲡ"/>
		<feat xlink:href="#sSpan3365" value="ⲥⲟⲫⲟⲥ"/>
		<feat xlink:href="#sSpan3370" value="ⲇⲉ"/>
		<feat xlink:href="#sSpan3375" value="ⲛⲧⲟϥ"/>
		<feat xlink:href="#sSpan3379" value="ⲉⲧ"/>
		<feat xlink:href="#sSpan3383" value="ⲙⲉ"/>
		<feat xlink:href="#sSpan3386" value="ⲛ"/>
		<feat xlink:href="#sSpan3390" value="ⲧⲉ"/>
		<feat xlink:href="#sSpan3392" value="ⲥⲃⲱ"/>
		<feat xlink:href="#sSpan3394" value="."/>
		<feat xlink:href="#sSpan3398" value="ϥ"/>
		<feat xlink:href="#sSpan3403" value="ⲛⲁ"/>
		<feat xlink:href="#sSpan3405" value="ϣⲱⲡ"/>
		<feat xlink:href="#sSpan3407" value="ⲉⲣⲟ"/>
		<feat xlink:href="#sSpan3412" value="ϥ"/>
		<feat xlink:href="#sSpan3414" value="ⲛ"/>
		<feat xlink:href="#sSpan3418" value="ⲧ"/>
		<feat xlink:href="#sSpan3421" value="ⲉⲛⲧⲟⲗⲏ"/>
		<feat xlink:href="#sSpan3426" value="·"/>
		<feat xlink:href="#sSpan3430" value="ⲁⲩⲱ"/>
		<feat xlink:href="#sSpan3435" value="ⲡ"/>
		<feat xlink:href="#sSpan3440" value="ⲣⲙⲛϩⲏⲧ"/>
		<feat xlink:href="#sSpan3445" value="ⲉⲧ"/>
		<feat xlink:href="#sSpan3450" value="ⲣϩⲟⲧⲉ"/>
		<feat xlink:href="#sSpan3454" value="ϩⲏⲧ"/>
		<feat xlink:href="#sSpan3458" value="ϥ"/>
		<feat xlink:href="#sSpan3460" value="ⲙ"/>
		<feat xlink:href="#sSpan3464" value="ⲡ"/>
		<feat xlink:href="#sSpan3467" value="ϫⲟⲉⲓⲥ"/>
		<feat xlink:href="#sSpan3470" value="·"/>
		<feat xlink:href="#sSpan3474" value="ⲛⲁ"/>
		<feat xlink:href="#sSpan3478" value="ϫⲡⲟ"/>
		<feat xlink:href="#sSpan3481" value="ⲛⲁ"/>
		<feat xlink:href="#sSpan3485" value="ϥ"/>
		<feat xlink:href="#sSpan3487" value="ⲛ"/>
		<feat xlink:href="#sSpan3491" value="ⲟⲩ"/>
		<feat xlink:href="#sSpan3494" value="ⲣϩⲙⲙⲉ"/>
		<feat xlink:href="#sSpan3498" value="·"/>
		<feat xlink:href="#sSpan3503" value="ⲡⲗⲏⲛ"/>
		<feat xlink:href="#sSpan3512" value="ⲙⲁⲣ"/>
		<feat xlink:href="#sSpan3516" value="ⲓ"/>
		<feat xlink:href="#sSpan3518" value="ⲥⲱⲧⲙ"/>
		<feat xlink:href="#sSpan3522" value="ϫⲉ"/>
		<feat xlink:href="#sSpan3526" value="ⲁⲣ"/>
		<feat xlink:href="#sSpan3529" value="ϯⲙⲧⲟⲛ"/>
		<feat xlink:href="#sSpan3534" value="ⲛ"/>
		<feat xlink:href="#sSpan3538" value="ⲛⲟⲩ"/>
		<feat xlink:href="#sSpan3540" value="ⲉⲓⲟⲧⲉ"/>
		<feat xlink:href="#sSpan3543" value="ⲉⲧ"/>
		<feat xlink:href="#sSpan3547" value="ϩⲙ"/>
		<feat xlink:href="#sSpan3549" value="ⲡ"/>
		<feat xlink:href="#sSpan3552" value="ⲙⲁ"/>
		<feat xlink:href="#sSpan3554" value="ⲛⲙⲙ"/>
		<feat xlink:href="#sSpan3559" value="ⲉ"/>
		<feat xlink:href="#sSpan3561" value="."/>
		<feat xlink:href="#sSpan3565" value="ⲁⲩⲱ"/>
		<feat xlink:href="#sSpan3571" value="ⲛ"/>
		<feat xlink:href="#sSpan3575" value="ⲧⲉ"/>
		<feat xlink:href="#sSpan3577" value="ⲥⲱⲧⲙ"/>
		<feat xlink:href="#sSpan3580" value="ⲛⲥⲱ"/>
		<feat xlink:href="#sSpan3584" value="ⲟⲩ"/>
		<feat xlink:href="#sSpan3586" value="ϩⲛ"/>
		<feat xlink:href="#sSpan3591" value="ϩⲱⲃ"/>
		<feat xlink:href="#sSpan3595" value="ⲛⲓⲙ"/>
		<feat xlink:href="#sSpan3599" value="·"/>
		<feat xlink:href="#sSpan3603" value="ⲧⲁⲣⲉ"/>
		<feat xlink:href="#sSpan3609" value="ⲡⲉⲛ"/>
		<feat xlink:href="#sSpan3611" value="ϩⲏⲧ"/>
		<feat xlink:href="#sSpan3613" value="ⲙⲧⲟⲛ"/>
		<feat xlink:href="#sSpan3619" value="·"/>
		<feat xlink:href="#sSpan3623" value="ⲁⲩⲱ"/>
		<feat xlink:href="#sSpan3628" value="ⲛⲧⲟ"/>
		<feat xlink:href="#sSpan3633" value="ϩⲱⲱ"/>
		<feat xlink:href="#sSpan3637" value="ⲧⲉ"/>
		<feat xlink:href="#sSpan3640" value="ⲛ"/>
		<feat xlink:href="#sSpan3645" value="ⲧⲉ"/>
		<feat xlink:href="#sSpan3647" value="ⲥⲉⲓ"/>
		<feat xlink:href="#sSpan3649" value="ⲙ"/>
		<feat xlink:href="#sSpan3653" value="ⲡⲟⲩ"/>
		<feat xlink:href="#sSpan3656" value="ⲧⲱⲧ"/>
		<feat xlink:href="#sSpan3659" value="ⲛ"/>
		<feat xlink:href="#sSpan3663" value="ϩⲏⲧ"/>
		<feat xlink:href="#sSpan3665" value="·"/>
		<feat xlink:href="#sSpan3671" value="ⲉϣⲱⲡⲉ"/>
		<feat xlink:href="#sSpan3682" value="ⲇⲉ"/>
		<feat xlink:href="#sSpan3687" value="ⲟⲛ"/>
		<feat xlink:href="#sSpan3691" value="·"/>
		<feat xlink:href="#sSpan3695" value="ⲉ"/>
		<feat xlink:href="#sSpan3700" value="ⲟⲩⲛⲧ"/>
		<feat xlink:href="#sSpan3702" value="ⲉ"/>
		<feat xlink:href="#sSpan3704" value="ⲟⲩ"/>
		<feat xlink:href="#sSpan3708" value="ϣⲁϫⲉ"/>
		<feat xlink:href="#sSpan3711" value="ⲉ"/>
		<feat xlink:href="#sSpan3715" value="ϫⲟⲟ"/>
		<feat xlink:href="#sSpan3718" value="ϥ"/>
		<feat xlink:href="#sSpan3720" value="."/>
		<feat xlink:href="#sSpan3724" value="ⲉⲓⲥ"/>
		<feat xlink:href="#sSpan3729" value="ⲛ"/>
		<feat xlink:href="#sSpan3733" value="ϩⲗⲗⲟⲓ"/>
		<feat xlink:href="#sSpan3735" value="ⲛⲉⲛ"/>
		<feat xlink:href="#sSpan3740" value="ⲉⲓⲟⲧⲉ"/>
		<feat xlink:href="#sSpan3742" value="ⲁⲩⲱ"/>
		<feat xlink:href="#sSpan3747" value="ⲛⲉⲛ"/>
		<feat xlink:href="#sSpan3751" value="ⲥⲛⲏⲩ"/>
		<feat xlink:href="#sSpan3754" value="ⲁ"/>
		<feat xlink:href="#sSpan3759" value="ⲩ"/>
		<feat xlink:href="#sSpan3761" value="ⲉⲓ"/>
		<feat xlink:href="#sSpan3763" value="ϣⲁⲣⲱ"/>
		<feat xlink:href="#sSpan3767" value="ⲧⲛ"/>
		<feat xlink:href="#sSpan3770" value="·"/>
		<feat xlink:href="#sSpan3774" value="ⲧⲁⲩⲟⲩⲟ"/>
		<feat xlink:href="#sSpan3780" value="ϥ"/>
		<feat xlink:href="#sSpan3782" value="ⲉⲣⲟ"/>
		<feat xlink:href="#sSpan3787" value="ⲟⲩ"/>
		<feat xlink:href="#sSpan3791" value="·"/>
		<feat xlink:href="#sSpan3795" value="ⲁⲩⲱ"/>
		<feat xlink:href="#sSpan3799" value="ⲛⲧⲱⲧⲛ"/>
		<feat xlink:href="#sSpan3804" value="ⲧⲏⲣ"/>
		<feat xlink:href="#sSpan3808" value="ⲧⲛ"/>
		<feat xlink:href="#sSpan3810" value="·"/>
		<feat xlink:href="#sSpan3814" value="ⲡⲉ"/>
		<feat xlink:href="#sSpan3820" value="ⲟⲩⲛⲧⲏ"/>
		<feat xlink:href="#sSpan3824" value="ⲧⲛ"/>
		<feat xlink:href="#sSpan3826" value="ϣⲁϫⲉ"/>
		<feat xlink:href="#sSpan3831" value="ⲙⲙⲁⲩ"/>
		<feat xlink:href="#sSpan3836" value="ⲏ"/>
		<feat xlink:href="#sSpan3841" value="ⲗⲁⲁⲩ"/>
		<feat xlink:href="#sSpan3845" value="ⲛ"/>
		<feat xlink:href="#sSpan3849" value="ϩⲱⲃ"/>
		<feat xlink:href="#sSpan3851" value="·"/>
		<feat xlink:href="#sSpan3855" value="ϩⲙ"/>
		<feat xlink:href="#sSpan3860" value="ⲡⲉⲧⲛ"/>
		<feat xlink:href="#sSpan3862" value="ⲙⲁ"/>
		<feat xlink:href="#sSpan3864" value="·"/>
		<feat xlink:href="#sSpan3868" value="ⲙⲡⲣ"/>
		<feat xlink:href="#sSpan3874" value="ϭⲱ"/>
		<feat xlink:href="#sSpan3876" value="ⲛ"/>
		<feat xlink:href="#sSpan3880" value="ⲟⲩⲉϣ"/>
		<feat xlink:href="#sSpan3883" value="ⲛ"/>
		<feat xlink:href="#sSpan3887" value="ⲧⲁⲙⲟ"/>
		<feat xlink:href="#sSpan3889" value="ⲟⲩ"/>
		<feat xlink:href="#sSpan3891" value="ⲛ"/>
		<feat xlink:href="#sSpan3897" value="ⲧⲉⲧⲛ"/>
		<feat xlink:href="#sSpan3899" value="ⲧⲙ"/>
		<feat xlink:href="#sSpan3901" value="ϩⲉⲡ"/>
		<feat xlink:href="#sSpan3904" value="ⲗⲁⲁⲩ"/>
		<feat xlink:href="#sSpan3907" value="ⲛ"/>
		<feat xlink:href="#sSpan3911" value="ϩⲱⲃ"/>
		<feat xlink:href="#sSpan3913" value="ⲉⲣⲟ"/>
		<feat xlink:href="#sSpan3918" value="ⲟⲩ"/>
		<feat xlink:href="#sSpan3921" value="·"/>
		<feat xlink:href="#sSpan3925" value="ϫⲉⲕⲁⲥ"/>
		<feat xlink:href="#sSpan3930" value="ⲉⲣⲉ"/>
		<feat xlink:href="#sSpan3935" value="ⲡⲉⲛ"/>
		<feat xlink:href="#sSpan3937" value="ϩⲏⲧ"/>
		<feat xlink:href="#sSpan3939" value="ⲛⲁ"/>
		<feat xlink:href="#sSpan3944" value="ⲙⲧⲟⲛ"/>
		<feat xlink:href="#sSpan3946" value="ⲧⲏⲣ"/>
		<feat xlink:href="#sSpan3951" value="ⲛ"/>
		<feat xlink:href="#sSpan3953" value="ϩⲓ"/>
		<feat xlink:href="#sSpan3957" value="ⲟⲩ"/>
		<feat xlink:href="#sSpan3959" value="ⲥⲟⲡ"/>
		<feat xlink:href="#sSpan3961" value="ⲁⲛⲟⲛ"/>
		<feat xlink:href="#sSpan3966" value="ⲁⲩⲱ"/>
		<feat xlink:href="#sSpan3970" value="ⲛⲧⲱⲧⲛ"/>
		<feat xlink:href="#sSpan3976" value="·"/>
		<feat xlink:href="#sSpan3980" value="ⲁⲩⲱ"/>
		<feat xlink:href="#sSpan3985" value="ⲟⲛ"/>
		<feat xlink:href="#sSpan3990" value="ⲛⲧⲉ"/>
		<feat xlink:href="#sSpan3994" value="ⲡ"/>
		<feat xlink:href="#sSpan3996" value="ϫⲟⲉⲓⲥ"/>
		<feat xlink:href="#sSpan3999" value="ⲧⲱⲧ"/>
		<feat xlink:href="#sSpan4003" value="ⲛ"/>
		<feat xlink:href="#sSpan4007" value="ϩⲏⲧ"/>
		<feat xlink:href="#sSpan4010" value="ⲉϫⲱ"/>
		<feat xlink:href="#sSpan4014" value="ⲛ"/>
		<feat xlink:href="#sSpan4016" value=":"/></featList></paula>