<?xml version='1.0' encoding='UTF-8'?><!DOCTYPE paula SYSTEM "paula_feat.dtd">
<paula version="1.1">
	<header paula_id="scriptorium.BKU_1_5.mark_orig"/>
	<featList xmlns:xlink="http://www.w3.org/1999/xlink" type="orig" xml:base="scriptorium.BKU_1_5.mark.xml">
		<feat xlink:href="#sSpan4" value="[...]"/>
		<feat xlink:href="#sSpan12" value="ⲧⲓ"/>
		<feat xlink:href="#sSpan17" value="ⲉⲡⲓⲕⲁⲗⲉ"/>
		<feat xlink:href="#sSpan19" value="ⲙ̅ⲙⲟ"/>
		<feat xlink:href="#sSpan23" value="ⲕ"/>
		<feat xlink:href="#sSpan25" value="ⲙ̅"/>
		<feat xlink:href="#sSpan29" value="ⲡ"/>
		<feat xlink:href="#sSpan32" value="ⲟⲟⲩ"/>
		<feat xlink:href="#sSpan34" value="ⲥⲟⲩⲣⲟⲭⲭⲁⲧⲁ"/>
		<feat xlink:href="#sSpan40" value="ⲛⲓ"/>
		<feat xlink:href="#sSpan45" value="ϫ̣[ⲱⲱ]ⲣⲉ"/>
		<feat xlink:href="#sSpan47" value="ϩⲛ̅"/>
		<feat xlink:href="#sSpan51" value="ⲧⲉⲩ"/>
		<feat xlink:href="#sSpan54" value="ϭⲱⲙ"/>
		<feat xlink:href="#sSpan56" value="ⲛ"/>
		<feat xlink:href="#sSpan61" value="ⲉⲧ"/>
		<feat xlink:href="#sSpan63" value="ⲟⲩⲱϣϥ"/>
		<feat xlink:href="#sSpan66" value="ⲉ"/>
		<feat xlink:href="#sSpan70" value="ⲛⲉⲛ̅"/>
		<feat xlink:href="#sSpan74" value="ⲡⲉⲧⲣⲉ"/>
		<feat xlink:href="#sSpan76" value="ϩⲛ̅"/>
		<feat xlink:href="#sSpan80" value="ⲟⲩ"/>
		<feat xlink:href="#sSpan83" value="ⲃⲱⲗ"/>
		<feat xlink:href="#sSpan86" value="ⲉⲃⲟⲗ"/>
		<feat xlink:href="#sSpan90" value="ⲙⲁⲣⲉ"/>
		<feat xlink:href="#sSpan95" value="ⲡⲁ"/>
		<feat xlink:href="#sSpan98" value="ϩⲣⲟⲟⲩ"/>
		<feat xlink:href="#sSpan100" value="ⲉⲓ"/>
		<feat xlink:href="#sSpan104" value="ϣⲁⲣⲟ"/>
		<feat xlink:href="#sSpan108" value="ⲧⲛ̅"/>
		<feat xlink:href="#sSpan110" value="ⲛ"/>
		<feat xlink:href="#sSpan115" value="ⲉⲧ"/>
		<feat xlink:href="#sSpan117" value="ⲃⲱ"/>
		<feat xlink:href="#sSpan119" value="ⲉⲃⲟⲗ"/>
		<feat xlink:href="#sSpan123" value="ⲉ"/>
		<feat xlink:href="#sSpan128" value="ⲛ̣ⲉⲙ̅"/>
		<feat xlink:href="#sSpan131" value="ⲙⲟⲧ"/>
		<feat xlink:href="#sSpan133" value="ⲙⲛ"/>
		<feat xlink:href="#sSpan137" value="ⲉⲛ"/>
		<feat xlink:href="#sSpan140" value="ⲙⲏⲣⲉ"/>
		<feat xlink:href="#sSpan142" value="ⲙⲛ̇"/>
		<feat xlink:href="#sSpan146" value="ⲉⲛ"/>
		<feat xlink:href="#sSpan150" value="ϩⲁⲣⲙⲟⲥ"/>
		<feat xlink:href="#sSpan152" value="ⲉⲧⲉ"/>
		<feat xlink:href="#sSpan156" value="ⲧⲛ̅"/>
		<feat xlink:href="#sSpan158" value="ⲃⲱⲗ"/>
		<feat xlink:href="#sSpan161" value="ⲉⲃⲟⲗ"/>
		<feat xlink:href="#sSpan166" value="ⲉ"/>
		<feat xlink:href="#sSpan170" value="ⲛⲉⲙ̅"/>
		<feat xlink:href="#sSpan173" value="ⲙⲟⲩⲧ"/>
		<feat xlink:href="#sSpan175" value="ⲙ̅"/>
		<feat xlink:href="#sSpan179" value="ⲙⲉⲓ̣ϣⲉ"/>
		<feat xlink:href="#sSpan181" value="ⲛⲓⲙ̅"/>
		<feat xlink:href="#sSpan185" value="ϣⲁ̅"/>
		<feat xlink:href="#sSpan189" value="ⲉⲓⲛⲏϩ"/>
		<feat xlink:href="#sSpan192" value="ⲟⲩⲟⲉⲓϣ"/>
		<feat xlink:href="#sSpan199" value="ϩⲁⲓⲟ"/>
		<feat xlink:href="#sSpan203" value="ⲧⲓ"/>
		<feat xlink:href="#sSpan209" value="ⲱⲣⲉⲕ"/>
		<feat xlink:href="#sSpan211" value="ⲉⲣⲟ"/>
		<feat xlink:href="#sSpan215" value="ⲧⲛ̅"/>
		<feat xlink:href="#sSpan217" value="ⲧⲓ"/>
		<feat xlink:href="#sSpan223" value="ⲱⲣⲉⲕ"/>
		<feat xlink:href="#sSpan225" value="ⲉ"/>
		<feat xlink:href="#sSpan229" value="ⲛⲉⲧⲛ"/>
		<feat xlink:href="#sSpan233" value="ⲣⲁⲛ"/>
		<feat xlink:href="#sSpan235" value="ⲙⲛ̇"/>
		<feat xlink:href="#sSpan239" value="ⲛⲉⲧⲛ"/>
		<feat xlink:href="#sSpan243" value="ⲫⲏⲗⲁⲕⲧⲏⲣⲱⲛ"/>
		<feat xlink:href="#sSpan245" value="ϩⲁⲓ̣ⲟ̣"/>
		<feat xlink:href="#sSpan252" value="ϩ̣ⲁ̣ⲓ̣[ⲟ]"/></featList></paula>