<?xml version="1.0" encoding="UTF-8" standalone="no"?>

<!DOCTYPE paula SYSTEM "paula_mark.dtd">
<paula version="1.0">

<header paula_id="coref.AP.172.antonius_entitySeg"/>

<markList xmlns:xlink="http://www.w3.org/1999/xlink" type="entitySeg" xml:base="AP.172.antonius.tok.xml">
<mark id="entity_6" xlink:href="#xpointer(id('tok_6')/range-to(id('tok_8')))"/><!-- ⲁⲡⲁ...ⲧⲱⲛⲓ̇ⲟⲥ -->
<mark id="entity_10" xlink:href="#xpointer(id('tok_10')/range-to(id('tok_11')))"/><!-- ⲡ̇...ϫⲁⲓ̇ⲉ̇ -->
<mark id="entity_15" xlink:href="#tok_15"/><!-- ⲟⲩⲁ̇ -->
<mark id="entity_22" xlink:href="#xpointer(id('tok_22')/range-to(id('tok_23')))"/><!-- ⲧ̇...ⲡⲟⲗⲓⲥ -->
<mark id="entity_26" xlink:href="#xpointer(id('tok_26')/range-to(id('tok_27')))"/><!-- ⲩ...ⲥⲁⲉⲓ̈ⲛ -->
<mark id="entity_31" xlink:href="#tok_31"/><!-- ⲧⲉⲭⲛⲉ -->
<mark id="entity_37" xlink:href="#xpointer(id('tok_37')/range-to(id('tok_38')))"/><!-- ⲡⲉϥ...ϩⲟⲩⲟ̇ -->
<mark id="entity_40" xlink:href="#xpointer(id('tok_40')/range-to(id('tok_42')))"/><!-- ⲛ...ϣⲁⲁ̇ⲧ -->
<mark id="entity_48" xlink:href="#xpointer(id('tok_48')/range-to(id('tok_51')))"/><!-- ⲡⲉ...ϥ̇ -->
<mark id="entity_56" xlink:href="#xpointer(id('tok_56')/range-to(id('tok_60')))"/><!-- ⲡ̇...ϩⲁⲅⲓ̈ⲟⲥ -->
<mark id="entity_62" xlink:href="#xpointer(id('tok_62')/range-to(id('tok_63')))"/><!-- ⲛ...ⲁⲅⲅⲉⲗⲟⲥ -->
</markList>
</paula>
