<?xml version='1.0' encoding='UTF-8'?><!DOCTYPE paula SYSTEM "paula_feat.dtd">
<paula version="1.1">
	<header paula_id="scriptorium.01_Genesis_07.mark_lemma"/>
	<featList xmlns:xlink="http://www.w3.org/1999/xlink" type="lemma" xml:base="scriptorium.01_Genesis_07.mark.xml">
		<feat xlink:href="#sSpan2" value="ⲁⲩⲱ"/>
		<feat xlink:href="#sSpan4" value="ⲁ"/>
		<feat xlink:href="#sSpan6" value="ⲡ"/>
		<feat xlink:href="#sSpan7" value="ϫⲟⲉⲓⲥ"/>
		<feat xlink:href="#sSpan8" value="ⲡ"/>
		<feat xlink:href="#sSpan10" value="ⲛⲟⲩⲧⲉ"/>
		<feat xlink:href="#sSpan11" value="ϣⲁϫⲉ"/>
		<feat xlink:href="#sSpan13" value="ⲙⲛ"/>
		<feat xlink:href="#sSpan15" value="ⲛⲱϩⲉ"/>
		<feat xlink:href="#sSpan16" value="ⲉⲣⲉ"/>
		<feat xlink:href="#sSpan18" value="ⲛⲧⲟϥ"/>
		<feat xlink:href="#sSpan19" value="ϫⲱ"/>
		<feat xlink:href="#sSpan20" value="ⲛ"/>
		<feat xlink:href="#sSpan22" value="ⲛⲧⲟⲥ"/>
		<feat xlink:href="#sSpan23" value="ⲛⲁ"/>
		<feat xlink:href="#sSpan25" value="ⲛⲧⲟϥ"/>
		<feat xlink:href="#sSpan26" value="ϫⲉ"/>
		<feat xlink:href="#sSpan28" value="ⲃⲱⲕ"/>
		<feat xlink:href="#sSpan30" value="ⲉϩⲟⲩⲛ"/>
		<feat xlink:href="#sSpan32" value="ⲉ"/>
		<feat xlink:href="#sSpan34" value="ⲡ"/>
		<feat xlink:href="#sSpan35" value="ⲕⲓⲃⲱⲧⲟⲥ"/>
		<feat xlink:href="#sSpan36" value="ⲛⲧⲟⲕ"/>
		<feat xlink:href="#sSpan38" value="ⲙⲛ"/>
		<feat xlink:href="#sSpan40" value="ⲛⲁ"/>
		<feat xlink:href="#sSpan41" value="ⲡⲉⲕ"/>
		<feat xlink:href="#sSpan42" value="ⲏⲓ"/>
		<feat xlink:href="#sSpan43" value="ⲧⲏⲣ"/>
		<feat xlink:href="#sSpan45" value="ⲛⲧⲟⲟⲩ"/>
		<feat xlink:href="#sSpan46" value="ϫⲉ"/>
		<feat xlink:href="#sSpan48" value="ⲛⲧⲟⲕ"/>
		<feat xlink:href="#sSpan49" value="ⲡ"/>
		<feat xlink:href="#sSpan51" value="ⲉⲧⲉⲣⲉ"/>
		<feat xlink:href="#sSpan52" value="ⲁ"/>
		<feat xlink:href="#sSpan53" value="ⲁⲛⲟⲕ"/>
		<feat xlink:href="#sSpan54" value="ⲛⲁⲩ"/>
		<feat xlink:href="#sSpan55" value="ⲉ"/>
		<feat xlink:href="#sSpan57" value="ⲛⲧⲟⲕ"/>
		<feat xlink:href="#sSpan58" value="ⲛ"/>
		<feat xlink:href="#sSpan60" value="ⲇⲓⲕⲁⲓⲟⲥ"/>
		<feat xlink:href="#sSpan61" value="ⲁⲩⲱ"/>
		<feat xlink:href="#sSpan63" value="ⲛ"/>
		<feat xlink:href="#sSpan65" value="ⲡ"/>
		<feat xlink:href="#sSpan66" value="ⲗⲓⲟⲥ"/>
		<feat xlink:href="#sSpan67" value="ⲛ"/>
		<feat xlink:href="#sSpan69" value="ⲡⲁ"/>
		<feat xlink:href="#sSpan70" value="ⲙⲧⲟ"/>
		<feat xlink:href="#sSpan71" value="ⲉⲃⲟⲗ"/>
		<feat xlink:href="#sSpan74" value="ϩⲛ"/>
		<feat xlink:href="#sSpan76" value="ⲡⲉⲓ"/>
		<feat xlink:href="#sSpan77" value="ⲅⲉⲛⲉⲁ"/>
		<feat xlink:href="#sSpan79" value="ⲧⲉⲛⲟⲩ"/>
		<feat xlink:href="#sSpan81" value="ϭⲉ"/>
		<feat xlink:href="#sSpan83" value="ϫⲓ"/>
		<feat xlink:href="#sSpan85" value="ⲉϩⲟⲩⲛ"/>
		<feat xlink:href="#sSpan87" value="ⲙⲛ"/>
		<feat xlink:href="#sSpan89" value="ⲛⲧⲟⲕ"/>
		<feat xlink:href="#sSpan90" value="ⲉⲃⲟⲗ"/>
		<feat xlink:href="#sSpan93" value="ϩⲛ"/>
		<feat xlink:href="#sSpan95" value="ⲛⲧⲃⲛⲟⲟⲩ"/>
		<feat xlink:href="#sSpan96" value="ⲉⲧⲉⲣⲉ"/>
		<feat xlink:href="#sSpan98" value="ⲟⲩⲟⲡ"/>
		<feat xlink:href="#sSpan99" value="ⲥⲁϣϥ"/>
		<feat xlink:href="#sSpan101" value="ⲥⲁϣϥ"/>
		<feat xlink:href="#sSpan103" value="ⲟⲩ"/>
		<feat xlink:href="#sSpan105" value="ϩⲟⲟⲩⲧ"/>
		<feat xlink:href="#sSpan106" value="ⲙⲛ"/>
		<feat xlink:href="#sSpan108" value="ⲟⲩ"/>
		<feat xlink:href="#sSpan109" value="ⲥϩⲓⲙⲉ"/>
		<feat xlink:href="#sSpan110" value="ⲁⲩⲱ"/>
		<feat xlink:href="#sSpan112" value="ⲉⲃⲟⲗ"/>
		<feat xlink:href="#sSpan115" value="ϩⲛ"/>
		<feat xlink:href="#sSpan117" value="ⲡ"/>
		<feat xlink:href="#sSpan118" value="ⲧⲃⲛⲏ"/>
		<feat xlink:href="#sSpan119" value="ⲉⲧⲉⲣⲉ"/>
		<feat xlink:href="#sSpan121" value="ⲛⲧⲉ"/>
		<feat xlink:href="#sSpan122" value="ⲛⲧⲟⲟⲩ"/>
		<feat xlink:href="#sSpan123" value="ⲟⲩⲟⲡ"/>
		<feat xlink:href="#sSpan124" value="ⲁⲛ"/>
		<feat xlink:href="#sSpan126" value="ⲥⲛⲁⲩ"/>
		<feat xlink:href="#sSpan128" value="ⲥⲛⲁⲩ"/>
		<feat xlink:href="#sSpan130" value="ⲟⲩ"/>
		<feat xlink:href="#sSpan132" value="ϩⲟⲟⲩⲧ"/>
		<feat xlink:href="#sSpan133" value="ⲙⲛ"/>
		<feat xlink:href="#sSpan135" value="ⲟⲩ"/>
		<feat xlink:href="#sSpan136" value="ⲥϩⲓⲙⲉ"/>
		<feat xlink:href="#sSpan138" value="ⲉⲕⲉ"/>
		<feat xlink:href="#sSpan140" value="ⲥⲁⲁⲛϣ"/>
		<feat xlink:href="#sSpan141" value="ⲛⲧⲟⲟⲩ"/>
		<feat xlink:href="#sSpan142" value="ⲙⲛ"/>
		<feat xlink:href="#sSpan144" value="ⲛⲧⲟⲕ"/>
		<feat xlink:href="#sSpan145" value="ⲉ"/>
		<feat xlink:href="#sSpan147" value="ⲟⲩ"/>
		<feat xlink:href="#sSpan148" value="ⲥⲡⲉⲣⲙⲁ"/>
		<feat xlink:href="#sSpan149" value="ϩⲓϫⲛ"/>
		<feat xlink:href="#sSpan151" value="ⲡ"/>
		<feat xlink:href="#sSpan152" value="ⲕⲁϩ"/>
		<feat xlink:href="#sSpan153" value="ⲧⲏⲣ"/>
		<feat xlink:href="#sSpan155" value="ⲛⲧⲟϥ"/>
		<feat xlink:href="#sSpan157" value="ⲉ"/>
		<feat xlink:href="#sSpan159" value="ⲡ"/>
		<feat xlink:href="#sSpan160" value="ⲕⲓⲃⲱⲧⲟⲥ"/>
		<feat xlink:href="#sSpan161" value="ⲕⲁⲧⲁ"/>
		<feat xlink:href="#sSpan163" value="ⲡ"/>
		<feat xlink:href="#sSpan164" value="ϩⲉ"/>
		<feat xlink:href="#sSpan165" value="ⲉⲧⲉⲣⲉ"/>
		<feat xlink:href="#sSpan167" value="ⲁ"/>
		<feat xlink:href="#sSpan168" value="ⲡ"/>
		<feat xlink:href="#sSpan169" value="ⲛⲟⲩⲧⲉ"/>
		<feat xlink:href="#sSpan170" value="ϩⲱⲛ"/>
		<feat xlink:href="#sSpan172" value="ⲛ"/>
		<feat xlink:href="#sSpan174" value="ⲛⲧⲟⲥ"/>
		<feat xlink:href="#sSpan175" value="ⲉⲧⲛ"/>
		<feat xlink:href="#sSpan177" value="ⲛⲧⲟϥ"/>
		<feat xlink:href="#sSpan179" value="ⲁ"/>
		<feat xlink:href="#sSpan181" value="ⲛⲧⲟⲥ"/>
		<feat xlink:href="#sSpan182" value="ϣⲱⲡⲉ"/>
		<feat xlink:href="#sSpan183" value="ⲇⲉ"/>
		<feat xlink:href="#sSpan185" value="ⲙⲛⲛⲥⲁ"/>
		<feat xlink:href="#sSpan187" value="ⲡⲥⲁϣϥ"/>
		<feat xlink:href="#sSpan188" value="ⲛ"/>
		<feat xlink:href="#sSpan190" value="ϩⲟⲟⲩ"/>
		<feat xlink:href="#sSpan191" value="ⲁ"/>
		<feat xlink:href="#sSpan193" value="ⲡ"/>
		<feat xlink:href="#sSpan194" value="ⲙⲟⲟⲩ"/>
		<feat xlink:href="#sSpan195" value="ⲛ"/>
		<feat xlink:href="#sSpan197" value="ⲡ"/>
		<feat xlink:href="#sSpan198" value="ⲕⲁⲧⲁⲕⲗⲩⲥⲙⲟⲥ"/>
		<feat xlink:href="#sSpan199" value="ϣⲱⲡⲉ"/>
		<feat xlink:href="#sSpan201" value="ⲉϫⲛ"/>
		<feat xlink:href="#sSpan203" value="ⲡ"/>
		<feat xlink:href="#sSpan204" value="ⲕⲁϩ"/>
		<feat xlink:href="#sSpan205" value="ⲧⲏⲣ"/>
		<feat xlink:href="#sSpan207" value="ⲛⲧⲟϥ"/>
		<feat xlink:href="#sSpan209" value="ϩⲣⲁⲓ"/>
		<feat xlink:href="#sSpan212" value="ϩⲛ"/>
		<feat xlink:href="#sSpan214" value="ⲡ"/>
		<feat xlink:href="#sSpan215" value="ⲙⲉϩⲥⲟⲟⲩ"/>
		<feat xlink:href="#sSpan216" value="ⲛ"/>
		<feat xlink:href="#sSpan218" value="ϣⲉ"/>
		<feat xlink:href="#sSpan219" value="ⲛ"/>
		<feat xlink:href="#sSpan221" value="ⲣⲟⲙⲡⲉ"/>
		<feat xlink:href="#sSpan222" value="ⲛ"/>
		<feat xlink:href="#sSpan224" value="ⲡⲁ"/>
		<feat xlink:href="#sSpan225" value="ϩⲉ"/>
		<feat xlink:href="#sSpan226" value="ⲛ"/>
		<feat xlink:href="#sSpan228" value="ⲛⲱϩⲉ"/>
		<feat xlink:href="#sSpan229" value="ϩⲣⲁⲓ"/>
		<feat xlink:href="#sSpan232" value="ϩⲛ"/>
		<feat xlink:href="#sSpan234" value="ⲡ"/>
		<feat xlink:href="#sSpan236" value="ⲙⲉϩⲥⲛⲁⲩ"/>
		<feat xlink:href="#sSpan238" value="ⲡ"/>
		<feat xlink:href="#sSpan240" value="ⲉⲃⲟⲧ"/>
		<feat xlink:href="#sSpan241" value="ⲛⲥⲟⲩϫⲟⲩⲧⲥⲁϣϥ"/>
		<feat xlink:href="#sSpan243" value="ⲛ"/>
		<feat xlink:href="#sSpan245" value="ⲡ"/>
		<feat xlink:href="#sSpan246" value="ⲉⲃⲟⲧ"/>
		<feat xlink:href="#sSpan247" value="ϩⲣⲁⲓ"/>
		<feat xlink:href="#sSpan250" value="ϩⲛ"/>
		<feat xlink:href="#sSpan252" value="ⲡ"/>
		<feat xlink:href="#sSpan253" value="ϩⲟⲟⲩ"/>
		<feat xlink:href="#sSpan254" value="ⲉⲧⲉⲣⲉ"/>
		<feat xlink:href="#sSpan256" value="ⲙⲙⲁⲩ"/>
		<feat xlink:href="#sSpan257" value="ⲁ"/>
		<feat xlink:href="#sSpan259" value="ⲛⲧⲟⲟⲩ"/>
		<feat xlink:href="#sSpan260" value="ⲡⲱϩ"/>
		<feat xlink:href="#sSpan261" value="ⲛϭⲓ"/>
		<feat xlink:href="#sSpan263" value="ⲛ"/>
		<feat xlink:href="#sSpan264" value="ⲡⲩⲅⲏ"/>
		<feat xlink:href="#sSpan265" value="ⲛ"/>
		<feat xlink:href="#sSpan267" value="ⲡ"/>
		<feat xlink:href="#sSpan268" value="ⲛⲟⲩⲛ"/>
		<feat xlink:href="#sSpan269" value="ⲁⲩⲱ"/>
		<feat xlink:href="#sSpan271" value="ⲡ"/>
		<feat xlink:href="#sSpan273" value="ⲕⲁⲧⲁϩⲣⲁⲕⲧⲏⲥ"/>
		<feat xlink:href="#sSpan274" value="ⲛ"/>
		<feat xlink:href="#sSpan276" value="ⲡ"/>
		<feat xlink:href="#sSpan277" value="ⲡⲉ"/>
		<feat xlink:href="#sSpan278" value="ⲁ"/>
		<feat xlink:href="#sSpan280" value="ⲛⲧⲟⲟⲩ"/>
		<feat xlink:href="#sSpan281" value="ⲟⲩⲱⲛ"/>
		<feat xlink:href="#sSpan283" value="ⲁ"/>
		<feat xlink:href="#sSpan285" value="ⲡ"/>
		<feat xlink:href="#sSpan286" value="ⲙⲟⲟⲩ"/>
		<feat xlink:href="#sSpan287" value="ⲛ"/>
		<feat xlink:href="#sSpan289" value="ⲡ"/>
		<feat xlink:href="#sSpan290" value="ⲕⲁⲧⲁⲕⲗⲩⲥⲙⲟⲥ"/>
		<feat xlink:href="#sSpan291" value="ϭⲙϭⲟⲙ"/>
		<feat xlink:href="#sSpan293" value="ⲉϩⲣⲁⲓ"/>
		<feat xlink:href="#sSpan295" value="ⲉϫⲛ"/>
		<feat xlink:href="#sSpan297" value="ⲡ"/>
		<feat xlink:href="#sSpan298" value="ⲕⲁϩ"/>
		<feat xlink:href="#sSpan299" value="ⲛ"/>
		<feat xlink:href="#sSpan301" value="ϩⲙⲉ"/>
		<feat xlink:href="#sSpan302" value="ⲛ"/>
		<feat xlink:href="#sSpan304" value="ϩⲟⲟⲩ"/>
		<feat xlink:href="#sSpan305" value="ⲙⲛ"/>
		<feat xlink:href="#sSpan307" value="ϩⲙⲉ"/>
		<feat xlink:href="#sSpan308" value="ⲛ"/>
		<feat xlink:href="#sSpan310" value="ⲟⲩϣⲏ"/>
		<feat xlink:href="#sSpan312" value="ϩⲣⲁⲓ"/>
		<feat xlink:href="#sSpan314" value="ⲇⲉ"/>
		<feat xlink:href="#sSpan316" value="ϩⲛ"/>
		<feat xlink:href="#sSpan318" value="ⲡ"/>
		<feat xlink:href="#sSpan319" value="ϩⲟⲟⲩ"/>
		<feat xlink:href="#sSpan320" value="ⲉⲧⲉⲣⲉ"/>
		<feat xlink:href="#sSpan322" value="ⲙⲙⲁⲩ"/>
		<feat xlink:href="#sSpan323" value="ⲁ"/>
		<feat xlink:href="#sSpan325" value="ⲛⲧⲟⲟⲩ"/>
		<feat xlink:href="#sSpan326" value="ⲃⲱⲕ"/>
		<feat xlink:href="#sSpan327" value="ⲛϭⲓ"/>
		<feat xlink:href="#sSpan329" value="ⲡ"/>
		<feat xlink:href="#sSpan330" value="ⲱϩⲉ"/>
		<feat xlink:href="#sSpan331" value="ⲙⲛ"/>
		<feat xlink:href="#sSpan333" value="ⲡⲉϥ"/>
		<feat xlink:href="#sSpan334" value="ϣⲏⲣⲉ"/>
		<feat xlink:href="#sSpan335" value="ⲥⲏⲙ"/>
		<feat xlink:href="#sSpan337" value="ⲭⲁⲙ"/>
		<feat xlink:href="#sSpan339" value="ⲓⲁⲫⲉⲧ"/>
		<feat xlink:href="#sSpan341" value="ⲙⲛ"/>
		<feat xlink:href="#sSpan343" value="ⲡ"/>
		<feat xlink:href="#sSpan344" value="ⲥϩⲓⲙⲉ"/>
		<feat xlink:href="#sSpan345" value="ⲛ"/>
		<feat xlink:href="#sSpan347" value="ⲛⲱϩⲉ"/>
		<feat xlink:href="#sSpan348" value="ⲙⲛ"/>
		<feat xlink:href="#sSpan350" value="ϣⲟⲙⲛⲧⲉ"/>
		<feat xlink:href="#sSpan351" value="ⲛ"/>
		<feat xlink:href="#sSpan353" value="ⲥϩⲓⲙⲉ"/>
		<feat xlink:href="#sSpan354" value="ⲛ"/>
		<feat xlink:href="#sSpan356" value="ⲡⲉϥ"/>
		<feat xlink:href="#sSpan357" value="ϣⲏⲣⲉ"/>
		<feat xlink:href="#sSpan358" value="ⲙⲛ"/>
		<feat xlink:href="#sSpan360" value="ⲛⲧⲟϥ"/>
		<feat xlink:href="#sSpan361" value="ⲁ"/>
		<feat xlink:href="#sSpan363" value="ⲛⲧⲟⲟⲩ"/>
		<feat xlink:href="#sSpan364" value="ⲃⲱⲕ"/>
		<feat xlink:href="#sSpan366" value="ⲉϩⲟⲩⲛ"/>
		<feat xlink:href="#sSpan368" value="ⲉ"/>
		<feat xlink:href="#sSpan370" value="ⲡ"/>
		<feat xlink:href="#sSpan371" value="ⲕⲓⲃⲱⲧⲟⲥ"/>
		<feat xlink:href="#sSpan372" value="ⲙⲛ"/>
		<feat xlink:href="#sSpan374" value="ⲛⲧⲟϥ"/>
		<feat xlink:href="#sSpan376" value="ⲁⲩⲱ"/>
		<feat xlink:href="#sSpan378" value="ⲁ"/>
		<feat xlink:href="#sSpan380" value="ⲡ"/>
		<feat xlink:href="#sSpan381" value="ϫⲟⲉⲓⲥ"/>
		<feat xlink:href="#sSpan382" value="ⲡ"/>
		<feat xlink:href="#sSpan384" value="ⲛⲟⲩⲧⲉ"/>
		<feat xlink:href="#sSpan385" value="ϣⲧⲁⲙ"/>
		<feat xlink:href="#sSpan387" value="ⲛ"/>
		<feat xlink:href="#sSpan389" value="ⲡ"/>
		<feat xlink:href="#sSpan390" value="ⲣⲟ"/>
		<feat xlink:href="#sSpan391" value="ⲛ"/>
		<feat xlink:href="#sSpan393" value="ⲡ"/>
		<feat xlink:href="#sSpan394" value="ⲕⲓⲃⲱⲧⲟⲥ"/>
		<feat xlink:href="#sSpan395" value="ⲉ"/>
		<feat xlink:href="#sSpan397" value="ⲛⲧⲟϥ"/>
		<feat xlink:href="#sSpan398" value="ⲛ"/>
		<feat xlink:href="#sSpan400" value="ⲛⲱϩⲉ"/>
		<feat xlink:href="#sSpan402" value="ⲁ"/>
		<feat xlink:href="#sSpan404" value="ⲡ"/>
		<feat xlink:href="#sSpan405" value="ⲙⲟⲟⲩ"/>
		<feat xlink:href="#sSpan406" value="ⲙⲡⲉ"/>
		<feat xlink:href="#sSpan408" value="ⲕⲁⲧⲁⲕⲙⲩⲥⲙⲟⲥ"/>
		<feat xlink:href="#sSpan409" value="ϭⲙϭⲟⲙ"/>
		<feat xlink:href="#sSpan411" value="ⲉⲙⲁⲧⲉ"/>
		<feat xlink:href="#sSpan413" value="ⲁ"/>
		<feat xlink:href="#sSpan415" value="ⲛⲧⲟϥ"/>
		<feat xlink:href="#sSpan416" value="ⲧⲱⲟⲩⲛ"/>
		<feat xlink:href="#sSpan417" value="ⲛ"/>
		<feat xlink:href="#sSpan419" value="ⲡ"/>
		<feat xlink:href="#sSpan420" value="ⲕⲓⲃⲱⲧⲟⲥ"/>
		<feat xlink:href="#sSpan421" value="ⲉϩⲣⲁⲓ"/>
		<feat xlink:href="#sSpan423" value="ⲉⲃⲟⲗ"/>
		<feat xlink:href="#sSpan426" value="ϩⲓϫⲛ"/>
		<feat xlink:href="#sSpan428" value="ⲡ"/>
		<feat xlink:href="#sSpan429" value="ⲕⲁϩ"/>
		<feat xlink:href="#sSpan430" value="ⲁ"/>
		<feat xlink:href="#sSpan432" value="ⲥϣⲉⲉ"/>
		<feat xlink:href="#sSpan433" value="ⲁⲛⲟⲕ"/>
		<feat xlink:href="#sSpan434" value="ⲙⲛ"/>
		<feat xlink:href="#sSpan436" value="ⲡ"/>
		<feat xlink:href="#sSpan437" value="ⲙⲟⲟⲩ"/>
		<feat xlink:href="#sSpan439" value="ⲁ"/>
		<feat xlink:href="#sSpan441" value="ⲡ"/>
		<feat xlink:href="#sSpan442" value="ⲙⲟⲟⲩ"/>
		<feat xlink:href="#sSpan443" value="ϭⲙϭⲟⲙ"/>
		<feat xlink:href="#sSpan445" value="ⲁ"/>
		<feat xlink:href="#sSpan447" value="ϥⲁϣⲁⲓ"/>
		<feat xlink:href="#sSpan448" value="ⲉⲙⲁⲧⲉ"/>
		<feat xlink:href="#sSpan450" value="ϩⲓϫⲛ"/>
		<feat xlink:href="#sSpan452" value="ⲡ"/>
		<feat xlink:href="#sSpan453" value="ⲕⲁϩ"/>
		<feat xlink:href="#sSpan454" value="ⲁ"/>
		<feat xlink:href="#sSpan456" value="ⲛⲧⲟⲥ"/>
		<feat xlink:href="#sSpan457" value="ϩⲗⲟⲟⲗⲉ"/>
		<feat xlink:href="#sSpan458" value="ⲛϭⲓ"/>
		<feat xlink:href="#sSpan460" value="ⲡ"/>
		<feat xlink:href="#sSpan461" value="ⲕⲓⲃⲱⲧⲟⲥ"/>
		<feat xlink:href="#sSpan462" value="ⲁⲩⲱ"/>
		<feat xlink:href="#sSpan464" value="ⲛⲉⲣⲉ"/>
		<feat xlink:href="#sSpan466" value="ⲛⲧⲟⲥ"/>
		<feat xlink:href="#sSpan467" value="ⲛⲁ"/>
		<feat xlink:href="#sSpan469" value="ⲉ"/>
		<feat xlink:href="#sSpan471" value="ⲥⲟⲛ"/>
		<feat xlink:href="#sSpan472" value="ⲙⲛ"/>
		<feat xlink:href="#sSpan474" value="ⲡ"/>
		<feat xlink:href="#sSpan475" value="ⲙⲟⲟⲩ"/>
		<feat xlink:href="#sSpan477" value="ⲡ"/>
		<feat xlink:href="#sSpan479" value="ⲙⲟⲟⲩ"/>
		<feat xlink:href="#sSpan480" value="ⲇⲉ"/>
		<feat xlink:href="#sSpan482" value="ⲛⲉⲣⲉ"/>
		<feat xlink:href="#sSpan484" value="ⲛⲧⲟϥ"/>
		<feat xlink:href="#sSpan485" value="ⲉⲓ"/>
		<feat xlink:href="#sSpan487" value="ⲛ"/>
		<feat xlink:href="#sSpan489" value="ϭⲙϭⲟⲙ"/>
		<feat xlink:href="#sSpan490" value="ⲉⲙⲁⲧⲉ"/>
		<feat xlink:href="#sSpan492" value="ⲁⲩⲱ"/>
		<feat xlink:href="#sSpan494" value="ⲁ"/>
		<feat xlink:href="#sSpan496" value="ⲡ"/>
		<feat xlink:href="#sSpan497" value="ⲙⲟⲟⲩ"/>
		<feat xlink:href="#sSpan498" value="ϩⲱⲃⲥ"/>
		<feat xlink:href="#sSpan500" value="ⲛⲧⲟⲟⲩ"/>
		<feat xlink:href="#sSpan502" value="ⲛⲓⲙ"/>
		<feat xlink:href="#sSpan504" value="ⲉⲧⲉⲣⲉ"/>
		<feat xlink:href="#sSpan506" value="ϫⲓⲥⲉ"/>
		<feat xlink:href="#sSpan507" value="ϩⲁ"/>
		<feat xlink:href="#sSpan509" value="ⲛⲧⲟⲥ"/>
		<feat xlink:href="#sSpan510" value="ⲛ"/>
		<feat xlink:href="#sSpan512" value="ⲡ"/>
		<feat xlink:href="#sSpan513" value="ⲡⲉ"/>
		<feat xlink:href="#sSpan514" value="ⲁ"/>
		<feat xlink:href="#sSpan516" value="ⲛⲧⲟϥ"/>
		<feat xlink:href="#sSpan517" value="ϩⲱⲃⲥ"/>
		<feat xlink:href="#sSpan518" value="ⲉϩⲣⲁⲓ"/>
		<feat xlink:href="#sSpan520" value="ⲉϫⲛ"/>
		<feat xlink:href="#sSpan522" value="ⲛⲧⲟⲟⲩ"/>
		<feat xlink:href="#sSpan524" value="ⲙⲛⲧⲉ"/>
		<feat xlink:href="#sSpan526" value="ⲡ"/>
		<feat xlink:href="#sSpan528" value="ⲙⲁϩⲉ"/>
		<feat xlink:href="#sSpan529" value="ⲁ"/>
		<feat xlink:href="#sSpan531" value="ⲛⲧⲟϥ"/>
		<feat xlink:href="#sSpan532" value="ϫⲓⲥⲉ"/>
		<feat xlink:href="#sSpan533" value="ⲛϭⲓ"/>
		<feat xlink:href="#sSpan535" value="ⲡ"/>
		<feat xlink:href="#sSpan536" value="ⲙⲟⲟⲩ"/>
		<feat xlink:href="#sSpan537" value="ⲉⲙⲁⲧⲉ"/>
		<feat xlink:href="#sSpan539" value="ⲁ"/>
		<feat xlink:href="#sSpan541" value="ⲛⲧⲟϥ"/>
		<feat xlink:href="#sSpan542" value="ϩⲱⲃⲥ"/>
		<feat xlink:href="#sSpan543" value="ⲛ"/>
		<feat xlink:href="#sSpan545" value="ⲡ"/>
		<feat xlink:href="#sSpan546" value="ⲧⲟⲟⲩ"/>
		<feat xlink:href="#sSpan547" value="ⲧⲏⲣ"/>
		<feat xlink:href="#sSpan549" value="ⲟⲩ"/>
		<feat xlink:href="#sSpan550" value="ⲉⲧⲉⲣⲉ"/>
		<feat xlink:href="#sSpan552" value="ϫⲓⲥⲉ"/>
		<feat xlink:href="#sSpan554" value="ⲁⲩⲱ"/>
		<feat xlink:href="#sSpan556" value="ⲁ"/>
		<feat xlink:href="#sSpan558" value="ⲛⲧⲟⲟⲩ"/>
		<feat xlink:href="#sSpan559" value="ⲙⲟⲩ"/>
		<feat xlink:href="#sSpan560" value="ⲛϭⲓ"/>
		<feat xlink:href="#sSpan562" value="ⲥⲁⲣⲝ"/>
		<feat xlink:href="#sSpan563" value="ⲛⲓⲙ"/>
		<feat xlink:href="#sSpan565" value="ⲉⲧⲉⲣⲉ"/>
		<feat xlink:href="#sSpan567" value="ⲕⲓⲙ"/>
		<feat xlink:href="#sSpan568" value="ϩⲓϫⲛ"/>
		<feat xlink:href="#sSpan570" value="ⲡ"/>
		<feat xlink:href="#sSpan571" value="ϩⲟ"/>
		<feat xlink:href="#sSpan572" value="ⲛ"/>
		<feat xlink:href="#sSpan574" value="ⲡ"/>
		<feat xlink:href="#sSpan575" value="ⲕⲁϩ"/>
		<feat xlink:href="#sSpan576" value="ⲛ"/>
		<feat xlink:href="#sSpan578" value="ϩⲁⲗⲏⲧ"/>
		<feat xlink:href="#sSpan579" value="ⲙⲛ"/>
		<feat xlink:href="#sSpan581" value="ⲡ"/>
		<feat xlink:href="#sSpan582" value="ⲧⲃⲛⲏ"/>
		<feat xlink:href="#sSpan583" value="ⲙⲛ"/>
		<feat xlink:href="#sSpan585" value="ⲡ"/>
		<feat xlink:href="#sSpan586" value="ⲑⲏⲣⲓⲟⲛ"/>
		<feat xlink:href="#sSpan587" value="ⲙⲛ"/>
		<feat xlink:href="#sSpan589" value="ⲡ"/>
		<feat xlink:href="#sSpan590" value="ϫⲁⲧⲃⲉ"/>
		<feat xlink:href="#sSpan591" value="ⲛⲓⲙ"/>
		<feat xlink:href="#sSpan593" value="ⲉⲧⲉⲣⲉ"/>
		<feat xlink:href="#sSpan595" value="ⲕⲓⲙ"/>
		<feat xlink:href="#sSpan596" value="ϩⲓϫⲛ"/>
		<feat xlink:href="#sSpan598" value="ⲡ"/>
		<feat xlink:href="#sSpan599" value="ⲕⲁⲥ"/>
		<feat xlink:href="#sSpan600" value="ⲙⲛ"/>
		<feat xlink:href="#sSpan602" value="ⲣⲱⲙⲉ"/>
		<feat xlink:href="#sSpan603" value="ⲛⲓⲙ"/>
		<feat xlink:href="#sSpan606" value="ⲉⲧⲉⲣⲉ"/>
		<feat xlink:href="#sSpan608" value="ⲛⲧⲟⲟⲩ"/>
		<feat xlink:href="#sSpan609" value="ⲛ"/>
		<feat xlink:href="#sSpan610" value="ⲛⲓⲃⲉ"/>
		<feat xlink:href="#sSpan612" value="ⲛ"/>
		<feat xlink:href="#sSpan614" value="ⲱⲛϩ"/>
		<feat xlink:href="#sSpan615" value="ϩⲛ"/>
		<feat xlink:href="#sSpan617" value="ⲛⲧⲟⲟⲩ"/>
		<feat xlink:href="#sSpan619" value="ⲁ"/>
		<feat xlink:href="#sSpan621" value="ⲡ"/>
		<feat xlink:href="#sSpan622" value="ϫⲟⲉⲓⲥ"/>
		<feat xlink:href="#sSpan623" value="ⲡ"/>
		<feat xlink:href="#sSpan625" value="ⲛⲟⲩⲧⲉ"/>
		<feat xlink:href="#sSpan626" value="ϥⲱⲧⲉ"/>
		<feat xlink:href="#sSpan629" value="ⲉⲃⲟⲗ"/>
		<feat xlink:href="#sSpan631" value="ⲛ"/>
		<feat xlink:href="#sSpan633" value="ⲡ"/>
		<feat xlink:href="#sSpan634" value="ⲥⲱⲛⲧ"/>
		<feat xlink:href="#sSpan635" value="ⲧⲏⲣ"/>
		<feat xlink:href="#sSpan637" value="ⲛⲧⲟϥ"/>
		<feat xlink:href="#sSpan638" value="ⲉⲧⲉⲣⲉ"/>
		<feat xlink:href="#sSpan640" value="ⲁ"/>
		<feat xlink:href="#sSpan641" value="ⲛⲧⲟϥ"/>
		<feat xlink:href="#sSpan642" value="ⲧⲁⲙⲓⲟ"/>
		<feat xlink:href="#sSpan643" value="ⲛⲧⲟϥ"/>
		<feat xlink:href="#sSpan644" value="ⲛ"/>
		<feat xlink:href="#sSpan646" value="ϫⲓⲛ"/>
		<feat xlink:href="#sSpan647" value="ⲣⲱⲙⲉ"/>
		<feat xlink:href="#sSpan649" value="ϣⲁ"/>
		<feat xlink:href="#sSpan651" value="ⲧⲃⲛⲏ"/>
		<feat xlink:href="#sSpan652" value="ⲁⲩⲱ"/>
		<feat xlink:href="#sSpan654" value="ⲛⲧⲉ"/>
		<feat xlink:href="#sSpan656" value="ϫⲓⲛ"/>
		<feat xlink:href="#sSpan657" value="ⲟⲩ"/>
		<feat xlink:href="#sSpan659" value="ϫⲁⲧⲃⲉ"/>
		<feat xlink:href="#sSpan660" value="ϣⲁ"/>
		<feat xlink:href="#sSpan662" value="ⲡ"/>
		<feat xlink:href="#sSpan663" value="ϩⲁⲗⲏⲧ"/>
		<feat xlink:href="#sSpan664" value="ⲛ"/>
		<feat xlink:href="#sSpan666" value="ⲡ"/>
		<feat xlink:href="#sSpan667" value="ⲡⲉ"/>
		<feat xlink:href="#sSpan668" value="ϣⲁⲧⲛ"/>
		<feat xlink:href="#sSpan670" value="ⲛⲱϩⲉ"/>
		<feat xlink:href="#sSpan672" value="ⲙⲁⲩⲁⲁ"/>
		<feat xlink:href="#sSpan674" value="ⲛⲧⲟϥ"/>
		<feat xlink:href="#sSpan675" value="ⲉⲧⲉⲣⲉ"/>
		<feat xlink:href="#sSpan677" value="ⲁ"/>
		<feat xlink:href="#sSpan678" value="ⲛⲧⲟϥ"/>
		<feat xlink:href="#sSpan679" value="ϣⲱϫⲡ"/>
		<feat xlink:href="#sSpan680" value="ⲙⲛ"/>
		<feat xlink:href="#sSpan682" value="ⲡ"/>
		<feat xlink:href="#sSpan683" value="ⲉⲧⲉⲣⲉ"/>
		<feat xlink:href="#sSpan684" value="ⲙⲛ"/>
		<feat xlink:href="#sSpan685" value="ⲛⲧⲟϥ"/>
		<feat xlink:href="#sSpan686" value="ⲛϩⲟⲩⲛ"/>
		<feat xlink:href="#sSpan688" value="ⲛ"/>
		<feat xlink:href="#sSpan690" value="ⲡ"/>
		<feat xlink:href="#sSpan691" value="ⲕⲓⲃⲱⲧⲟⲥ"/>
		<feat xlink:href="#sSpan693" value="ⲁⲩⲱ"/>
		<feat xlink:href="#sSpan695" value="ⲁ"/>
		<feat xlink:href="#sSpan697" value="ⲛⲧⲟϥ"/>
		<feat xlink:href="#sSpan698" value="ϫⲓⲥⲉ"/>
		<feat xlink:href="#sSpan699" value="ⲛϭⲓ"/>
		<feat xlink:href="#sSpan701" value="ⲡ"/>
		<feat xlink:href="#sSpan702" value="ⲙⲟⲟⲩ"/>
		<feat xlink:href="#sSpan703" value="ⲉϫⲛ"/>
		<feat xlink:href="#sSpan705" value="ⲡ"/>
		<feat xlink:href="#sSpan706" value="ⲕⲁϩ"/>
		<feat xlink:href="#sSpan707" value="ⲛ"/>
		<feat xlink:href="#sSpan709" value="ϣⲉ"/>
		<feat xlink:href="#sSpan710" value="ⲧⲁⲉⲓⲟ"/>
		<feat xlink:href="#sSpan712" value="ⲛⲧⲟⲟⲩ"/>
		<feat xlink:href="#sSpan713" value="ⲛ"/>
		<feat xlink:href="#sSpan715" value="ϩⲟⲟⲩ"/></featList></paula>