<?xml version="1.0" encoding="UTF-8" standalone="no"?>

<!DOCTYPE paula SYSTEM "paula_mark.dtd">
<paula version="1.0">

<header paula_id="Abraham.YA551-54_merge_normSeg"/>

<markList xmlns:xlink="http://www.w3.org/1999/xlink" type="normSeg" xml:base="Abraham.YA551-54_merge.tok.xml">
<mark id="norm_1" xlink:href="#tok_1"/><!-- ⲡ -->
<mark id="norm_2" xlink:href="#tok_2"/><!-- ⲥⲁⲧⲁⲛⲁⲥ -->
<mark id="norm_3" xlink:href="#tok_3"/><!-- · -->
<mark id="norm_4" xlink:href="#tok_4"/><!-- Ⲙ̄ⲡⲱⲣ` -->
<mark id="norm_5" xlink:href="#tok_5"/><!-- ⲟⲛ -->
<mark id="norm_6" xlink:href="#tok_6"/><!-- ⲉ -->
<mark id="norm_7" xlink:href="#tok_7"/><!-- ⲧⲣⲉ -->
<mark id="norm_8" xlink:href="#tok_8"/><!-- ⲛ -->
<mark id="norm_9" xlink:href="#tok_9"/><!-- ϣⲱⲡⲉ -->
<mark id="norm_10" xlink:href="#tok_10"/><!-- ⲙ̄ⲡⲣ -->
<mark id="norm_11" xlink:href="#tok_11"/><!-- ⲟ -->
<mark id="norm_12" xlink:href="#xpointer(id('tok_12')/range-to(id('tok_13')))"/><!-- ⲇⲟ...ⲇⲏⲥ -->
<mark id="norm_14" xlink:href="#tok_14"/><!-- · -->
<mark id="norm_15" xlink:href="#tok_15"/><!-- ⲁⲩⲱ -->
<mark id="norm_16" xlink:href="#tok_16"/><!-- ⲛ̄ -->
<mark id="norm_17" xlink:href="#xpointer(id('tok_17')/range-to(id('tok_18')))"/><!-- ⲣⲉϥ...ϫⲓⲟⲩⲉ` -->
<mark id="norm_19" xlink:href="#tok_19"/><!-- · -->
<mark id="norm_20" xlink:href="#tok_20"/><!-- ϫⲉ -->
<mark id="norm_21" xlink:href="#tok_21"/><!-- ⲛ̄ -->
<mark id="norm_22" xlink:href="#tok_22"/><!-- ⲛⲉ -->
<mark id="norm_23" xlink:href="#tok_23"/><!-- ⲛ -->
<mark id="norm_24" xlink:href="#tok_24"/><!-- ϣⲱⲡⲉ` -->
<mark id="norm_25" xlink:href="#tok_25"/><!-- ⲛ̄ -->
<mark id="norm_26" xlink:href="#tok_26"/><!-- ⲑ -->
<mark id="norm_27" xlink:href="#tok_27"/><!-- ⲉ -->
<mark id="norm_28" xlink:href="#tok_28"/><!-- ⲛ̄ -->
<mark id="norm_29" xlink:href="#xpointer(id('tok_29')/range-to(id('tok_30')))"/><!-- ⲓ̈...ⲟⲩⲇⲁⲥ` -->
<mark id="norm_31" xlink:href="#tok_31"/><!-- ⲡⲁⲓ̈ -->
<mark id="norm_32" xlink:href="#tok_32"/><!-- ⲛ̄ⲧ -->
<mark id="norm_33" xlink:href="#tok_33"/><!-- ⲁ -->
<mark id="norm_34" xlink:href="#tok_34"/><!-- ϥ -->
<mark id="norm_35" xlink:href="#tok_35"/><!-- ϫⲟⲟ -->
<mark id="norm_36" xlink:href="#tok_36"/><!-- ⲥ` -->
<mark id="norm_37" xlink:href="#tok_37"/><!-- ⲉⲧⲃⲏⲏⲧ︤ -->
<mark id="norm_38" xlink:href="#tok_38"/><!-- ϥ︥ -->
<mark id="norm_39" xlink:href="#tok_39"/><!-- ⲉⲃⲟⲗ -->
<mark id="norm_40" xlink:href="#tok_40"/><!-- ϩⲓⲧ︤ⲙ︥ -->
<mark id="norm_41" xlink:href="#tok_41"/><!-- ⲡ︤ⲛ︦ⲁ︥ -->
<mark id="norm_42" xlink:href="#tok_42"/><!-- ⲉⲧ -->
<mark id="norm_43" xlink:href="#tok_43"/><!-- ⲟⲩⲁⲁⲃ` -->
<mark id="norm_44" xlink:href="#tok_44"/><!-- ϫⲉ -->
<mark id="norm_45" xlink:href="#xpointer(id('tok_45')/range-to(id('tok_46')))"/><!-- ⲙⲁ...ⲣⲉ -->
<mark id="norm_47" xlink:href="#tok_47"/><!-- ⲡ -->
<mark id="norm_48" xlink:href="#tok_48"/><!-- ⲥⲁϩⲟⲩ -->
<mark id="norm_49" xlink:href="#tok_49"/><!-- ⲃⲱⲕ -->
<mark id="norm_50" xlink:href="#tok_50"/><!-- ⲉϩⲟⲩⲛ` -->
<mark id="norm_51" xlink:href="#tok_51"/><!-- ⲉ -->
<mark id="norm_52" xlink:href="#tok_52"/><!-- ϩⲏⲧ︤ -->
<mark id="norm_53" xlink:href="#tok_53"/><!-- ϥ︥ -->
<mark id="norm_54" xlink:href="#tok_54"/><!-- ⲛ̄ -->
<mark id="norm_55" xlink:href="#tok_55"/><!-- ⲑ -->
<mark id="norm_56" xlink:href="#tok_56"/><!-- ⲉ -->
<mark id="norm_57" xlink:href="#tok_57"/><!-- ⲛ̄ -->
<mark id="norm_58" xlink:href="#tok_58"/><!-- ⲟⲩ -->
<mark id="norm_59" xlink:href="#tok_59"/><!-- ⲙ̄ⲙⲟ -->
<mark id="norm_60" xlink:href="#tok_60"/><!-- ⲟⲩ -->
<mark id="norm_61" xlink:href="#tok_61"/><!-- · -->
<mark id="norm_62" xlink:href="#tok_62"/><!-- ⲁⲩⲱ -->
<mark id="norm_63" xlink:href="#tok_63"/><!-- ⲛ̄ -->
<mark id="norm_64" xlink:href="#tok_64"/><!-- ⲑ -->
<mark id="norm_65" xlink:href="#tok_65"/><!-- ⲉ -->
<mark id="norm_66" xlink:href="#tok_66"/><!-- ⲛ̄ -->
<mark id="norm_67" xlink:href="#tok_67"/><!-- ⲟⲩ -->
<mark id="norm_68" xlink:href="#tok_68"/><!-- ⲛⲉϩ` -->
<mark id="norm_69" xlink:href="#tok_69"/><!-- ϩ︤ⲛ︥ -->
<mark id="norm_70" xlink:href="#tok_70"/><!-- ⲛⲉϥ -->
<mark id="norm_71" xlink:href="#tok_71"/><!-- ⲕⲉⲉⲥ -->
<mark id="norm_72" xlink:href="#tok_72"/><!-- · -->
<mark id="norm_73" xlink:href="#tok_73"/><!-- Ⲉⲧⲃⲉ -->
<mark id="norm_74" xlink:href="#tok_74"/><!-- ⲡⲁⲓ̈ -->
<mark id="norm_75" xlink:href="#tok_75"/><!-- ⲙ̄ⲡ︤ⲣ︥ -->
<mark id="norm_76" xlink:href="#tok_76"/><!-- ⲧⲣ -->
<mark id="norm_77" xlink:href="#tok_77"/><!-- ⳯ -->
<mark id="norm_78" xlink:href="#tok_78"/><!-- ϣⲱⲡⲉ -->
<mark id="norm_79" xlink:href="#tok_79"/><!-- ⲛ̄ -->
<mark id="norm_80" xlink:href="#tok_80"/><!-- ϩⲉⲛ -->
<mark id="norm_81" xlink:href="#xpointer(id('tok_81')/range-to(id('tok_82')))"/><!-- ⲣⲱ...ⲙⲉ` -->
<mark id="norm_83" xlink:href="#tok_83"/><!-- ⲛ︤ -->
<mark id="norm_84" xlink:href="#tok_84"/><!-- ⲕⲣⲟϥ -->
<mark id="norm_85" xlink:href="#tok_85"/><!-- ⲙ̄ -->
<mark id="norm_86" xlink:href="#tok_86"/><!-- ⲡⲉ -->
<mark id="norm_87" xlink:href="#xpointer(id('tok_87')/range-to(id('tok_88')))"/><!-- ⲙ...ⲧⲟ` -->
<mark id="norm_89" xlink:href="#tok_89"/><!-- ⲉⲃⲟⲗ -->
<mark id="norm_90" xlink:href="#tok_90"/><!-- ⲙ̄ -->
<mark id="norm_91" xlink:href="#tok_91"/><!-- ⲡ -->
<mark id="norm_92" xlink:href="#tok_92"/><!-- ϫⲟⲓ̈ⲥ -->
<mark id="norm_93" xlink:href="#tok_93"/><!-- ϩ︤ⲛ︥ -->
<mark id="norm_94" xlink:href="#tok_94"/><!-- ⲗⲁⲁⲩ -->
<mark id="norm_95" xlink:href="#tok_95"/><!-- ⲛ̄ -->
<mark id="norm_96" xlink:href="#tok_96"/><!-- ϩⲱⲃ` -->
<mark id="norm_97" xlink:href="#tok_97"/><!-- ⲉ -->
<mark id="norm_98" xlink:href="#tok_98"/><!-- ϥ -->
<mark id="norm_99" xlink:href="#tok_99"/><!-- ϩⲟⲟⲩ -->
<mark id="norm_100" xlink:href="#tok_100"/><!-- · -->
<mark id="norm_101" xlink:href="#tok_101"/><!-- ⲉⲓⲧⲉ -->
<mark id="norm_102" xlink:href="#tok_102"/><!-- ϩ︤ⲛ︥ -->
<mark id="norm_103" xlink:href="#tok_103"/><!-- ⲟⲩ -->
<mark id="norm_104" xlink:href="#tok_104"/><!-- ϫⲱϩ︤ⲙ︥` -->
<mark id="norm_105" xlink:href="#tok_105"/><!-- ⲙ︤ⲛ︥ -->
<mark id="norm_106" xlink:href="#tok_106"/><!-- ⲟⲩ -->
<mark id="norm_107" xlink:href="#tok_107"/><!-- ⲥⲱⲱϥ -->
<mark id="norm_108" xlink:href="#tok_108"/><!-- · -->
<mark id="norm_109" xlink:href="#tok_109"/><!-- ⲉⲓⲧⲉ -->
<mark id="norm_110" xlink:href="#tok_110"/><!-- ϩ︤ⲛ︥ -->
<mark id="norm_111" xlink:href="#tok_111"/><!-- ⲟⲩ -->
<mark id="norm_112" xlink:href="#tok_112"/><!-- ϫⲓⲟⲩⲉ` -->
<mark id="norm_113" xlink:href="#tok_113"/><!-- ⲙ︤ⲛ︥ -->
<mark id="norm_114" xlink:href="#tok_114"/><!-- ⲟⲩ -->
<mark id="norm_115" xlink:href="#tok_115"/><!-- ϭⲟⲗ` -->
<mark id="norm_116" xlink:href="#tok_116"/><!-- · -->
<mark id="norm_117" xlink:href="#tok_117"/><!-- ⲏ̂ -->
<mark id="norm_118" xlink:href="#tok_118"/><!-- ϩ︤ⲛ︥ -->
<mark id="norm_119" xlink:href="#tok_119"/><!-- ⲟⲩ -->
<mark id="norm_120" xlink:href="#tok_120"/><!-- ⲙⲟⲥⲧⲉ` -->
<mark id="norm_121" xlink:href="#tok_121"/><!-- ⲙ︤ⲛ︥ -->
<mark id="norm_122" xlink:href="#tok_122"/><!-- ⲟⲩ -->
<mark id="norm_123" xlink:href="#tok_123"/><!-- ⲙ︤ⲛ︦ⲧ︥ⲃⲁⲃⲉ` -->
<mark id="norm_124" xlink:href="#tok_124"/><!-- ⲣⲱⲙⲉ` -->
<mark id="norm_125" xlink:href="#tok_125"/><!-- · -->
<mark id="norm_126" xlink:href="#tok_126"/><!-- ⲏ̂ -->
<mark id="norm_127" xlink:href="#tok_127"/><!-- ϩ︤ⲛ︥ -->
<mark id="norm_128" xlink:href="#tok_128"/><!-- ⲟⲩ -->
<mark id="norm_129" xlink:href="#xpointer(id('tok_129')/range-to(id('tok_130')))"/><!-- ϩⲩⲡⲟⲕⲣⲓ...ⲥⲓⲥ` -->
<mark id="norm_131" xlink:href="#tok_131"/><!-- ⲙ︤ⲛ︥ -->
<mark id="norm_132" xlink:href="#tok_132"/><!-- ⲟⲩ -->
<mark id="norm_133" xlink:href="#tok_133"/><!-- ⲉⲟⲟⲩ -->
<mark id="norm_134" xlink:href="#tok_134"/><!-- ⲉ -->
<mark id="norm_135" xlink:href="#tok_135"/><!-- ϥ -->
<mark id="norm_136" xlink:href="#tok_136"/><!-- ϣⲟⲩⲉⲓⲧ` -->
<mark id="norm_137" xlink:href="#tok_137"/><!-- · -->
<mark id="norm_138" xlink:href="#tok_138"/><!-- Ⲛⲓⲙ -->
<mark id="norm_139" xlink:href="#tok_139"/><!-- ⲛⲉ -->
<mark id="norm_140" xlink:href="#tok_140"/><!-- ⲛ -->
<mark id="norm_141" xlink:href="#tok_141"/><!-- ⲃⲁⲃⲉ̂ -->
<mark id="norm_142" xlink:href="#xpointer(id('tok_142')/range-to(id('tok_143')))"/><!-- ⲣⲱ...ⲙⲉ` -->
<mark id="norm_144" xlink:href="#tok_144"/><!-- · -->
<mark id="norm_145" xlink:href="#tok_145"/><!-- ⲉⲓ̈ⲙⲏⲧⲓ` -->
<mark id="norm_146" xlink:href="#tok_146"/><!-- ⲉ -->
<mark id="norm_147" xlink:href="#tok_147"/><!-- ⲛⲁⲓ̈ -->
<mark id="norm_148" xlink:href="#tok_148"/><!-- ⲉⲧ -->
<mark id="norm_149" xlink:href="#tok_149"/><!-- ϩ︤ⲙ︥ϩ︤ⲙ︥ -->
<mark id="norm_150" xlink:href="#tok_150"/><!-- · -->
<mark id="norm_151" xlink:href="#tok_151"/><!-- ⲁⲩⲱ -->
<mark id="norm_152" xlink:href="#tok_152"/><!-- ⲉⲧ -->
<mark id="norm_153" xlink:href="#tok_153"/><!-- ⲕⲓⲙ` -->
<mark id="norm_154" xlink:href="#tok_154"/><!-- ⲛ̄ -->
<mark id="norm_155" xlink:href="#tok_155"/><!-- ⲧⲉⲩ -->
<mark id="norm_156" xlink:href="#xpointer(id('tok_156')/range-to(id('tok_157')))"/><!-- ⲁ...ⲡⲉ` -->
<mark id="norm_158" xlink:href="#tok_158"/><!-- · -->
<mark id="norm_159" xlink:href="#tok_159"/><!-- ϩ︤ⲛ︥ -->
<mark id="norm_160" xlink:href="#tok_160"/><!-- ⲟⲩ -->
<mark id="norm_161" xlink:href="#tok_161"/><!-- ⲙⲁⲕ︤ϩ︥ -->
<mark id="norm_162" xlink:href="#tok_162"/><!-- ⲉ -->
<mark id="norm_163" xlink:href="#tok_163"/><!-- ϥ -->
<mark id="norm_164" xlink:href="#tok_164"/><!-- ϫⲟⲥⲉ` -->
<mark id="norm_165" xlink:href="#tok_165"/><!-- ⲙ︤ⲛ︥ -->
<mark id="norm_166" xlink:href="#tok_166"/><!-- ⲟⲩ -->
<mark id="norm_167" xlink:href="#tok_167"/><!-- ⲕⲓⲙ` -->
<mark id="norm_168" xlink:href="#tok_168"/><!-- ⲛ̄ -->
<mark id="norm_169" xlink:href="#tok_169"/><!-- ⲃⲁⲗ` -->
<mark id="norm_170" xlink:href="#tok_170"/><!-- ⲉϩⲣⲁⲓ̈ -->
<mark id="norm_171" xlink:href="#tok_171"/><!-- ⲉϫ︤ⲛ︥ -->
<mark id="norm_172" xlink:href="#tok_172"/><!-- ⲛⲉⲧ` -->
<mark id="norm_173" xlink:href="#tok_173"/><!-- ⲣ̂ -->
<mark id="norm_174" xlink:href="#tok_174"/><!-- ϩ︤ⲙ︥ -->
<mark id="norm_175" xlink:href="#tok_175"/><!-- ⲙⲉ` -->
<mark id="norm_176" xlink:href="#tok_176"/><!-- ⲙ̄ⲙⲟ -->
<mark id="norm_177" xlink:href="#tok_177"/><!-- ⲟⲩ -->
<mark id="norm_178" xlink:href="#tok_178"/><!-- · -->
<mark id="norm_179" xlink:href="#tok_179"/><!-- ⲉⲧ -->
<mark id="norm_180" xlink:href="#tok_180"/><!-- ϥⲓ̈ -->
<mark id="norm_181" xlink:href="#tok_181"/><!-- ⲙ̄ -->
<mark id="norm_182" xlink:href="#tok_182"/><!-- ⲡⲉ -->
<mark id="norm_183" xlink:href="#tok_183"/><!-- ⲩ -->
<mark id="norm_184" xlink:href="#tok_184"/><!-- ⲣⲟⲟⲩϣ -->
<mark id="norm_185" xlink:href="#tok_185"/><!-- · -->
<mark id="norm_186" xlink:href="#tok_186"/><!-- ⲁⲩⲱ -->
<mark id="norm_187" xlink:href="#tok_187"/><!-- ⲉⲧ -->
<mark id="norm_188" xlink:href="#tok_188"/><!-- ϯ -->
<mark id="norm_189" xlink:href="#tok_189"/><!-- ⲥⲃⲱ̂ -->
<mark id="norm_190" xlink:href="#tok_190"/><!-- ⲛⲁ -->
<mark id="norm_191" xlink:href="#tok_191"/><!-- ⲩ` -->
<mark id="norm_192" xlink:href="#tok_192"/><!-- ⲉ -->
<mark id="norm_193" xlink:href="#tok_193"/><!-- ⲧⲣⲉ -->
<mark id="norm_194" xlink:href="#tok_194"/><!-- ⲩ -->
<mark id="norm_195" xlink:href="#tok_195"/><!-- ϣⲱⲡⲉ -->
<mark id="norm_196" xlink:href="#tok_196"/><!-- ϩ︤ⲛ︥ -->
<mark id="norm_197" xlink:href="#tok_197"/><!-- ⲟⲩ -->
<mark id="norm_198" xlink:href="#tok_198"/><!-- ⲧⲥⲁⲛⲟ` -->
<mark id="norm_199" xlink:href="#tok_199"/><!-- ϩ︤ⲛ︥ -->
<mark id="norm_200" xlink:href="#tok_200"/><!-- ⲛ̄ⲧⲟϣ` -->
<mark id="norm_201" xlink:href="#tok_201"/><!-- ⲧⲏⲣ -->
<mark id="norm_202" xlink:href="#tok_202"/><!-- ⲟⲩ -->
<mark id="norm_203" xlink:href="#xpointer(id('tok_203')/range-to(id('tok_204')))"/><!-- ⲛ̄...ⲧⲉ -->
<mark id="norm_205" xlink:href="#tok_205"/><!-- ⲡ -->
<mark id="norm_206" xlink:href="#tok_206"/><!-- ⲛⲟⲩⲧⲉ -->
<mark id="norm_207" xlink:href="#tok_207"/><!-- · -->
<mark id="norm_208" xlink:href="#tok_208"/><!-- Ⲁϣ -->
<mark id="norm_209" xlink:href="#tok_209"/><!-- ⲛⲉ -->
<mark id="norm_210" xlink:href="#tok_210"/><!-- ⲛ︤ -->
<mark id="norm_211" xlink:href="#xpointer(id('tok_211')/range-to(id('tok_212')))"/><!-- ϩⲩⲡⲟⲕⲣⲓ...ⲧⲏⲥ` -->
<mark id="norm_213" xlink:href="#tok_213"/><!-- ⲉⲓ̈ⲙⲏⲧⲓ` -->
<mark id="norm_214" xlink:href="#tok_214"/><!-- ⲉ -->
<mark id="norm_215" xlink:href="#tok_215"/><!-- ϩⲉⲛ -->
<mark id="norm_216" xlink:href="#tok_216"/><!-- ⲣⲱⲙⲉ` -->
<mark id="norm_217" xlink:href="#tok_217"/><!-- ⲉ -->
<mark id="norm_218" xlink:href="#tok_218"/><!-- ⲩ -->
<mark id="norm_219" xlink:href="#tok_219"/><!-- ⲛ̄ -->
<mark id="norm_220" xlink:href="#tok_220"/><!-- ϩⲉⲛ -->
<mark id="norm_221" xlink:href="#tok_221"/><!-- ⲣⲱⲙⲉ -->
<mark id="norm_222" xlink:href="#tok_222"/><!-- ϭⲁⲗⲱ -->
<mark id="norm_223" xlink:href="#tok_223"/><!-- ⲟⲩ` -->
<mark id="norm_224" xlink:href="#tok_224"/><!-- ⲉⲣⲟ -->
<mark id="norm_225" xlink:href="#tok_225"/><!-- ⲟⲩ -->
<mark id="norm_226" xlink:href="#tok_226"/><!-- · -->
<mark id="norm_227" xlink:href="#tok_227"/><!-- ⲉ -->
<mark id="norm_228" xlink:href="#tok_228"/><!-- ⲩ -->
<mark id="norm_229" xlink:href="#xpointer(id('tok_229')/range-to(id('tok_230')))"/><!-- ϩⲱ...ⲃ︤ⲥ︥ -->
<mark id="norm_231" xlink:href="#tok_231"/><!-- ⲉⲃⲟⲗ` -->
<mark id="norm_232" xlink:href="#tok_232"/><!-- ⲉϫ︤ⲛ︥ -->
<mark id="norm_233" xlink:href="#tok_233"/><!-- ⲛ -->
<mark id="norm_234" xlink:href="#tok_234"/><!-- ⲉⲧ -->
<mark id="norm_235" xlink:href="#tok_235"/><!-- ⲉⲓⲣⲉ` -->
<mark id="norm_236" xlink:href="#tok_236"/><!-- ⲛ̄ -->
<mark id="norm_237" xlink:href="#tok_237"/><!-- ⲧ -->
<mark id="norm_238" xlink:href="#xpointer(id('tok_238')/range-to(id('tok_239')))"/><!-- ⲡⲁⲣⲃⲁ...ⲥⲓⲥ` -->
<mark id="norm_240" xlink:href="#tok_240"/><!-- ϩ︤ⲛ︥ -->
<mark id="norm_241" xlink:href="#tok_241"/><!-- ϩⲱⲃ -->
<mark id="norm_242" xlink:href="#tok_242"/><!-- ⲛⲓⲙ` -->
<mark id="norm_243" xlink:href="#tok_243"/><!-- ⲙ̄ -->
<mark id="norm_244" xlink:href="#tok_244"/><!-- ⲙ︤ⲛ︦ⲧ︥ϣⲁϥⲧⲉ -->
<mark id="norm_245" xlink:href="#tok_245"/><!-- · -->
<mark id="norm_246" xlink:href="#tok_246"/><!-- Ⲉⲧⲃⲉ -->
<mark id="norm_247" xlink:href="#tok_247"/><!-- ⲡⲁⲓ̈ -->
<mark id="norm_248" xlink:href="#tok_248"/><!-- ⲙ̄ⲡⲱⲣ` -->
<mark id="norm_249" xlink:href="#tok_249"/><!-- ⲉ -->
<mark id="norm_250" xlink:href="#tok_250"/><!-- ⲧⲣⲉ -->
<mark id="norm_251" xlink:href="#tok_251"/><!-- ⲛ -->
<mark id="norm_252" xlink:href="#tok_252"/><!-- ⲡⲗⲁⲛⲁ` -->
<mark id="norm_253" xlink:href="#tok_253"/><!-- ϩ︤ⲛ︥ -->
<mark id="norm_254" xlink:href="#tok_254"/><!-- ⲟⲩ -->
<mark id="norm_255" xlink:href="#tok_255"/><!-- ⲙ︤ⲛ︦ⲧ︥`ⲛⲟⲩϫ` -->
<mark id="norm_256" xlink:href="#tok_256"/><!-- ⲛ̄ -->
<mark id="norm_257" xlink:href="#tok_257"/><!-- ⲧ︤ⲛ︥ -->
<mark id="norm_258" xlink:href="#tok_258"/><!-- ϩⲱⲃ︤ⲥ︥ -->
<mark id="norm_259" xlink:href="#tok_259"/><!-- ⲉⲃⲟⲗ` -->
<mark id="norm_260" xlink:href="#tok_260"/><!-- ⲉϫ︤ⲛ︥ -->
<mark id="norm_261" xlink:href="#tok_261"/><!-- ⲛ̄ -->
<mark id="norm_262" xlink:href="#tok_262"/><!-- ⲛⲟⲃⲉ` -->
<mark id="norm_263" xlink:href="#tok_263"/><!-- ⲛ̄ -->
<mark id="norm_264" xlink:href="#tok_264"/><!-- ⲛⲉ -->
<mark id="norm_265" xlink:href="#tok_265"/><!-- ⲛ -->
<mark id="norm_266" xlink:href="#tok_266"/><!-- ⲉⲣⲏⲩ -->
<mark id="norm_267" xlink:href="#tok_267"/><!-- · -->
<mark id="norm_268" xlink:href="#tok_268"/><!-- ϫⲉ -->
<mark id="norm_269" xlink:href="#tok_269"/><!-- ⲡⲁⲓ̈ -->
<mark id="norm_270" xlink:href="#tok_270"/><!-- ⲡⲉ -->
<mark id="norm_271" xlink:href="#tok_271"/><!-- ⲡ -->
<mark id="norm_272" xlink:href="#tok_272"/><!-- ϣⲟⲣϣ︤ⲣ︥ -->
<mark id="norm_273" xlink:href="#tok_273"/><!-- ⲛ̄ -->
<mark id="norm_274" xlink:href="#tok_274"/><!-- ⲥⲩⲛⲁⲅⲱⲅⲏ` -->
<mark id="norm_275" xlink:href="#tok_275"/><!-- ⲛⲓⲙ` -->
<mark id="norm_276" xlink:href="#tok_276"/><!-- ⲛ̄ⲧ -->
<mark id="norm_277" xlink:href="#tok_277"/><!-- ⲁ -->
<mark id="norm_278" xlink:href="#tok_278"/><!-- ⲩ -->
<mark id="norm_279" xlink:href="#tok_279"/><!-- ⲣ̂ -->
<mark id="norm_280" xlink:href="#xpointer(id('tok_280')/range-to(id('tok_281')))"/><!-- ⲛⲟ...ⲃⲉ` -->
<mark id="norm_282" xlink:href="#tok_282"/><!-- ⲙ̄ -->
<mark id="norm_283" xlink:href="#tok_283"/><!-- ⲡⲉ -->
<mark id="norm_284" xlink:href="#tok_284"/><!-- ⲙⲧⲟ -->
<mark id="norm_285" xlink:href="#tok_285"/><!-- ⲉⲃⲟⲗ -->
<mark id="norm_286" xlink:href="#tok_286"/><!-- ⲙ̄ -->
<mark id="norm_287" xlink:href="#tok_287"/><!-- ⲡ -->
<mark id="norm_288" xlink:href="#tok_288"/><!-- ⲛⲟⲩⲧⲉ` -->
<mark id="norm_289" xlink:href="#tok_289"/><!-- ϫⲓⲛ -->
<mark id="norm_290" xlink:href="#tok_290"/><!-- ⲛ̄ -->
<mark id="norm_291" xlink:href="#tok_291"/><!-- ϣⲟⲣ︤ⲡ︥ -->
<mark id="norm_292" xlink:href="#tok_292"/><!-- ϣ̄ⲁ -->
<mark id="norm_293" xlink:href="#tok_293"/><!-- ϩⲣⲁⲓ̈ -->
<mark id="norm_294" xlink:href="#tok_294"/><!-- ⲉ -->
<mark id="norm_295" xlink:href="#tok_295"/><!-- ⲡ -->
<mark id="norm_296" xlink:href="#tok_296"/><!-- ⲟⲟⲩ -->
<mark id="norm_297" xlink:href="#tok_297"/><!-- ⲛ̄ -->
<mark id="norm_298" xlink:href="#tok_298"/><!-- ϩⲟⲟⲩ -->
<mark id="norm_299" xlink:href="#tok_299"/><!-- · -->
<mark id="norm_300" xlink:href="#tok_300"/><!-- Ⲁⲗⲗⲁ -->
<mark id="norm_301" xlink:href="#tok_301"/><!-- ϩ︤ⲛ︥ -->
<mark id="norm_302" xlink:href="#tok_302"/><!-- ⲟⲩ -->
<mark id="norm_303" xlink:href="#tok_303"/><!-- ϯ -->
<mark id="norm_304" xlink:href="#tok_304"/><!-- ⲥⲃⲱ̂ -->
<mark id="norm_305" xlink:href="#tok_305"/><!-- ⲙⲁⲣ︤ -->
<mark id="norm_306" xlink:href="#tok_306"/><!-- ⲛ︥ -->
<mark id="norm_307" xlink:href="#tok_307"/><!-- ϯ -->
<mark id="norm_308" xlink:href="#tok_308"/><!-- ⲥⲃⲱ̂ -->
<mark id="norm_309" xlink:href="#tok_309"/><!-- ⲛ̄ -->
<mark id="norm_310" xlink:href="#tok_310"/><!-- ⲛ⳯ -->
<mark id="norm_311" xlink:href="#tok_311"/><!-- ⲉⲣⲏⲩ` -->
<mark id="norm_312" xlink:href="#tok_312"/><!-- ⲉ -->
<mark id="norm_313" xlink:href="#tok_313"/><!-- ⲧ︤ⲙ︥ -->
<mark id="norm_314" xlink:href="#tok_314"/><!-- ⲣ̂ -->
<mark id="norm_315" xlink:href="#xpointer(id('tok_315')/range-to(id('tok_316')))"/><!-- ⲛⲟ...ⲃⲉ` -->
<mark id="norm_317" xlink:href="#tok_317"/><!-- ⲙ̄ -->
<mark id="norm_318" xlink:href="#tok_318"/><!-- ⲡⲉ -->
<mark id="norm_319" xlink:href="#tok_319"/><!-- ⲙⲧⲟ̂ -->
<mark id="norm_320" xlink:href="#tok_320"/><!-- ⲉⲃⲟⲗ -->
<mark id="norm_321" xlink:href="#tok_321"/><!-- ⲙ̄ -->
<mark id="norm_322" xlink:href="#tok_322"/><!-- ⲡ -->
<mark id="norm_323" xlink:href="#tok_323"/><!-- ϫⲟⲉⲓⲥ -->
<mark id="norm_324" xlink:href="#tok_324"/><!-- · -->
<mark id="norm_325" xlink:href="#tok_325"/><!-- Ⲁⲩⲱ -->
<mark id="norm_326" xlink:href="#tok_326"/><!-- ⲟⲛ -->
<mark id="norm_327" xlink:href="#tok_327"/><!-- ⲉ -->
<mark id="norm_328" xlink:href="#tok_328"/><!-- ⲛ -->
<mark id="norm_329" xlink:href="#tok_329"/><!-- ϣⲁⲛ -->
<mark id="norm_330" xlink:href="#xpointer(id('tok_330')/range-to(id('tok_331')))"/><!-- ϣⲱ...ϥ︤ⲧ︥ -->
<mark id="norm_332" xlink:href="#tok_332"/><!-- ⲛ̄ -->
<mark id="norm_333" xlink:href="#tok_333"/><!-- ⲧ︤ⲛ︥ -->
<mark id="norm_334" xlink:href="#tok_334"/><!-- ⲉⲓⲣⲉ -->
<mark id="norm_335" xlink:href="#tok_335"/><!-- ⲛ̄ -->
<mark id="norm_336" xlink:href="#tok_336"/><!-- ⲟⲩ -->
<mark id="norm_337" xlink:href="#tok_337"/><!-- ⲙ︤ⲛ︦ⲧ︥ϣⲁϥⲧⲉ -->
<mark id="norm_338" xlink:href="#tok_338"/><!-- ϩ︤ⲛ︥ -->
<mark id="norm_339" xlink:href="#tok_339"/><!-- ⲟⲩ -->
<mark id="norm_340" xlink:href="#tok_340"/><!-- ϫⲡⲓⲟ̂ -->
<mark id="norm_341" xlink:href="#tok_341"/><!-- ⲙⲁⲣ︤ -->
<mark id="norm_342" xlink:href="#tok_342"/><!-- ⲛ︥ -->
<mark id="norm_343" xlink:href="#tok_343"/><!-- ϫⲡⲓⲟ̂ -->
<mark id="norm_344" xlink:href="#tok_344"/><!-- ⲛ̄ -->
<mark id="norm_345" xlink:href="#tok_345"/><!-- ⲛⲉⲛ -->
<mark id="norm_346" xlink:href="#tok_346"/><!-- ⲉⲣⲏⲩ -->
<mark id="norm_347" xlink:href="#tok_347"/><!-- ϫⲉ -->
<mark id="norm_348" xlink:href="#tok_348"/><!-- ⲡⲁⲓ̈ -->
<mark id="norm_349" xlink:href="#tok_349"/><!-- ⲡⲉ -->
<mark id="norm_350" xlink:href="#tok_350"/><!-- ⲡ -->
<mark id="norm_351" xlink:href="#xpointer(id('tok_351')/range-to(id('tok_352')))"/><!-- ⲧⲁ...ϫⲣⲟ̂ -->
<mark id="norm_353" xlink:href="#tok_353"/><!-- · -->
<mark id="norm_354" xlink:href="#tok_354"/><!-- ⲁⲩⲱ -->
<mark id="norm_355" xlink:href="#tok_355"/><!-- ⲡ -->
<mark id="norm_356" xlink:href="#xpointer(id('tok_356')/range-to(id('tok_357')))"/><!-- ⲥⲟⲟ...ϩⲉ` -->
<mark id="norm_358" xlink:href="#tok_358"/><!-- ⲛ̄ -->
<mark id="norm_359" xlink:href="#tok_359"/><!-- ⲥⲩⲛⲁⲅⲱⲅⲏ` -->
<mark id="norm_360" xlink:href="#tok_360"/><!-- ⲛⲓⲙ` -->
<mark id="norm_361" xlink:href="#tok_361"/><!-- ⲛ̄ⲧ -->
<mark id="norm_362" xlink:href="#tok_362"/><!-- ⲁ -->
<mark id="norm_363" xlink:href="#tok_363"/><!-- ⲩ -->
<mark id="norm_364" xlink:href="#tok_364"/><!-- ⲣ̂ -->
<mark id="norm_365" xlink:href="#tok_365"/><!-- ⲁⲛⲁϥ` -->
<mark id="norm_366" xlink:href="#tok_366"/><!-- ⲙ̄ -->
<mark id="norm_367" xlink:href="#tok_367"/><!-- ⲡ -->
<mark id="norm_368" xlink:href="#tok_368"/><!-- ϫⲟⲓ̈ⲥ -->
<mark id="norm_369" xlink:href="#tok_369"/><!-- ϫⲓ -->
<mark id="norm_370" xlink:href="#tok_370"/><!-- ⲛ̄ -->
<mark id="norm_371" xlink:href="#tok_371"/><!-- ⲛ̄ -->
<mark id="norm_372" xlink:href="#xpointer(id('tok_372')/range-to(id('tok_373')))"/><!-- ϣⲟ...ⲣ︤ⲡ︥ -->
<mark id="norm_374" xlink:href="#tok_374"/><!-- ϣⲁ -->
<mark id="norm_375" xlink:href="#tok_375"/><!-- ϩⲣⲁⲓ̈ -->
<mark id="norm_376" xlink:href="#tok_376"/><!-- ⲉ -->
<mark id="norm_377" xlink:href="#xpointer(id('tok_377')/range-to(id('tok_378')))"/><!-- ⲧⲉ...ⲛⲟⲩ -->
<mark id="norm_379" xlink:href="#tok_379"/><!-- · -->
<mark id="norm_380" xlink:href="#tok_380"/><!-- ⲛ̄ -->
<mark id="norm_381" xlink:href="#tok_381"/><!-- ⲟⲩ -->
<mark id="norm_382" xlink:href="#xpointer(id('tok_382')/range-to(id('tok_383')))"/><!-- ⲙⲟⲓ̈...Ϩⲉ -->
<mark id="norm_384" xlink:href="#tok_384"/><!-- ⲁⲛ -->
<mark id="norm_385" xlink:href="#tok_385"/><!-- ⲧⲉ -->
<mark id="norm_386" xlink:href="#tok_386"/><!-- ⲉ -->
<mark id="norm_387" xlink:href="#tok_387"/><!-- ⲛ -->
<mark id="norm_388" xlink:href="#tok_388"/><!-- ϣⲁⲛ` -->
<mark id="norm_389" xlink:href="#tok_389"/><!-- ϣⲱⲡⲉ -->
<mark id="norm_390" xlink:href="#tok_390"/><!-- ⲛ̄ -->
<mark id="norm_391" xlink:href="#tok_391"/><!-- ⲑ -->
<mark id="norm_392" xlink:href="#tok_392"/><!-- ⲉ -->
<mark id="norm_393" xlink:href="#tok_393"/><!-- ⲛ̄ -->
<mark id="norm_394" xlink:href="#tok_394"/><!-- ⲛⲉ -->
<mark id="norm_395" xlink:href="#tok_395"/><!-- ⲡⲣⲟⲫⲏⲧⲏⲥ -->
<mark id="norm_396" xlink:href="#tok_396"/><!-- ⲛ̄ -->
<mark id="norm_397" xlink:href="#tok_397"/><!-- ⲛⲟⲩϫ` -->
<mark id="norm_398" xlink:href="#tok_398"/><!-- ⲛ̄ -->
<mark id="norm_399" xlink:href="#tok_399"/><!-- ⲧ︤ⲛ︥ -->
<mark id="norm_400" xlink:href="#xpointer(id('tok_400')/range-to(id('tok_401')))"/><!-- ϩⲱ...ⲃ︤ⲥ︥ -->
<mark id="norm_402" xlink:href="#tok_402"/><!-- ⲉⲃⲟⲗ -->
<mark id="norm_403" xlink:href="#tok_403"/><!-- ⲉϫⲛ̄ -->
<mark id="norm_404" xlink:href="#tok_404"/><!-- ⲛ̄ -->
<mark id="norm_405" xlink:href="#tok_405"/><!-- ⲛⲟⲃⲉ` -->
<mark id="norm_406" xlink:href="#tok_406"/><!-- ⲛ̄ -->
<mark id="norm_407" xlink:href="#tok_407"/><!-- ⲛⲉⲛ -->
<mark id="norm_408" xlink:href="#tok_408"/><!-- ⲉⲣⲏⲩ -->
<mark id="norm_409" xlink:href="#tok_409"/><!-- ⲛ̄ⲧⲉ -->
<mark id="norm_410" xlink:href="#tok_410"/><!-- ⲡ -->
<mark id="norm_411" xlink:href="#tok_411"/><!-- ⲛⲟⲩⲧⲉ -->
<mark id="norm_412" xlink:href="#tok_412"/><!-- · -->
<mark id="norm_413" xlink:href="#tok_413"/><!-- ⲡ -->
<mark id="norm_414" xlink:href="#tok_414"/><!-- ⲱϩ︤ⲧ︥ -->
<mark id="norm_415" xlink:href="#tok_415"/><!-- ⲙ̄ -->
<mark id="norm_416" xlink:href="#tok_416"/><!-- ⲡⲉ -->
<mark id="norm_417" xlink:href="#tok_417"/><!-- ϥ -->
<mark id="norm_418" xlink:href="#xpointer(id('tok_418')/range-to(id('tok_419')))"/><!-- ⲥⲁ...ϩⲟⲩ` -->
<mark id="norm_420" xlink:href="#tok_420"/><!-- ⲉϩⲣⲁⲓ̈ -->
<mark id="norm_421" xlink:href="#tok_421"/><!-- ⲉϫⲱ -->
<mark id="norm_422" xlink:href="#tok_422"/><!-- ⲛ` -->
<mark id="norm_423" xlink:href="#tok_423"/><!-- ϩ︤ⲛ︥ -->
<mark id="norm_424" xlink:href="#tok_424"/><!-- ⲟⲩ -->
<mark id="norm_425" xlink:href="#tok_425"/><!-- ϭⲱⲛ︤ⲧ︥ -->
<mark id="norm_426" xlink:href="#tok_426"/><!-- ⲙ︤ⲛ︥ -->
<mark id="norm_427" xlink:href="#tok_427"/><!-- ⲟⲩ -->
<mark id="norm_428" xlink:href="#tok_428"/><!-- ⲟⲣⲅⲏ` -->
<mark id="norm_429" xlink:href="#tok_429"/><!-- · -->
<mark id="norm_430" xlink:href="#xpointer(id('tok_430')/range-to(id('tok_431')))"/><!-- ⲁⲗ...Ⲗⲁ -->
<mark id="norm_432" xlink:href="#tok_432"/><!-- ⲧⲉ -->
<mark id="norm_433" xlink:href="#tok_433"/><!-- ϣⲡⲏⲣⲉ -->
<mark id="norm_434" xlink:href="#xpointer(id('tok_434')/range-to(id('tok_435')))"/><!-- ⲛ̄...ⲧⲟϥ -->
<mark id="norm_436" xlink:href="#tok_436"/><!-- ⲧⲉ -->
<mark id="norm_437" xlink:href="#tok_437"/><!-- ⲉ -->
<mark id="norm_438" xlink:href="#tok_438"/><!-- ⲛ -->
<mark id="norm_439" xlink:href="#tok_439"/><!-- ϣⲁⲛ -->
<mark id="norm_440" xlink:href="#tok_440"/><!-- ⲟⲩⲁ -->
<mark id="norm_441" xlink:href="#tok_441"/><!-- ϩ︤ⲛ︥ -->
<mark id="norm_442" xlink:href="#tok_442"/><!-- ⲛ̄ -->
<mark id="norm_443" xlink:href="#tok_443"/><!-- ⲥⲁ -->
<mark id="norm_444" xlink:href="#tok_444"/><!-- ⲡⲉ -->
<mark id="norm_445" xlink:href="#tok_445"/><!-- ⲥⲙⲟⲧ` -->
<mark id="norm_446" xlink:href="#tok_446"/><!-- ⲛ̄ -->
<mark id="norm_447" xlink:href="#tok_447"/><!-- ⲛⲉⲛ -->
<mark id="norm_448" xlink:href="#xpointer(id('tok_448')/range-to(id('tok_449')))"/><!-- ⲉⲓ...ⲟⲧⲉ` -->
<mark id="norm_450" xlink:href="#tok_450"/><!-- ⲛⲉ -->
<mark id="norm_451" xlink:href="#xpointer(id('tok_451')/range-to(id('tok_452')))"/><!-- ⲡⲣⲟⲫⲏ...ⲧⲏⲥ` -->
<mark id="norm_453" xlink:href="#tok_453"/><!-- ⲙ︤ⲛ︥ -->
<mark id="norm_454" xlink:href="#tok_454"/><!-- ⲛ̄ -->
<mark id="norm_455" xlink:href="#xpointer(id('tok_455')/range-to(id('tok_456')))"/><!-- ⲁⲡⲟ...ⲥⲧⲟⲗⲟⲥ -->
<mark id="norm_457" xlink:href="#tok_457"/><!-- · -->
<mark id="norm_458" xlink:href="#tok_458"/><!-- ⲛ̄ -->
<mark id="norm_459" xlink:href="#tok_459"/><!-- ⲧ︤ⲛ︥ -->
<mark id="norm_460" xlink:href="#tok_460"/><!-- ϣⲱⲡⲉ` -->
<mark id="norm_461" xlink:href="#tok_461"/><!-- ⲉ -->
<mark id="norm_462" xlink:href="#tok_462"/><!-- ⲛ̄ -->
<mark id="norm_463" xlink:href="#tok_463"/><!-- ϯ -->
<mark id="norm_464" xlink:href="#tok_464"/><!-- ⲥⲃⲱ̂ -->
<mark id="norm_465" xlink:href="#tok_465"/><!-- ⲛ̄ -->
<mark id="norm_466" xlink:href="#tok_466"/><!-- ⲛⲉⲛ -->
<mark id="norm_467" xlink:href="#tok_467"/><!-- ⲉⲣⲏⲩ -->
<mark id="norm_468" xlink:href="#tok_468"/><!-- ⲉ -->
<mark id="norm_469" xlink:href="#tok_469"/><!-- ⲧ︤ⲙ︥ -->
<mark id="norm_470" xlink:href="#tok_470"/><!-- ⲣ̂ -->
<mark id="norm_471" xlink:href="#tok_471"/><!-- ⲛⲟⲃⲉ` -->
<mark id="norm_472" xlink:href="#tok_472"/><!-- ⲙ̄ -->
<mark id="norm_473" xlink:href="#tok_473"/><!-- ⲡⲉ -->
<mark id="norm_474" xlink:href="#tok_474"/><!-- ⲙⲧⲟ -->
<mark id="norm_475" xlink:href="#tok_475"/><!-- ⲉⲃⲟⲗ -->
<mark id="norm_476" xlink:href="#tok_476"/><!-- ⲙ̄ -->
<mark id="norm_477" xlink:href="#tok_477"/><!-- ⲡ -->
<mark id="norm_478" xlink:href="#tok_478"/><!-- ⲛⲟⲩⲧⲉ -->
<mark id="norm_479" xlink:href="#tok_479"/><!-- · -->
<mark id="norm_480" xlink:href="#tok_480"/><!-- ⲁⲩⲱ -->
<mark id="norm_481" xlink:href="#tok_481"/><!-- ⲟⲛ -->
<mark id="norm_482" xlink:href="#tok_482"/><!-- ⲕⲁⲛ -->
<mark id="norm_483" xlink:href="#tok_483"/><!-- ⲉ -->
<mark id="norm_484" xlink:href="#tok_484"/><!-- ⲛ -->
<mark id="norm_485" xlink:href="#tok_485"/><!-- ϣⲁⲛ -->
<mark id="norm_486" xlink:href="#tok_486"/><!-- ⲉⲓⲣⲉ` -->
<mark id="norm_487" xlink:href="#tok_487"/><!-- ⲛ̄ -->
<mark id="norm_488" xlink:href="#tok_488"/><!-- ⲟⲩ -->
<mark id="norm_489" xlink:href="#tok_489"/><!-- ⲙ︤ⲛ︦ⲧ︥ϣⲁϥⲧⲉ` -->
<mark id="norm_490" xlink:href="#tok_490"/><!-- ϩ︤ⲛ︥ -->
<mark id="norm_491" xlink:href="#tok_491"/><!-- ⲟⲩ -->
<mark id="norm_492" xlink:href="#xpointer(id('tok_492')/range-to(id('tok_493')))"/><!-- ⲙ︤ⲛ︦ⲧ︥ⲁⲧⲥⲟ...ⲟⲩⲛ -->
<mark id="norm_494" xlink:href="#tok_494"/><!-- · -->
<mark id="norm_495" xlink:href="#tok_495"/><!-- ϩ︤ⲛ︥ -->
<mark id="norm_496" xlink:href="#tok_496"/><!-- ⲟⲩ -->
<mark id="norm_497" xlink:href="#xpointer(id('tok_497')/range-to(id('tok_498')))"/><!-- ϫⲡⲓ...ⲟ̂ -->
<mark id="norm_499" xlink:href="#tok_499"/><!-- ⲛ̄ -->
<mark id="norm_500" xlink:href="#tok_500"/><!-- ⲧ︤ⲛ︥ -->
<mark id="norm_501" xlink:href="#tok_501"/><!-- ϫⲡⲓⲟ̂ -->
<mark id="norm_502" xlink:href="#tok_502"/><!-- ⲛ̄ -->
<mark id="norm_503" xlink:href="#tok_503"/><!-- ⲛⲉⲛ -->
<mark id="norm_504" xlink:href="#tok_504"/><!-- ⲉⲣⲏⲩ` -->
<mark id="norm_505" xlink:href="#tok_505"/><!-- ⲉ -->
<mark id="norm_506" xlink:href="#tok_506"/><!-- ⲧⲣ -->
<mark id="norm_507" xlink:href="#tok_507"/><!-- ⳯ -->
<mark id="norm_508" xlink:href="#tok_508"/><!-- ⲙⲉⲧⲁⲛⲟⲓ̈ -->
<mark id="norm_509" xlink:href="#tok_509"/><!-- · -->
<mark id="norm_510" xlink:href="#xpointer(id('tok_510')/range-to(id('tok_511')))"/><!-- ϫⲉ...ⲕⲁⲥ` -->
<mark id="norm_512" xlink:href="#tok_512"/><!-- ⲉⲣⲉ -->
<mark id="norm_513" xlink:href="#tok_513"/><!-- ⲡ -->
<mark id="norm_514" xlink:href="#tok_514"/><!-- ϫⲟⲓ̈ⲥ -->
<mark id="norm_515" xlink:href="#tok_515"/><!-- ⲡⲱϩ︤ⲧ︥` -->
<mark id="norm_516" xlink:href="#tok_516"/><!-- ⲙ̄ -->
<mark id="norm_517" xlink:href="#tok_517"/><!-- ⲡⲉϥ -->
<mark id="norm_518" xlink:href="#tok_518"/><!-- ⲥⲙⲟⲩ` -->
<mark id="norm_519" xlink:href="#tok_519"/><!-- ⲉϩⲣⲁⲓ̈ -->
<mark id="norm_520" xlink:href="#tok_520"/><!-- ⲉϫⲱ -->
<mark id="norm_521" xlink:href="#tok_521"/><!-- ⳯ -->
<mark id="norm_522" xlink:href="#tok_522"/><!-- ϩ︤ⲛ︥ -->
<mark id="norm_523" xlink:href="#tok_523"/><!-- ⲟⲩ -->
<mark id="norm_524" xlink:href="#tok_524"/><!-- ⲛⲁ -->
<mark id="norm_525" xlink:href="#tok_525"/><!-- ⲙ︤ⲛ︥ -->
<mark id="norm_526" xlink:href="#tok_526"/><!-- ⲟⲩ -->
<mark id="norm_527" xlink:href="#tok_527"/><!-- ⲙ︤ⲛ︦ⲧ︥ -->
<mark id="norm_528" xlink:href="#tok_528"/><!-- ϣⲁ -->
<mark id="norm_529" xlink:href="#tok_529"/><!-- ⲛ -->
<mark id="norm_530" xlink:href="#tok_530"/><!-- ϩⲧⲏ -->
<mark id="norm_531" xlink:href="#tok_531"/><!-- ϥ -->
<mark id="norm_532" xlink:href="#tok_532"/><!-- Ⲡⲗⲏⲛ -->
<mark id="norm_533" xlink:href="#tok_533"/><!-- ⲉϣϫⲉ -->
<mark id="norm_534" xlink:href="#tok_534"/><!-- ⲡ -->
<mark id="norm_535" xlink:href="#tok_535"/><!-- ⲉⲧ -->
<mark id="norm_536" xlink:href="#tok_536"/><!-- ⲉϣϣⲉ -->
<mark id="norm_537" xlink:href="#tok_537"/><!-- ⲡⲉ` -->
<mark id="norm_538" xlink:href="#tok_538"/><!-- ⲉ -->
<mark id="norm_539" xlink:href="#tok_539"/><!-- ⲧⲣⲉ -->
<mark id="norm_540" xlink:href="#tok_540"/><!-- ⳯ -->
<mark id="norm_541" xlink:href="#tok_541"/><!-- ϫⲉ -->
<mark id="norm_542" xlink:href="#tok_542"/><!-- ϩⲁϩ -->
<mark id="norm_543" xlink:href="#tok_543"/><!-- ⲛ̄ -->
<mark id="norm_544" xlink:href="#tok_544"/><!-- ϣⲁϫⲉ -->
<mark id="norm_545" xlink:href="#tok_545"/><!-- · -->
<mark id="norm_546" xlink:href="#tok_546"/><!-- ⲛⲏ -->
<mark id="norm_547" xlink:href="#tok_547"/><!-- ⲧ︤ⲛ︥ -->
<mark id="norm_548" xlink:href="#tok_548"/><!-- ϩ︤ⲛ︥ -->
<mark id="norm_549" xlink:href="#tok_549"/><!-- ⲧⲉⲓ̈ -->
<mark id="norm_550" xlink:href="#xpointer(id('tok_550')/range-to(id('tok_551')))"/><!-- ⲉ...ⲡⲓⲥⲧⲟⲗⲏ -->
<mark id="norm_552" xlink:href="#tok_552"/><!-- · -->
<mark id="norm_553" xlink:href="#tok_553"/><!-- ⲡ -->
<mark id="norm_554" xlink:href="#xpointer(id('tok_554')/range-to(id('tok_555')))"/><!-- ⲉ...ⲧ -->
<mark id="norm_556" xlink:href="#tok_556"/><!-- ⲉϣϣⲉ -->
<mark id="norm_557" xlink:href="#tok_557"/><!-- ⲟⲛ̄ -->
<mark id="norm_558" xlink:href="#tok_558"/><!-- ⲡⲉ -->
<mark id="norm_559" xlink:href="#tok_559"/><!-- ⲉ -->
<mark id="norm_560" xlink:href="#tok_560"/><!-- ⲧⲣⲉ -->
<mark id="norm_561" xlink:href="#tok_561"/><!-- ⲛ -->
<mark id="norm_562" xlink:href="#tok_562"/><!-- ϩⲱ̂ -->
<mark id="norm_563" xlink:href="#tok_563"/><!-- ⲉⲣⲟ -->
<mark id="norm_564" xlink:href="#tok_564"/><!-- ⲛ  -->
<mark id="norm_565" xlink:href="#tok_565"/><!-- · -->
<mark id="norm_566" xlink:href="#tok_566"/><!-- ⲁⲩⲱ -->
<mark id="norm_567" xlink:href="#tok_567"/><!-- ⲛ̄ -->
<mark id="norm_568" xlink:href="#tok_568"/><!-- ⲧ︤ⲛ︥ -->
<mark id="norm_569" xlink:href="#tok_569"/><!-- ϯ -->
<mark id="norm_570" xlink:href="#xpointer(id('tok_570')/range-to(id('tok_571')))"/><!-- ⲧⲏⲩ...ⲧ︤ⲛ︥ -->
<mark id="norm_572" xlink:href="#tok_572"/><!-- ⲉ -->
<mark id="norm_573" xlink:href="#tok_573"/><!-- ⲧⲟⲟⲧ︤ -->
<mark id="norm_574" xlink:href="#tok_574"/><!-- ϥ︥ -->
<mark id="norm_575" xlink:href="#tok_575"/><!-- ⲙ̄ -->
<mark id="norm_576" xlink:href="#tok_576"/><!-- ⲡ -->
<mark id="norm_577" xlink:href="#tok_577"/><!-- ⲛⲟⲩⲧⲉ` -->
<mark id="norm_578" xlink:href="#tok_578"/><!-- ⲙ︤ⲛ︥ -->
<mark id="norm_579" xlink:href="#tok_579"/><!-- ⲛ̄ -->
<mark id="norm_580" xlink:href="#tok_580"/><!-- ϣⲁϫⲉ -->
<mark id="norm_581" xlink:href="#tok_581"/><!-- ⲧⲏⲣ -->
<mark id="norm_582" xlink:href="#tok_582"/><!-- ⲟⲩ -->
<mark id="norm_583" xlink:href="#tok_583"/><!-- ⲛ̄ -->
<mark id="norm_584" xlink:href="#tok_584"/><!-- ⲛⲉ -->
<mark id="norm_585" xlink:href="#tok_585"/><!-- ⲅⲣⲁⲫⲏ̂ -->
<mark id="norm_586" xlink:href="#tok_586"/><!-- · -->
<mark id="norm_587" xlink:href="#tok_587"/><!-- Ⲛ̄ -->
<mark id="norm_588" xlink:href="#tok_588"/><!-- ⲑ -->
<mark id="norm_589" xlink:href="#tok_589"/><!-- ⲉ -->
<mark id="norm_590" xlink:href="#tok_590"/><!-- ⲉ -->
<mark id="norm_591" xlink:href="#tok_591"/><!-- ϣⲁ -->
<mark id="norm_592" xlink:href="#tok_592"/><!-- ϥ -->
<mark id="norm_593" xlink:href="#tok_593"/><!-- ϫⲟⲟⲥ -->
<mark id="norm_594" xlink:href="#tok_594"/><!-- ⲛ̄ϭⲓ -->
<mark id="norm_595" xlink:href="#tok_595"/><!-- ⲡ -->
<mark id="norm_596" xlink:href="#xpointer(id('tok_596')/range-to(id('tok_598')))"/><!-- ⲁⲡⲟⲥⲧⲟⲗ...ⲥ -->
<mark id="norm_599" xlink:href="#tok_599"/><!-- · -->
<mark id="norm_600" xlink:href="#tok_600"/><!-- ϫⲉ -->
<mark id="norm_601" xlink:href="#tok_601"/><!-- ϯ -->
<mark id="norm_602" xlink:href="#tok_602"/><!-- ϯ -->
<mark id="norm_603" xlink:href="#tok_603"/><!-- ⲙ̄ⲙⲱ -->
<mark id="norm_604" xlink:href="#tok_604"/><!-- ⲧ︤ⲛ︥ -->
<mark id="norm_605" xlink:href="#tok_605"/><!-- ⲉ -->
<mark id="norm_606" xlink:href="#tok_606"/><!-- ⲧⲟⲟⲧ︤ -->
<mark id="norm_607" xlink:href="#tok_607"/><!-- ϥ︥ -->
<mark id="norm_608" xlink:href="#tok_608"/><!-- ⲙ̄ -->
<mark id="norm_609" xlink:href="#tok_609"/><!-- ⲡ -->
<mark id="norm_610" xlink:href="#xpointer(id('tok_610')/range-to(id('tok_611')))"/><!-- ⲛⲟⲩ...ⲧⲉ -->
<mark id="norm_612" xlink:href="#tok_612"/><!-- ⲙ︤ⲛ︥ -->
<mark id="norm_613" xlink:href="#tok_613"/><!-- ⲡ -->
<mark id="norm_614" xlink:href="#tok_614"/><!-- ϣⲁϫⲉ -->
<mark id="norm_615" xlink:href="#tok_615"/><!-- ⲛ̄ -->
<mark id="norm_616" xlink:href="#tok_616"/><!-- ⲧⲉ -->
<mark id="norm_617" xlink:href="#tok_617"/><!-- ϥ -->
<mark id="norm_618" xlink:href="#tok_618"/><!-- ⲭⲁⲣⲓⲥ -->
<mark id="norm_619" xlink:href="#tok_619"/><!-- · -->
<mark id="norm_620" xlink:href="#tok_620"/><!-- ⲡ -->
<mark id="norm_621" xlink:href="#xpointer(id('tok_621')/range-to(id('tok_622')))"/><!-- ⲉ...ⲧⲉ -->
<mark id="norm_623" xlink:href="#tok_623"/><!-- ⲩⲛ -->
<mark id="norm_624" xlink:href="#tok_624"/><!-- ϭ̣ⲟⲙ` -->
<mark id="norm_625" xlink:href="#tok_625"/><!-- ⲙ̄ⲙⲟ -->
<mark id="norm_626" xlink:href="#tok_626"/><!-- ϥ -->
<mark id="norm_627" xlink:href="#tok_627"/><!-- ⲉ -->
<mark id="norm_628" xlink:href="#tok_628"/><!-- ⲕⲱⲧ` -->
<mark id="norm_629" xlink:href="#tok_629"/><!-- ⲙ̄ⲙⲱ -->
<mark id="norm_630" xlink:href="#tok_630"/><!-- ⲧ︤ⲛ︥ -->
<mark id="norm_631" xlink:href="#tok_631"/><!-- ⲁⲩⲱ -->
<mark id="norm_632" xlink:href="#tok_632"/><!-- ⲉ -->
<mark id="norm_633" xlink:href="#tok_633"/><!-- ϯ -->
<mark id="norm_634" xlink:href="#tok_634"/><!-- ⲛⲏ̂ -->
<mark id="norm_635" xlink:href="#tok_635"/><!-- ⲧ︤ⲛ︥ -->
<mark id="norm_636" xlink:href="#tok_636"/><!-- ⲛ̄ -->
<mark id="norm_637" xlink:href="#tok_637"/><!-- ⲧⲉ -->
<mark id="norm_638" xlink:href="#tok_638"/><!-- ⲕⲗⲏⲣⲟⲛⲟⲙⲓⲁ` -->
<mark id="norm_639" xlink:href="#tok_639"/><!-- ⲙ︤ⲛ︥ -->
<mark id="norm_640" xlink:href="#tok_640"/><!-- ⲛ -->
<mark id="norm_641" xlink:href="#tok_641"/><!-- ⲉⲧ -->
<mark id="norm_642" xlink:href="#tok_642"/><!-- ⲟⲩⲁⲁⲃ -->
<mark id="norm_643" xlink:href="#tok_643"/><!-- ⲧⲏⲣ -->
<mark id="norm_644" xlink:href="#tok_644"/><!-- ⲟⲩ -->
<mark id="norm_645" xlink:href="#tok_645"/><!-- · -->
<mark id="norm_646" xlink:href="#xpointer(id('tok_646')/range-to(id('tok_647')))"/><!-- ⲧⲉ...Ⲛⲟⲩ -->
<mark id="norm_648" xlink:href="#tok_648"/><!-- ϭⲉ` -->
<mark id="norm_649" xlink:href="#tok_649"/><!-- ⲉⲡⲉⲓⲇⲏ` -->
<mark id="norm_650" xlink:href="#tok_650"/><!-- ⲁ -->
<mark id="norm_651" xlink:href="#tok_651"/><!-- ⲧⲉⲧ︤ⲛ︥ -->
<mark id="norm_652" xlink:href="#tok_652"/><!-- ⲧ︤ⲛ︥ⲛⲟ -->
<mark id="norm_653" xlink:href="#tok_653"/><!-- ⲟⲩ -->
<mark id="norm_654" xlink:href="#tok_654"/><!-- ⲛⲁ -->
<mark id="norm_655" xlink:href="#tok_655"/><!-- ⲛ` -->
<mark id="norm_656" xlink:href="#tok_656"/><!-- ϫⲉ -->
<mark id="norm_657" xlink:href="#tok_657"/><!-- ⲁ -->
<mark id="norm_658" xlink:href="#tok_658"/><!-- ⲧ -->
<mark id="norm_659" xlink:href="#xpointer(id('tok_659')/range-to(id('tok_660')))"/><!-- ⲥⲱ...ⲛⲉ` -->
<mark id="norm_661" xlink:href="#tok_661"/><!-- ⲛ̄ⲧ -->
<mark id="norm_662" xlink:href="#tok_662"/><!-- ⲁ -->
<mark id="norm_663" xlink:href="#tok_663"/><!-- ⲧⲉⲧ︤ⲛ︥ -->
<mark id="norm_664" xlink:href="#tok_664"/><!-- ⲧⲁϩⲟ -->
<mark id="norm_665" xlink:href="#tok_665"/><!-- ⲥ -->
<mark id="norm_666" xlink:href="#tok_666"/><!-- ⲉ -->
<mark id="norm_667" xlink:href="#tok_667"/><!-- ⲣⲁⲧ︤ -->
<mark id="norm_668" xlink:href="#tok_668"/><!-- ⲥ︥ -->
<mark id="norm_669" xlink:href="#tok_669"/><!-- ⲉ -->
<mark id="norm_670" xlink:href="#tok_670"/><!-- ⲡ -->
<mark id="norm_671" xlink:href="#tok_671"/><!-- ⲙⲁ` -->
<mark id="norm_672" xlink:href="#tok_672"/><!-- ⲛ̄ⲧⲉ -->
<mark id="norm_673" xlink:href="#tok_673"/><!-- ⲛ -->
<mark id="norm_674" xlink:href="#tok_674"/><!-- ⲧⲁ -->
<mark id="norm_675" xlink:href="#tok_675"/><!-- ⲥ -->
<mark id="norm_676" xlink:href="#tok_676"/><!-- ⲙⲟⲩ -->
<mark id="norm_677" xlink:href="#tok_677"/><!-- · -->
<mark id="norm_678" xlink:href="#tok_678"/><!-- ⲁⲑⲉⲧⲓ` -->
<mark id="norm_679" xlink:href="#tok_679"/><!-- ⲙ̄ -->
<mark id="norm_680" xlink:href="#tok_680"/><!-- ⲡ -->
<mark id="norm_681" xlink:href="#tok_681"/><!-- ϩⲱⲃ -->
<mark id="norm_682" xlink:href="#tok_682"/><!-- ⲛ̄ⲧ -->
<mark id="norm_683" xlink:href="#tok_683"/><!-- ⲁ -->
<mark id="norm_684" xlink:href="#xpointer(id('tok_684')/range-to(id('tok_685')))"/><!-- ⲧⲉ...ⲧ︤ⲛ︥ -->
<mark id="norm_686" xlink:href="#tok_686"/><!-- ⲧⲟϣ︤ -->
<mark id="norm_687" xlink:href="#tok_687"/><!-- ⲥ︥ -->
<mark id="norm_688" xlink:href="#tok_688"/><!-- ⲉⲣⲟ -->
<mark id="norm_689" xlink:href="#tok_689"/><!-- ϥ` -->
<mark id="norm_690" xlink:href="#tok_690"/><!-- · -->
<mark id="norm_691" xlink:href="#tok_691"/><!-- ⲧ︤ⲛ︥ -->
<mark id="norm_692" xlink:href="#tok_692"/><!-- ⲟⲩⲱϣ` -->
<mark id="norm_693" xlink:href="#tok_693"/><!-- ⲉ -->
<mark id="norm_694" xlink:href="#tok_694"/><!-- ⲧⲣⲉ -->
<mark id="norm_695" xlink:href="#tok_695"/><!-- ⲧ︤ⲛ︥ -->
<mark id="norm_696" xlink:href="#tok_696"/><!-- ⲧⲁⲙⲟ -->
<mark id="norm_697" xlink:href="#tok_697"/><!-- ⲛ` -->
<mark id="norm_698" xlink:href="#tok_698"/><!-- ϫⲉ -->
<mark id="norm_699" xlink:href="#xpointer(id('tok_699')/range-to(id('tok_700')))"/><!-- ⲉ...ⲧⲃⲉ -->
<mark id="norm_701" xlink:href="#tok_701"/><!-- ⲟ᷍ⲩ -->
<mark id="norm_702" xlink:href="#tok_702"/><!-- ⲁⲥⲗⲟ` -->
<mark id="norm_703" xlink:href="#xpointer(id('tok_703')/range-to(id('tok_704')))"/><!-- ⲙ̄...ⲙⲁⲩ` -->
<mark id="norm_705" xlink:href="#tok_705"/><!-- ϩ︤ⲙ︥ -->
<mark id="norm_706" xlink:href="#tok_706"/><!-- ⲡ -->
<mark id="norm_707" xlink:href="#tok_707"/><!-- ⲧⲱϣ` -->
<mark id="norm_708" xlink:href="#tok_708"/><!-- ⲛ̄ⲧ -->
<mark id="norm_709" xlink:href="#tok_709"/><!-- ⲁ -->
<mark id="norm_710" xlink:href="#tok_710"/><!-- ⲧⲉⲧ︤ⲛ︥ -->
<mark id="norm_711" xlink:href="#xpointer(id('tok_711')/range-to(id('tok_712')))"/><!-- ⲧⲟ...ϣ︤ -->
<mark id="norm_713" xlink:href="#tok_713"/><!-- ⲥ︥ -->
<mark id="norm_714" xlink:href="#tok_714"/><!-- ⲉⲣⲟ -->
<mark id="norm_715" xlink:href="#tok_715"/><!-- ϥ -->
<mark id="norm_716" xlink:href="#tok_716"/><!-- · -->
<mark id="norm_717" xlink:href="#tok_717"/><!-- ϫⲉⲕⲁⲥ -->
<mark id="norm_718" xlink:href="#tok_718"/><!-- ⲉ -->
<mark id="norm_719" xlink:href="#tok_719"/><!-- ⲛ -->
<mark id="norm_720" xlink:href="#tok_720"/><!-- ϣⲁⲛ -->
<mark id="norm_721" xlink:href="#tok_721"/><!-- ⲉⲓⲙⲉ` -->
<mark id="norm_722" xlink:href="#tok_722"/><!-- ϫⲉ -->
<mark id="norm_723" xlink:href="#tok_723"/><!-- ⲛ̄ -->
<mark id="norm_724" xlink:href="#tok_724"/><!-- ⲧⲁ -->
<mark id="norm_725" xlink:href="#tok_725"/><!-- ⲥ -->
<mark id="norm_726" xlink:href="#tok_726"/><!-- ⲁⲑⲉⲧⲓ` -->
<mark id="norm_727" xlink:href="#tok_727"/><!-- ϫⲉ -->
<mark id="norm_728" xlink:href="#tok_728"/><!-- ⲙ︤ⲛ︥ -->
<mark id="norm_729" xlink:href="#tok_729"/><!-- ϣϭⲟⲙ -->
<mark id="norm_730" xlink:href="#tok_730"/><!-- ⲙ̄ⲙⲟ -->
<mark id="norm_731" xlink:href="#tok_731"/><!-- ⲥ -->
<mark id="norm_732" xlink:href="#tok_732"/><!-- ⲉ -->
<mark id="norm_733" xlink:href="#tok_733"/><!-- ϥⲓ` -->
<mark id="norm_734" xlink:href="#tok_734"/><!-- ϩⲁ -->
<mark id="norm_735" xlink:href="#tok_735"/><!-- ⲡⲉ -->
<mark id="norm_736" xlink:href="#tok_736"/><!-- ϩⲱⲃ -->
<mark id="norm_737" xlink:href="#tok_737"/><!-- ⲛ̄Ⲧ -->
<mark id="norm_738" xlink:href="#tok_738"/><!-- ⲁ -->
<mark id="norm_739" xlink:href="#tok_739"/><!-- ⲩ -->
<mark id="norm_740" xlink:href="#tok_740"/><!-- ⲧⲟϣ︤ -->
<mark id="norm_741" xlink:href="#tok_741"/><!-- ⲥ︥ -->
<mark id="norm_742" xlink:href="#tok_742"/><!-- ⲉⲣⲟ -->
<mark id="norm_743" xlink:href="#tok_743"/><!-- ϥ -->
<mark id="norm_744" xlink:href="#tok_744"/><!-- ⲉ -->
<mark id="norm_745" xlink:href="#tok_745"/><!-- ⲥⲉ -->
<mark id="norm_746" xlink:href="#tok_746"/><!-- ⲙ̄ⲧⲟⲛ` -->
<mark id="norm_747" xlink:href="#xpointer(id('tok_747')/range-to(id('tok_748')))"/><!-- ⲙ̄ⲙ...ⲟ -->
<mark id="norm_749" xlink:href="#tok_749"/><!-- ⲥ -->
<mark id="norm_750" xlink:href="#tok_750"/><!-- ϩ︤ⲛ︥ -->
<mark id="norm_751" xlink:href="#tok_751"/><!-- ⲟⲩ -->
<mark id="norm_752" xlink:href="#tok_752"/><!-- ⲉⲓⲣⲏⲛⲏ` -->
<mark id="norm_753" xlink:href="#tok_753"/><!-- ϩ︤ⲙ︥ -->
<mark id="norm_754" xlink:href="#tok_754"/><!-- ⲡⲉ -->
<mark id="norm_755" xlink:href="#tok_755"/><!-- ⲥ -->
<mark id="norm_756" xlink:href="#tok_756"/><!-- ⲙⲁ -->
<mark id="norm_757" xlink:href="#tok_757"/><!-- ⲛ̄ -->
<mark id="norm_758" xlink:href="#tok_758"/><!-- ϩⲙⲟⲟ -->
<mark id="norm_759" xlink:href="#tok_759"/><!-- ⲥ -->
<mark id="norm_760" xlink:href="#tok_760"/><!-- ⲉ -->
<mark id="norm_761" xlink:href="#tok_761"/><!-- ⲛⲉ -->
<mark id="norm_762" xlink:href="#tok_762"/><!-- ⲥ -->
<mark id="norm_763" xlink:href="#tok_763"/><!-- ⲛ̄ϩⲏⲧ︤ -->
<mark id="norm_764" xlink:href="#tok_764"/><!-- ϥ︥ -->
<mark id="norm_765" xlink:href="#tok_765"/><!-- ⲛ̄ -->
<mark id="norm_766" xlink:href="#tok_766"/><!-- ϣⲟⲣ︤ⲡ︥ -->
<mark id="norm_767" xlink:href="#tok_767"/><!-- · -->
<mark id="norm_768" xlink:href="#tok_768"/><!-- ⲉ -->
<mark id="norm_769" xlink:href="#xpointer(id('tok_769')/range-to(id('tok_770')))"/><!-- ϣⲱ...ⲡⲉ -->
<mark id="norm_771" xlink:href="#tok_771"/><!-- ⲇⲉ -->
<mark id="norm_772" xlink:href="#tok_772"/><!-- ⲛ̄ⲧⲟϥ -->
<mark id="norm_773" xlink:href="#tok_773"/><!-- ⲛ̄ -->
<mark id="norm_774" xlink:href="#tok_774"/><!-- ⲧⲁ -->
<mark id="norm_775" xlink:href="#tok_775"/><!-- ⲥ -->
<mark id="norm_776" xlink:href="#tok_776"/><!-- ⲁⲑⲉⲧⲓ̂ -->
<mark id="norm_777" xlink:href="#tok_777"/><!-- ϩ︤ⲛ︥ -->
<mark id="norm_778" xlink:href="#tok_778"/><!-- ⲟⲩ -->
<mark id="norm_779" xlink:href="#tok_779"/><!-- ϯ -->
<mark id="norm_780" xlink:href="#tok_780"/><!-- ⲧⲱⲛ -->
<mark id="norm_781" xlink:href="#tok_781"/><!-- ⲙ︤ⲛ︥ -->
<mark id="norm_782" xlink:href="#tok_782"/><!-- ⲟⲩ -->
<mark id="norm_783" xlink:href="#tok_783"/><!-- ⲙ︤ⲛ︦ⲧ︥ⲁⲧⲥⲃⲱ -->
<mark id="norm_784" xlink:href="#tok_784"/><!-- · -->
<mark id="norm_785" xlink:href="#tok_785"/><!-- ⲁⲩⲱ -->
<mark id="norm_786" xlink:href="#tok_786"/><!-- ⲛ̄ⲧⲟⲥ -->
<mark id="norm_787" xlink:href="#tok_787"/><!-- ⲛ︤ -->
<mark id="norm_788" xlink:href="#tok_788"/><!-- ⲥ︥ -->
<mark id="norm_789" xlink:href="#tok_789"/><!-- ϫⲓ -->
<mark id="norm_790" xlink:href="#tok_790"/><!-- ϭⲟⲗ` -->
<mark id="norm_791" xlink:href="#tok_791"/><!-- ⲙ̄ -->
<mark id="norm_792" xlink:href="#tok_792"/><!-- ⲡⲉ -->
<mark id="norm_793" xlink:href="#tok_793"/><!-- ⲙⲧⲟ -->
<mark id="norm_794" xlink:href="#tok_794"/><!-- ⲉⲃⲟⲗ -->
<mark id="norm_795" xlink:href="#tok_795"/><!-- ⲙ̄ -->
<mark id="norm_796" xlink:href="#tok_796"/><!-- ⲡ -->
<mark id="norm_797" xlink:href="#tok_797"/><!-- ϫⲟⲉⲓⲥ -->
<mark id="norm_798" xlink:href="#tok_798"/><!-- ϫⲉ -->
<mark id="norm_799" xlink:href="#tok_799"/><!-- ⲛ̄ⲧ -->
<mark id="norm_800" xlink:href="#tok_800"/><!-- ⲁ -->
<mark id="norm_801" xlink:href="#tok_801"/><!-- ⲓ̈ -->
<mark id="norm_802" xlink:href="#tok_802"/><!-- ⲁⲑⲉⲧⲓ -->
<mark id="norm_803" xlink:href="#tok_803"/><!-- ϫⲉ -->
<mark id="norm_804" xlink:href="#tok_804"/><!-- ⲙ︤ⲛ︥ -->
<mark id="norm_805" xlink:href="#tok_805"/><!-- ϭⲟⲙ` -->
<mark id="norm_806" xlink:href="#tok_806"/><!-- ⲙ̄ⲙⲟ -->
<mark id="norm_807" xlink:href="#tok_807"/><!-- ⲓ̈ -->
<mark id="norm_808" xlink:href="#tok_808"/><!-- ⲉ -->
<mark id="norm_809" xlink:href="#tok_809"/><!-- ⲣ̂ -->
<mark id="norm_810" xlink:href="#tok_810"/><!-- ⲡⲁⲓ̈ -->
<mark id="norm_811" xlink:href="#tok_811"/><!-- · -->
<mark id="norm_812" xlink:href="#tok_812"/><!-- ⲁⲩⲱ -->
<mark id="norm_813" xlink:href="#tok_813"/><!-- ⲙ︤ⲛ︥ -->
<mark id="norm_814" xlink:href="#tok_814"/><!-- ⲛ̄ -->
<mark id="norm_815" xlink:href="#tok_815"/><!-- ⲥⲁ -->
<mark id="norm_816" xlink:href="#tok_816"/><!-- ϩⲉⲛ -->
<mark id="norm_817" xlink:href="#tok_817"/><!-- ϩⲟⲟⲩ -->
<mark id="norm_818" xlink:href="#tok_818"/><!-- · -->
<mark id="norm_819" xlink:href="#tok_819"/><!-- ⲏ̂ -->
<mark id="norm_820" xlink:href="#tok_820"/><!-- ⲙ︤ⲛ︥ -->
<mark id="norm_821" xlink:href="#tok_821"/><!-- ⲛ̄ -->
<mark id="norm_822" xlink:href="#tok_822"/><!-- ⲥⲁ -->
<mark id="norm_823" xlink:href="#tok_823"/><!-- ϩⲉⲛ -->
<mark id="norm_824" xlink:href="#xpointer(id('tok_824')/range-to(id('tok_825')))"/><!-- ⲟⲩ...ⲟⲉⲓϣ` -->
<mark id="norm_826" xlink:href="#tok_826"/><!-- ⲛ̄ -->
<mark id="norm_827" xlink:href="#tok_827"/><!-- ⲧ︤ⲛ︥ -->
<mark id="norm_828" xlink:href="#xpointer(id('tok_828')/range-to(id('tok_829')))"/><!-- ⲥⲱ...ⲧ︤ⲙ︥ -->
<mark id="norm_830" xlink:href="#tok_830"/><!-- ϫⲉ -->
<mark id="norm_831" xlink:href="#tok_831"/><!-- ⲛ̄ⲧ -->
<mark id="norm_832" xlink:href="#tok_832"/><!-- ⲁ -->
<mark id="norm_833" xlink:href="#tok_833"/><!-- ⲥ -->
<mark id="norm_834" xlink:href="#xpointer(id('tok_834')/range-to(id('tok_835')))"/><!-- ⲁⲑⲉ...ⲧⲓ` -->
<mark id="norm_836" xlink:href="#tok_836"/><!-- ϩ︤ⲛ︥ -->
<mark id="norm_837" xlink:href="#tok_837"/><!-- ⲟⲩ -->
<mark id="norm_838" xlink:href="#tok_838"/><!-- ⲙ︤ⲛ︦ⲧ︥ⲣⲉϥϭ︤ⲛ︥ -->
<mark id="norm_839" xlink:href="#tok_839"/><!-- ⲁⲣⲓⲕⲉ` -->
<mark id="norm_840" xlink:href="#tok_840"/><!-- ⲡⲉ -->
<mark id="norm_841" xlink:href="#tok_841"/><!-- ⲧ︤ⲛ︥ -->
<mark id="norm_842" xlink:href="#tok_842"/><!-- ⲛⲁ -->
<mark id="norm_843" xlink:href="#tok_843"/><!-- ⲁⲁ -->
<mark id="norm_844" xlink:href="#tok_844"/><!-- ϥ -->
<mark id="norm_845" xlink:href="#tok_845"/><!-- ⲛⲁ -->
<mark id="norm_846" xlink:href="#tok_846"/><!-- ⲥ` -->
<mark id="norm_847" xlink:href="#tok_847"/><!-- ⲧ -->
<mark id="norm_848" xlink:href="#tok_848"/><!-- ⲉⲧ -->
<mark id="norm_849" xlink:href="#tok_849"/><!-- ⲛⲁ -->
<mark id="norm_850" xlink:href="#tok_850"/><!-- ⲉⲓⲙⲉ` -->
<mark id="norm_851" xlink:href="#xpointer(id('tok_851')/range-to(id('tok_852')))"/><!-- ⲉ...ⲣⲟ -->
<mark id="norm_853" xlink:href="#tok_853"/><!-- ϥ -->
<mark id="norm_854" xlink:href="#tok_854"/><!-- ⲧⲏⲣ -->
<mark id="norm_855" xlink:href="#tok_855"/><!-- ⲧ︤ⲛ︥ -->
<mark id="norm_856" xlink:href="#tok_856"/><!-- · -->
<mark id="norm_857" xlink:href="#tok_857"/><!-- ⲉⲃⲟⲗ -->
<mark id="norm_858" xlink:href="#tok_858"/><!-- ϫⲉ -->
<mark id="norm_859" xlink:href="#tok_859"/><!-- ⲙ̄ⲡ︤ -->
<mark id="norm_860" xlink:href="#tok_860"/><!-- ⲥ︥ -->
<mark id="norm_861" xlink:href="#tok_861"/><!-- ⲧⲁⲙⲟ -->
<mark id="norm_862" xlink:href="#tok_862"/><!-- ⲛ` -->
<mark id="norm_863" xlink:href="#tok_863"/><!-- ϫⲉ -->
<mark id="norm_864" xlink:href="#tok_864"/><!-- ⲛ̄ⲧ -->
<mark id="norm_865" xlink:href="#tok_865"/><!-- ⲁ -->
<mark id="norm_866" xlink:href="#tok_866"/><!-- ⲩ -->
<mark id="norm_867" xlink:href="#tok_867"/><!-- ϫⲓⲧ︤ -->
<mark id="norm_868" xlink:href="#tok_868"/><!-- ⲥ︥ -->
<mark id="norm_869" xlink:href="#tok_869"/><!-- ⲛ̄ -->
<mark id="norm_870" xlink:href="#tok_870"/><!-- ϭⲟⲛ︤ⲥ︥ -->
<mark id="norm_871" xlink:href="#tok_871"/><!-- ϩ︤ⲛ︥ -->
<mark id="norm_872" xlink:href="#tok_872"/><!-- ⲟ᷍ⲩ -->
<mark id="norm_873" xlink:href="#tok_873"/><!-- · -->
<mark id="norm_874" xlink:href="#tok_874"/><!-- ⲏ̂ -->
<mark id="norm_875" xlink:href="#tok_875"/><!-- ⲛ̄ⲧ -->
<mark id="norm_876" xlink:href="#tok_876"/><!-- ⲁ -->
<mark id="norm_877" xlink:href="#tok_877"/><!-- ⲩ -->
<mark id="norm_878" xlink:href="#xpointer(id('tok_878')/range-to(id('tok_879')))"/><!-- ⲑ︤ⲙ︥...ⲕⲟ -->
<mark id="norm_880" xlink:href="#tok_880"/><!-- ⲥ -->
<mark id="norm_881" xlink:href="#tok_881"/><!-- ϩ︤ⲛ︥ -->
<mark id="norm_882" xlink:href="#tok_882"/><!-- ⲁϣ -->
<mark id="norm_883" xlink:href="#tok_883"/><!-- ⲛ̄ -->
<mark id="norm_884" xlink:href="#tok_884"/><!-- ϩⲱⲃ` -->
<mark id="norm_885" xlink:href="#tok_885"/><!-- · -->
<mark id="norm_886" xlink:href="#tok_886"/><!-- Ⲉ -->
<mark id="norm_887" xlink:href="#tok_887"/><!-- ϣⲱⲡⲉ -->
<mark id="norm_888" xlink:href="#tok_888"/><!-- ⲟⲛ -->
<mark id="norm_889" xlink:href="#tok_889"/><!-- ⲉ -->
<mark id="norm_890" xlink:href="#tok_890"/><!-- ⲛ -->
<mark id="norm_891" xlink:href="#tok_891"/><!-- ϣⲁⲛ -->
<mark id="norm_892" xlink:href="#tok_892"/><!-- ϩⲉ -->
<mark id="norm_893" xlink:href="#tok_893"/><!-- ⲉⲣⲟ -->
<mark id="norm_894" xlink:href="#tok_894"/><!-- ⲥ` -->
<mark id="norm_895" xlink:href="#tok_895"/><!-- ⲉ -->
<mark id="norm_896" xlink:href="#tok_896"/><!-- ϩⲉⲛ -->
<mark id="norm_897" xlink:href="#tok_897"/><!-- ⲕⲟⲟⲩⲉ` -->
<mark id="norm_898" xlink:href="#tok_898"/><!-- ⲛ -->
<mark id="norm_899" xlink:href="#tok_899"/><!-- ⲉⲧ -->
<mark id="norm_900" xlink:href="#tok_900"/><!-- ⲕⲱⲗⲩ` -->
<mark id="norm_901" xlink:href="#tok_901"/><!-- ⲙ̄ⲙⲟ -->
<mark id="norm_902" xlink:href="#tok_902"/><!-- ⲥ -->
<mark id="norm_903" xlink:href="#tok_903"/><!-- ⲉ -->
<mark id="norm_904" xlink:href="#tok_904"/><!-- ⲧ︤ⲙ︥ -->
<mark id="norm_905" xlink:href="#tok_905"/><!-- ⲧⲣⲉ -->
<mark id="norm_906" xlink:href="#tok_906"/><!-- ⲥ -->
<mark id="norm_907" xlink:href="#tok_907"/><!-- ϫⲉ -->
<mark id="norm_908" xlink:href="#tok_908"/><!-- ⲧ -->
<mark id="norm_909" xlink:href="#tok_909"/><!-- ⲙⲉ -->
<mark id="norm_910" xlink:href="#tok_910"/><!-- · -->
<mark id="norm_911" xlink:href="#tok_911"/><!-- ⲛⲉⲓ̈ -->
<mark id="norm_912" xlink:href="#tok_912"/><!-- ⲕⲟⲟⲩⲉ` -->
<mark id="norm_913" xlink:href="#tok_913"/><!-- ⲟⲛ -->
<mark id="norm_914" xlink:href="#tok_914"/><!-- ⲛⲉ -->
<mark id="norm_915" xlink:href="#tok_915"/><!-- ⲧ︤ⲛ︥ -->
<mark id="norm_916" xlink:href="#tok_916"/><!-- ⲛⲁ -->
<mark id="norm_917" xlink:href="#tok_917"/><!-- ⲁⲁ -->
<mark id="norm_918" xlink:href="#tok_918"/><!-- ⲩ -->
<mark id="norm_919" xlink:href="#tok_919"/><!-- ⲛⲁ -->
<mark id="norm_920" xlink:href="#tok_920"/><!-- ⲩ -->
<mark id="norm_921" xlink:href="#tok_921"/><!-- ⲛ̄ -->
<mark id="norm_922" xlink:href="#tok_922"/><!-- ⲥⲉ -->
<mark id="norm_923" xlink:href="#tok_923"/><!-- ⲛⲁ -->
<mark id="norm_924" xlink:href="#tok_924"/><!-- ϩⲱⲡ` -->
<mark id="norm_925" xlink:href="#tok_925"/><!-- ⲁⲛ -->
<mark id="norm_926" xlink:href="#tok_926"/><!-- ⲉⲣⲱ -->
<mark id="norm_927" xlink:href="#tok_927"/><!-- ⲧ︤ⲛ︥ -->
<mark id="norm_928" xlink:href="#tok_928"/><!-- ϫⲉ -->
<mark id="norm_929" xlink:href="#tok_929"/><!-- ⲛ̄ⲧⲟ -->
<mark id="norm_930" xlink:href="#tok_930"/><!-- ⲟⲩ` -->
<mark id="norm_931" xlink:href="#tok_931"/><!-- ⲁⲩⲱ -->
<mark id="norm_932" xlink:href="#tok_932"/><!-- ⲛ̄ⲧⲟⲥ -->
<mark id="norm_933" xlink:href="#tok_933"/><!-- · -->
<mark id="norm_934" xlink:href="#tok_934"/><!-- ⲁ -->
<mark id="norm_935" xlink:href="#tok_935"/><!-- ⲩ -->
<mark id="norm_936" xlink:href="#tok_936"/><!-- ⲥⲙⲓ︤ⲛ︥ⲉ` -->
<mark id="norm_937" xlink:href="#tok_937"/><!-- ⲛ̄ -->
<mark id="norm_938" xlink:href="#tok_938"/><!-- ⲟⲩ -->
<mark id="norm_939" xlink:href="#tok_939"/><!-- ⲇⲓⲁⲑⲏⲕⲏ` -->
<mark id="norm_940" xlink:href="#tok_940"/><!-- ⲙ︤ⲛ︥ -->
<mark id="norm_941" xlink:href="#tok_941"/><!-- ⲡ -->
<mark id="norm_942" xlink:href="#tok_942"/><!-- ϭⲟⲗ -->
<mark id="norm_943" xlink:href="#tok_943"/><!-- ϩ︤ⲙ︥ -->
<mark id="norm_944" xlink:href="#tok_944"/><!-- ⲡ -->
<mark id="norm_945" xlink:href="#xpointer(id('tok_945')/range-to(id('tok_946')))"/><!-- ϣⲟ...ϫⲛⲉ -->
<mark id="norm_947" xlink:href="#tok_947"/><!-- ⲙ̄ -->
<mark id="norm_948" xlink:href="#tok_948"/><!-- ⲡ -->
<mark id="norm_949" xlink:href="#xpointer(id('tok_949')/range-to(id('tok_950')))"/><!-- ⲥⲁⲧⲁ...ⲛⲁⲥ -->
<mark id="norm_951" xlink:href="#tok_951"/><!-- · -->
<mark id="norm_952" xlink:href="#tok_952"/><!-- ⲙ︤ⲛ︦ⲛ︥ⲥⲁ -->
<mark id="norm_953" xlink:href="#tok_953"/><!-- Ⲛⲁⲓ̈ -->
<mark id="norm_954" xlink:href="#tok_954"/><!-- ⲇⲉ -->
<mark id="norm_955" xlink:href="#tok_955"/><!-- ⲉⲓⲥ -->
<mark id="norm_956" xlink:href="#tok_956"/><!-- ⲡ︤ -->
<mark id="norm_957" xlink:href="#tok_957"/><!-- ϩ︦ⲗ︥ⲗⲟ` -->
<mark id="norm_958" xlink:href="#tok_958"/><!-- ⲁ -->
<mark id="norm_959" xlink:href="#tok_959"/><!-- ⲓ̈ -->
<mark id="norm_960" xlink:href="#tok_960"/><!-- ⲧ︤ⲛ︥ⲛⲟⲟⲩ -->
<mark id="norm_961" xlink:href="#tok_961"/><!-- ϥ -->
<mark id="norm_962" xlink:href="#xpointer(id('tok_962')/range-to(id('tok_963')))"/><!-- ϣⲁ...ⲣⲱ -->
<mark id="norm_964" xlink:href="#tok_964"/><!-- ⲧ︤ⲛ︥ -->
<mark id="norm_965" xlink:href="#tok_965"/><!-- · -->
<mark id="norm_966" xlink:href="#tok_966"/><!-- ϫⲉⲕⲁⲥ -->
<mark id="norm_967" xlink:href="#tok_967"/><!-- ⲉ -->
<mark id="norm_968" xlink:href="#tok_968"/><!-- ⲧⲉⲧⲛ -->
<mark id="norm_969" xlink:href="#tok_969"/><!-- ⲁ -->
<mark id="norm_970" xlink:href="#tok_970"/><!-- ⲣ̂ -->
<mark id="norm_971" xlink:href="#tok_971"/><!-- ⲡ -->
<mark id="norm_972" xlink:href="#xpointer(id('tok_972')/range-to(id('tok_973')))"/><!-- ⲙⲉ...ⲉⲩⲉ` -->
<mark id="norm_974" xlink:href="#tok_974"/><!-- ⲙ̄ -->
<mark id="norm_975" xlink:href="#tok_975"/><!-- ⲡ -->
<mark id="norm_976" xlink:href="#tok_976"/><!-- ⲛⲟⲩⲧⲉ -->
<mark id="norm_977" xlink:href="#tok_977"/><!-- ⲛ̄ⲧⲉⲧ︤ⲛ︥ -->
<mark id="norm_978" xlink:href="#tok_978"/><!-- ϣ︤ⲛ︥ -->
<mark id="norm_979" xlink:href="#tok_979"/><!-- ϩⲧⲏ -->
<mark id="norm_980" xlink:href="#tok_980"/><!-- ⲧ︤ⲛ︥ -->
<mark id="norm_981" xlink:href="#tok_981"/><!-- ϩⲁⲣⲱ -->
<mark id="norm_982" xlink:href="#tok_982"/><!-- ⲧ︤ⲛ︥ -->
<mark id="norm_983" xlink:href="#xpointer(id('tok_983')/range-to(id('tok_984')))"/><!-- ϩⲁ...ⲧ︤ⲛ︥ -->
<mark id="norm_985" xlink:href="#tok_985"/><!-- ⲧⲏⲩⲧ︤ⲛ︥ -->
<mark id="norm_986" xlink:href="#tok_986"/><!-- · -->
<mark id="norm_987" xlink:href="#tok_987"/><!-- ⲁⲩⲱ -->
<mark id="norm_988" xlink:href="#tok_988"/><!-- ϩⲁⲣⲟ -->
<mark id="norm_989" xlink:href="#tok_989"/><!-- ⲛ -->
<mark id="norm_990" xlink:href="#xpointer(id('tok_990')/range-to(id('tok_991')))"/><!-- ϩⲱ...ⲱ -->
<mark id="norm_992" xlink:href="#tok_992"/><!-- ⲛ -->
<mark id="norm_993" xlink:href="#tok_993"/><!-- ϩⲁⲧⲏ̇ -->
<mark id="norm_994" xlink:href="#tok_994"/><!-- ⲛ -->
<mark id="norm_995" xlink:href="#tok_995"/><!-- · -->
<mark id="norm_996" xlink:href="#xpointer(id('tok_996')/range-to(id('tok_997')))"/><!-- ⲛ̄...ⲧⲉⲧ︤ⲛ︥ -->
<mark id="norm_998" xlink:href="#tok_998"/><!-- ⲧⲁⲙⲟ -->
<mark id="norm_999" xlink:href="#tok_999"/><!-- ⲛ` -->
<mark id="norm_1000" xlink:href="#tok_1000"/><!-- ⲉ -->
<mark id="norm_1001" xlink:href="#tok_1001"/><!-- ⲛⲉⲓ̈ -->
<mark id="norm_1002" xlink:href="#tok_1002"/><!-- ⲙ︤ⲛ︦ⲧ︥ⲣⲉϥⲧⲱϩ -->
<mark id="norm_1003" xlink:href="#tok_1003"/><!-- ⲧⲏⲣ -->
<mark id="norm_1004" xlink:href="#tok_1004"/><!-- ⲟⲩ` -->
<mark id="norm_1005" xlink:href="#tok_1005"/><!-- ⲉⲧ -->
<mark id="norm_1006" xlink:href="#tok_1006"/><!-- ϩⲁⲧ︤ⲛ︥ -->
<mark id="norm_1007" xlink:href="#tok_1007"/><!-- ⲧⲏ̇ⲩⲧ︤ⲛ︥ -->
<mark id="norm_1008" xlink:href="#tok_1008"/><!-- · -->
<mark id="norm_1009" xlink:href="#tok_1009"/><!-- ϫⲉ -->
<mark id="norm_1010" xlink:href="#tok_1010"/><!-- ⲁⲛ -->
<mark id="norm_1011" xlink:href="#tok_1011"/><!-- ⲱ -->
<mark id="norm_1012" xlink:href="#tok_1012"/><!-- ϫ︤ⲛ︥ -->
<mark id="norm_1013" xlink:href="#tok_1013"/><!-- ϩ︤ⲛ︥ -->
<mark id="norm_1014" xlink:href="#tok_1014"/><!-- ⲟⲩ -->
<mark id="norm_1015" xlink:href="#tok_1015"/><!-- ⲙ︤ⲕ︥ⲁϩ -->
<mark id="norm_1016" xlink:href="#tok_1016"/><!-- ⲛ̄ϩⲏⲧ` -->
<mark id="norm_1017" xlink:href="#tok_1017"/><!-- ⲁⲛⲟ⳯ -->
<mark id="norm_1018" xlink:href="#tok_1018"/><!-- ⲁⲩⲱ -->
<mark id="norm_1019" xlink:href="#tok_1019"/><!-- ⲛ̄ⲧⲱⲧ︤ⲛ︥ -->
<mark id="norm_1020" xlink:href="#tok_1020"/><!-- · -->
</markList>
</paula>
