<?xml version='1.0' encoding='UTF-8'?><!DOCTYPE paula SYSTEM "paula_rel.dtd">
<paula version="1.1">
	<header paula_id="scriptorium.bohairic.Habakkuk_01.dep"/>
	<relList xmlns:xlink="http://www.w3.org/1999/xlink" type="dep">
		<rel id="sPointingRel1" xlink:href="scriptorium.bohairic.Habakkuk_01.mark.xml#sSpan1097" target="scriptorium.bohairic.Habakkuk_01.mark.xml#sSpan1090"/>
		<rel id="sPointingRel3" xlink:href="scriptorium.bohairic.Habakkuk_01.mark.xml#sSpan769" target="scriptorium.bohairic.Habakkuk_01.mark.xml#sSpan797"/>
		<rel id="sPointingRel5" xlink:href="scriptorium.bohairic.Habakkuk_01.mark.xml#sSpan1746" target="scriptorium.bohairic.Habakkuk_01.mark.xml#sSpan1739"/>
		<rel id="sPointingRel7" xlink:href="scriptorium.bohairic.Habakkuk_01.mark.xml#sSpan330" target="scriptorium.bohairic.Habakkuk_01.mark.xml#sSpan316"/>
		<rel id="sPointingRel9" xlink:href="scriptorium.bohairic.Habakkuk_01.mark.xml#sSpan111" target="scriptorium.bohairic.Habakkuk_01.mark.xml#sSpan109"/>
		<rel id="sPointingRel11" xlink:href="scriptorium.bohairic.Habakkuk_01.mark.xml#sSpan1384" target="scriptorium.bohairic.Habakkuk_01.mark.xml#sSpan1390"/>
		<rel id="sPointingRel13" xlink:href="scriptorium.bohairic.Habakkuk_01.mark.xml#sSpan71" target="scriptorium.bohairic.Habakkuk_01.mark.xml#sSpan69"/>
		<rel id="sPointingRel15" xlink:href="scriptorium.bohairic.Habakkuk_01.mark.xml#sSpan887" target="scriptorium.bohairic.Habakkuk_01.mark.xml#sSpan921"/>
		<rel id="sPointingRel17" xlink:href="scriptorium.bohairic.Habakkuk_01.mark.xml#sSpan1558" target="scriptorium.bohairic.Habakkuk_01.mark.xml#sSpan1560"/>
		<rel id="sPointingRel19" xlink:href="scriptorium.bohairic.Habakkuk_01.mark.xml#sSpan1518" target="scriptorium.bohairic.Habakkuk_01.mark.xml#sSpan1512"/>
		<rel id="sPointingRel21" xlink:href="scriptorium.bohairic.Habakkuk_01.mark.xml#sSpan1257" target="scriptorium.bohairic.Habakkuk_01.mark.xml#sSpan1253"/>
		<rel id="sPointingRel23" xlink:href="scriptorium.bohairic.Habakkuk_01.mark.xml#sSpan1117" target="scriptorium.bohairic.Habakkuk_01.mark.xml#sSpan1113"/>
		<rel id="sPointingRel25" xlink:href="scriptorium.bohairic.Habakkuk_01.mark.xml#sSpan389" target="scriptorium.bohairic.Habakkuk_01.mark.xml#sSpan384"/>
		<rel id="sPointingRel27" xlink:href="scriptorium.bohairic.Habakkuk_01.mark.xml#sSpan1473" target="scriptorium.bohairic.Habakkuk_01.mark.xml#sSpan1469"/>
		<rel id="sPointingRel29" xlink:href="scriptorium.bohairic.Habakkuk_01.mark.xml#sSpan526" target="scriptorium.bohairic.Habakkuk_01.mark.xml#sSpan516"/>
		<rel id="sPointingRel31" xlink:href="scriptorium.bohairic.Habakkuk_01.mark.xml#sSpan1390" target="scriptorium.bohairic.Habakkuk_01.mark.xml#sSpan1400"/>
		<rel id="sPointingRel33" xlink:href="scriptorium.bohairic.Habakkuk_01.mark.xml#sSpan1213" target="scriptorium.bohairic.Habakkuk_01.mark.xml#sSpan1203"/>
		<rel id="sPointingRel35" xlink:href="scriptorium.bohairic.Habakkuk_01.mark.xml#sSpan686" target="scriptorium.bohairic.Habakkuk_01.mark.xml#sSpan682"/>
		<rel id="sPointingRel37" xlink:href="scriptorium.bohairic.Habakkuk_01.mark.xml#sSpan996" target="scriptorium.bohairic.Habakkuk_01.mark.xml#sSpan992"/>
		<rel id="sPointingRel39" xlink:href="scriptorium.bohairic.Habakkuk_01.mark.xml#sSpan979" target="scriptorium.bohairic.Habakkuk_01.mark.xml#sSpan977"/>
		<rel id="sPointingRel41" xlink:href="scriptorium.bohairic.Habakkuk_01.mark.xml#sSpan1640" target="scriptorium.bohairic.Habakkuk_01.mark.xml#sSpan1644"/>
		<rel id="sPointingRel43" xlink:href="scriptorium.bohairic.Habakkuk_01.mark.xml#sSpan1257" target="scriptorium.bohairic.Habakkuk_01.mark.xml#sSpan1265"/>
		<rel id="sPointingRel45" xlink:href="scriptorium.bohairic.Habakkuk_01.mark.xml#sSpan1278" target="scriptorium.bohairic.Habakkuk_01.mark.xml#sSpan1402"/>
		<rel id="sPointingRel47" xlink:href="scriptorium.bohairic.Habakkuk_01.mark.xml#sSpan1123" target="scriptorium.bohairic.Habakkuk_01.mark.xml#sSpan1127"/>
		<rel id="sPointingRel49" xlink:href="scriptorium.bohairic.Habakkuk_01.mark.xml#sSpan427" target="scriptorium.bohairic.Habakkuk_01.mark.xml#sSpan421"/>
		<rel id="sPointingRel51" xlink:href="scriptorium.bohairic.Habakkuk_01.mark.xml#sSpan526" target="scriptorium.bohairic.Habakkuk_01.mark.xml#sSpan512"/>
		<rel id="sPointingRel53" xlink:href="scriptorium.bohairic.Habakkuk_01.mark.xml#sSpan1024" target="scriptorium.bohairic.Habakkuk_01.mark.xml#sSpan1022"/>
		<rel id="sPointingRel55" xlink:href="scriptorium.bohairic.Habakkuk_01.mark.xml#sSpan23" target="scriptorium.bohairic.Habakkuk_01.mark.xml#sSpan18"/>
		<rel id="sPointingRel57" xlink:href="scriptorium.bohairic.Habakkuk_01.mark.xml#sSpan248" target="scriptorium.bohairic.Habakkuk_01.mark.xml#sSpan243"/>
		<rel id="sPointingRel59" xlink:href="scriptorium.bohairic.Habakkuk_01.mark.xml#sSpan564" target="scriptorium.bohairic.Habakkuk_01.mark.xml#sSpan574"/>
		<rel id="sPointingRel61" xlink:href="scriptorium.bohairic.Habakkuk_01.mark.xml#sSpan52" target="scriptorium.bohairic.Habakkuk_01.mark.xml#sSpan46"/>
		<rel id="sPointingRel63" xlink:href="scriptorium.bohairic.Habakkuk_01.mark.xml#sSpan759" target="scriptorium.bohairic.Habakkuk_01.mark.xml#sSpan756"/>
		<rel id="sPointingRel65" xlink:href="scriptorium.bohairic.Habakkuk_01.mark.xml#sSpan872" target="scriptorium.bohairic.Habakkuk_01.mark.xml#sSpan887"/>
		<rel id="sPointingRel67" xlink:href="scriptorium.bohairic.Habakkuk_01.mark.xml#sSpan1016" target="scriptorium.bohairic.Habakkuk_01.mark.xml#sSpan1012"/>
		<rel id="sPointingRel69" xlink:href="scriptorium.bohairic.Habakkuk_01.mark.xml#sSpan1765" target="scriptorium.bohairic.Habakkuk_01.mark.xml#sSpan1758"/>
		<rel id="sPointingRel71" xlink:href="scriptorium.bohairic.Habakkuk_01.mark.xml#sSpan330" target="scriptorium.bohairic.Habakkuk_01.mark.xml#sSpan323"/>
		<rel id="sPointingRel73" xlink:href="scriptorium.bohairic.Habakkuk_01.mark.xml#sSpan1666" target="scriptorium.bohairic.Habakkuk_01.mark.xml#sSpan1660"/>
		<rel id="sPointingRel75" xlink:href="scriptorium.bohairic.Habakkuk_01.mark.xml#sSpan156" target="scriptorium.bohairic.Habakkuk_01.mark.xml#sSpan148"/>
		<rel id="sPointingRel77" xlink:href="scriptorium.bohairic.Habakkuk_01.mark.xml#sSpan1530" target="scriptorium.bohairic.Habakkuk_01.mark.xml#sSpan1524"/>
		<rel id="sPointingRel79" xlink:href="scriptorium.bohairic.Habakkuk_01.mark.xml#sSpan212" target="scriptorium.bohairic.Habakkuk_01.mark.xml#sSpan228"/>
		<rel id="sPointingRel81" xlink:href="scriptorium.bohairic.Habakkuk_01.mark.xml#sSpan1473" target="scriptorium.bohairic.Habakkuk_01.mark.xml#sSpan1478"/>
		<rel id="sPointingRel83" xlink:href="scriptorium.bohairic.Habakkuk_01.mark.xml#sSpan330" target="scriptorium.bohairic.Habakkuk_01.mark.xml#sSpan325"/>
		<rel id="sPointingRel85" xlink:href="scriptorium.bohairic.Habakkuk_01.mark.xml#sSpan847" target="scriptorium.bohairic.Habakkuk_01.mark.xml#sSpan841"/>
		<rel id="sPointingRel87" xlink:href="scriptorium.bohairic.Habakkuk_01.mark.xml#sSpan270" target="scriptorium.bohairic.Habakkuk_01.mark.xml#sSpan373"/>
		<rel id="sPointingRel89" xlink:href="scriptorium.bohairic.Habakkuk_01.mark.xml#sSpan942" target="scriptorium.bohairic.Habakkuk_01.mark.xml#sSpan950"/>
		<rel id="sPointingRel91" xlink:href="scriptorium.bohairic.Habakkuk_01.mark.xml#sSpan921" target="scriptorium.bohairic.Habakkuk_01.mark.xml#sSpan934"/>
		<rel id="sPointingRel93" xlink:href="scriptorium.bohairic.Habakkuk_01.mark.xml#sSpan1618" target="scriptorium.bohairic.Habakkuk_01.mark.xml#sSpan1611"/>
		<rel id="sPointingRel95" xlink:href="scriptorium.bohairic.Habakkuk_01.mark.xml#sSpan921" target="scriptorium.bohairic.Habakkuk_01.mark.xml#sSpan923"/>
		<rel id="sPointingRel97" xlink:href="scriptorium.bohairic.Habakkuk_01.mark.xml#sSpan558" target="scriptorium.bohairic.Habakkuk_01.mark.xml#sSpan576"/>
		<rel id="sPointingRel99" xlink:href="scriptorium.bohairic.Habakkuk_01.mark.xml#sSpan1303" target="scriptorium.bohairic.Habakkuk_01.mark.xml#sSpan1296"/>
		<rel id="sPointingRel101" xlink:href="scriptorium.bohairic.Habakkuk_01.mark.xml#sSpan1286" target="scriptorium.bohairic.Habakkuk_01.mark.xml#sSpan1280"/>
		<rel id="sPointingRel103" xlink:href="scriptorium.bohairic.Habakkuk_01.mark.xml#sSpan156" target="scriptorium.bohairic.Habakkuk_01.mark.xml#sSpan158"/>
		<rel id="sPointingRel105" xlink:href="scriptorium.bohairic.Habakkuk_01.mark.xml#sSpan1590" target="scriptorium.bohairic.Habakkuk_01.mark.xml#sSpan1582"/>
		<rel id="sPointingRel107" xlink:href="scriptorium.bohairic.Habakkuk_01.mark.xml#sSpan1265" target="scriptorium.bohairic.Habakkuk_01.mark.xml#sSpan1263"/>
		<rel id="sPointingRel109" xlink:href="scriptorium.bohairic.Habakkuk_01.mark.xml#sSpan71" target="scriptorium.bohairic.Habakkuk_01.mark.xml#sSpan59"/>
		<rel id="sPointingRel111" xlink:href="scriptorium.bohairic.Habakkuk_01.mark.xml#sSpan839" target="scriptorium.bohairic.Habakkuk_01.mark.xml#sSpan847"/>
		<rel id="sPointingRel113" xlink:href="scriptorium.bohairic.Habakkuk_01.mark.xml#sSpan533" target="scriptorium.bohairic.Habakkuk_01.mark.xml#sSpan558"/>
		<rel id="sPointingRel115" xlink:href="scriptorium.bohairic.Habakkuk_01.mark.xml#sSpan971" target="scriptorium.bohairic.Habakkuk_01.mark.xml#sSpan1016"/>
		<rel id="sPointingRel117" xlink:href="scriptorium.bohairic.Habakkuk_01.mark.xml#sSpan797" target="scriptorium.bohairic.Habakkuk_01.mark.xml#sSpan813"/>
		<rel id="sPointingRel119" xlink:href="scriptorium.bohairic.Habakkuk_01.mark.xml#sSpan1370" target="scriptorium.bohairic.Habakkuk_01.mark.xml#sSpan1368"/>
		<rel id="sPointingRel121" xlink:href="scriptorium.bohairic.Habakkuk_01.mark.xml#sSpan1500" target="scriptorium.bohairic.Habakkuk_01.mark.xml#sSpan1494"/>
		<rel id="sPointingRel123" xlink:href="scriptorium.bohairic.Habakkuk_01.mark.xml#sSpan543" target="scriptorium.bohairic.Habakkuk_01.mark.xml#sSpan539"/>
		<rel id="sPointingRel125" xlink:href="scriptorium.bohairic.Habakkuk_01.mark.xml#sSpan714" target="scriptorium.bohairic.Habakkuk_01.mark.xml#sSpan723"/>
		<rel id="sPointingRel127" xlink:href="scriptorium.bohairic.Habakkuk_01.mark.xml#sSpan351" target="scriptorium.bohairic.Habakkuk_01.mark.xml#sSpan347"/>
		<rel id="sPointingRel129" xlink:href="scriptorium.bohairic.Habakkuk_01.mark.xml#sSpan971" target="scriptorium.bohairic.Habakkuk_01.mark.xml#sSpan1072"/>
		<rel id="sPointingRel131" xlink:href="scriptorium.bohairic.Habakkuk_01.mark.xml#sSpan89" target="scriptorium.bohairic.Habakkuk_01.mark.xml#sSpan97"/>
		<rel id="sPointingRel133" xlink:href="scriptorium.bohairic.Habakkuk_01.mark.xml#sSpan1459" target="scriptorium.bohairic.Habakkuk_01.mark.xml#sSpan1467"/>
		<rel id="sPointingRel135" xlink:href="scriptorium.bohairic.Habakkuk_01.mark.xml#sSpan441" target="scriptorium.bohairic.Habakkuk_01.mark.xml#sSpan433"/>
		<rel id="sPointingRel137" xlink:href="scriptorium.bohairic.Habakkuk_01.mark.xml#sSpan769" target="scriptorium.bohairic.Habakkuk_01.mark.xml#sSpan778"/>
		<rel id="sPointingRel139" xlink:href="scriptorium.bohairic.Habakkuk_01.mark.xml#sSpan872" target="scriptorium.bohairic.Habakkuk_01.mark.xml#sSpan881"/>
		<rel id="sPointingRel141" xlink:href="scriptorium.bohairic.Habakkuk_01.mark.xml#sSpan797" target="scriptorium.bohairic.Habakkuk_01.mark.xml#sSpan823"/>
		<rel id="sPointingRel143" xlink:href="scriptorium.bohairic.Habakkuk_01.mark.xml#sSpan1737" target="scriptorium.bohairic.Habakkuk_01.mark.xml#sSpan1733"/>
		<rel id="sPointingRel145" xlink:href="scriptorium.bohairic.Habakkuk_01.mark.xml#sSpan901" target="scriptorium.bohairic.Habakkuk_01.mark.xml#sSpan895"/>
		<rel id="sPointingRel147" xlink:href="scriptorium.bohairic.Habakkuk_01.mark.xml#sSpan180" target="scriptorium.bohairic.Habakkuk_01.mark.xml#sSpan184"/>
		<rel id="sPointingRel149" xlink:href="scriptorium.bohairic.Habakkuk_01.mark.xml#sSpan670" target="scriptorium.bohairic.Habakkuk_01.mark.xml#sSpan672"/>
		<rel id="sPointingRel151" xlink:href="scriptorium.bohairic.Habakkuk_01.mark.xml#sSpan1500" target="scriptorium.bohairic.Habakkuk_01.mark.xml#sSpan1518"/>
		<rel id="sPointingRel153" xlink:href="scriptorium.bohairic.Habakkuk_01.mark.xml#sSpan1349" target="scriptorium.bohairic.Habakkuk_01.mark.xml#sSpan1370"/>
		<rel id="sPointingRel155" xlink:href="scriptorium.bohairic.Habakkuk_01.mark.xml#sSpan600" target="scriptorium.bohairic.Habakkuk_01.mark.xml#sSpan594"/>
		<rel id="sPointingRel157" xlink:href="scriptorium.bohairic.Habakkuk_01.mark.xml#sSpan1628" target="scriptorium.bohairic.Habakkuk_01.mark.xml#sSpan1625"/>
		<rel id="sPointingRel159" xlink:href="scriptorium.bohairic.Habakkuk_01.mark.xml#sSpan1107" target="scriptorium.bohairic.Habakkuk_01.mark.xml#sSpan1099"/>
		<rel id="sPointingRel161" xlink:href="scriptorium.bohairic.Habakkuk_01.mark.xml#sSpan627" target="scriptorium.bohairic.Habakkuk_01.mark.xml#sSpan623"/>
		<rel id="sPointingRel163" xlink:href="scriptorium.bohairic.Habakkuk_01.mark.xml#sSpan1024" target="scriptorium.bohairic.Habakkuk_01.mark.xml#sSpan1026"/>
		<rel id="sPointingRel165" xlink:href="scriptorium.bohairic.Habakkuk_01.mark.xml#sSpan606" target="scriptorium.bohairic.Habakkuk_01.mark.xml#sSpan602"/>
		<rel id="sPointingRel167" xlink:href="scriptorium.bohairic.Habakkuk_01.mark.xml#sSpan990" target="scriptorium.bohairic.Habakkuk_01.mark.xml#sSpan985"/>
		<rel id="sPointingRel169" xlink:href="scriptorium.bohairic.Habakkuk_01.mark.xml#sSpan1189" target="scriptorium.bohairic.Habakkuk_01.mark.xml#sSpan1195"/>
		<rel id="sPointingRel171" xlink:href="scriptorium.bohairic.Habakkuk_01.mark.xml#sSpan686" target="scriptorium.bohairic.Habakkuk_01.mark.xml#sSpan680"/>
		<rel id="sPointingRel173" xlink:href="scriptorium.bohairic.Habakkuk_01.mark.xml#sSpan1700" target="scriptorium.bohairic.Habakkuk_01.mark.xml#sSpan1694"/>
		<rel id="sPointingRel175" xlink:href="scriptorium.bohairic.Habakkuk_01.mark.xml#sSpan1355" target="scriptorium.bohairic.Habakkuk_01.mark.xml#sSpan1362"/>
		<rel id="sPointingRel177" xlink:href="scriptorium.bohairic.Habakkuk_01.mark.xml#sSpan1227" target="scriptorium.bohairic.Habakkuk_01.mark.xml#sSpan1229"/>
		<rel id="sPointingRel179" xlink:href="scriptorium.bohairic.Habakkuk_01.mark.xml#sSpan621" target="scriptorium.bohairic.Habakkuk_01.mark.xml#sSpan615"/>
		<rel id="sPointingRel181" xlink:href="scriptorium.bohairic.Habakkuk_01.mark.xml#sSpan1054" target="scriptorium.bohairic.Habakkuk_01.mark.xml#sSpan1052"/>
		<rel id="sPointingRel183" xlink:href="scriptorium.bohairic.Habakkuk_01.mark.xml#sSpan351" target="scriptorium.bohairic.Habakkuk_01.mark.xml#sSpan353"/>
		<rel id="sPointingRel185" xlink:href="scriptorium.bohairic.Habakkuk_01.mark.xml#sSpan111" target="scriptorium.bohairic.Habakkuk_01.mark.xml#sSpan117"/>
		<rel id="sPointingRel187" xlink:href="scriptorium.bohairic.Habakkuk_01.mark.xml#sSpan36" target="scriptorium.bohairic.Habakkuk_01.mark.xml#sSpan137"/>
		<rel id="sPointingRel189" xlink:href="scriptorium.bohairic.Habakkuk_01.mark.xml#sSpan734" target="scriptorium.bohairic.Habakkuk_01.mark.xml#sSpan729"/>
		<rel id="sPointingRel191" xlink:href="scriptorium.bohairic.Habakkuk_01.mark.xml#sSpan427" target="scriptorium.bohairic.Habakkuk_01.mark.xml#sSpan425"/>
		<rel id="sPointingRel193" xlink:href="scriptorium.bohairic.Habakkuk_01.mark.xml#sSpan202" target="scriptorium.bohairic.Habakkuk_01.mark.xml#sSpan199"/>
		<rel id="sPointingRel195" xlink:href="scriptorium.bohairic.Habakkuk_01.mark.xml#sSpan270" target="scriptorium.bohairic.Habakkuk_01.mark.xml#sSpan295"/>
		<rel id="sPointingRel197" xlink:href="scriptorium.bohairic.Habakkuk_01.mark.xml#sSpan1157" target="scriptorium.bohairic.Habakkuk_01.mark.xml#sSpan1267"/>
		<rel id="sPointingRel199" xlink:href="scriptorium.bohairic.Habakkuk_01.mark.xml#sSpan1213" target="scriptorium.bohairic.Habakkuk_01.mark.xml#sSpan1227"/>
		<rel id="sPointingRel201" xlink:href="scriptorium.bohairic.Habakkuk_01.mark.xml#sSpan471" target="scriptorium.bohairic.Habakkuk_01.mark.xml#sSpan463"/>
		<rel id="sPointingRel203" xlink:href="scriptorium.bohairic.Habakkuk_01.mark.xml#sSpan1097" target="scriptorium.bohairic.Habakkuk_01.mark.xml#sSpan1094"/>
		<rel id="sPointingRel205" xlink:href="scriptorium.bohairic.Habakkuk_01.mark.xml#sSpan270" target="scriptorium.bohairic.Habakkuk_01.mark.xml#sSpan268"/>
		<rel id="sPointingRel207" xlink:href="scriptorium.bohairic.Habakkuk_01.mark.xml#sSpan166" target="scriptorium.bohairic.Habakkuk_01.mark.xml#sSpan174"/>
		<rel id="sPointingRel209" xlink:href="scriptorium.bohairic.Habakkuk_01.mark.xml#sSpan910" target="scriptorium.bohairic.Habakkuk_01.mark.xml#sSpan903"/>
		<rel id="sPointingRel211" xlink:href="scriptorium.bohairic.Habakkuk_01.mark.xml#sSpan670" target="scriptorium.bohairic.Habakkuk_01.mark.xml#sSpan666"/>
		<rel id="sPointingRel213" xlink:href="scriptorium.bohairic.Habakkuk_01.mark.xml#sSpan1574" target="scriptorium.bohairic.Habakkuk_01.mark.xml#sSpan1570"/>
		<rel id="sPointingRel215" xlink:href="scriptorium.bohairic.Habakkuk_01.mark.xml#sSpan489" target="scriptorium.bohairic.Habakkuk_01.mark.xml#sSpan497"/>
		<rel id="sPointingRel217" xlink:href="scriptorium.bohairic.Habakkuk_01.mark.xml#sSpan449" target="scriptorium.bohairic.Habakkuk_01.mark.xml#sSpan447"/>
		<rel id="sPointingRel219" xlink:href="scriptorium.bohairic.Habakkuk_01.mark.xml#sSpan526" target="scriptorium.bohairic.Habakkuk_01.mark.xml#sSpan503"/>
		<rel id="sPointingRel221" xlink:href="scriptorium.bohairic.Habakkuk_01.mark.xml#sSpan831" target="scriptorium.bohairic.Habakkuk_01.mark.xml#sSpan829"/>
		<rel id="sPointingRel223" xlink:href="scriptorium.bohairic.Habakkuk_01.mark.xml#sSpan1467" target="scriptorium.bohairic.Habakkuk_01.mark.xml#sSpan1465"/>
		<rel id="sPointingRel225" xlink:href="scriptorium.bohairic.Habakkuk_01.mark.xml#sSpan1189" target="scriptorium.bohairic.Habakkuk_01.mark.xml#sSpan1185"/>
		<rel id="sPointingRel227" xlink:href="scriptorium.bohairic.Habakkuk_01.mark.xml#sSpan750" target="scriptorium.bohairic.Habakkuk_01.mark.xml#sSpan759"/>
		<rel id="sPointingRel229" xlink:href="scriptorium.bohairic.Habakkuk_01.mark.xml#sSpan1674" target="scriptorium.bohairic.Habakkuk_01.mark.xml#sSpan1668"/>
		<rel id="sPointingRel231" xlink:href="scriptorium.bohairic.Habakkuk_01.mark.xml#sSpan1467" target="scriptorium.bohairic.Habakkuk_01.mark.xml#sSpan1473"/>
		<rel id="sPointingRel233" xlink:href="scriptorium.bohairic.Habakkuk_01.mark.xml#sSpan1459" target="scriptorium.bohairic.Habakkuk_01.mark.xml#sSpan1455"/>
		<rel id="sPointingRel235" xlink:href="scriptorium.bohairic.Habakkuk_01.mark.xml#sSpan813" target="scriptorium.bohairic.Habakkuk_01.mark.xml#sSpan807"/>
		<rel id="sPointingRel237" xlink:href="scriptorium.bohairic.Habakkuk_01.mark.xml#sSpan262" target="scriptorium.bohairic.Habakkuk_01.mark.xml#sSpan255"/>
		<rel id="sPointingRel239" xlink:href="scriptorium.bohairic.Habakkuk_01.mark.xml#sSpan714" target="scriptorium.bohairic.Habakkuk_01.mark.xml#sSpan734"/>
		<rel id="sPointingRel241" xlink:href="scriptorium.bohairic.Habakkuk_01.mark.xml#sSpan1530" target="scriptorium.bohairic.Habakkuk_01.mark.xml#sSpan1536"/>
		<rel id="sPointingRel243" xlink:href="scriptorium.bohairic.Habakkuk_01.mark.xml#sSpan1117" target="scriptorium.bohairic.Habakkuk_01.mark.xml#sSpan1119"/>
		<rel id="sPointingRel245" xlink:href="scriptorium.bohairic.Habakkuk_01.mark.xml#sSpan1157" target="scriptorium.bohairic.Habakkuk_01.mark.xml#sSpan1201"/>
		<rel id="sPointingRel247" xlink:href="scriptorium.bohairic.Habakkuk_01.mark.xml#sSpan1713" target="scriptorium.bohairic.Habakkuk_01.mark.xml#sSpan1706"/>
		<rel id="sPointingRel249" xlink:href="scriptorium.bohairic.Habakkuk_01.mark.xml#sSpan1370" target="scriptorium.bohairic.Habakkuk_01.mark.xml#sSpan1384"/>
		<rel id="sPointingRel251" xlink:href="scriptorium.bohairic.Habakkuk_01.mark.xml#sSpan339" target="scriptorium.bohairic.Habakkuk_01.mark.xml#sSpan333"/>
		<rel id="sPointingRel253" xlink:href="scriptorium.bohairic.Habakkuk_01.mark.xml#sSpan1181" target="scriptorium.bohairic.Habakkuk_01.mark.xml#sSpan1189"/>
		<rel id="sPointingRel255" xlink:href="scriptorium.bohairic.Habakkuk_01.mark.xml#sSpan415" target="scriptorium.bohairic.Habakkuk_01.mark.xml#sSpan409"/>
		<rel id="sPointingRel257" xlink:href="scriptorium.bohairic.Habakkuk_01.mark.xml#sSpan979" target="scriptorium.bohairic.Habakkuk_01.mark.xml#sSpan973"/>
		<rel id="sPointingRel259" xlink:href="scriptorium.bohairic.Habakkuk_01.mark.xml#sSpan1107" target="scriptorium.bohairic.Habakkuk_01.mark.xml#sSpan1103"/>
		<rel id="sPointingRel261" xlink:href="scriptorium.bohairic.Habakkuk_01.mark.xml#sSpan212" target="scriptorium.bohairic.Habakkuk_01.mark.xml#sSpan206"/>
		<rel id="sPointingRel263" xlink:href="scriptorium.bohairic.Habakkuk_01.mark.xml#sSpan805" target="scriptorium.bohairic.Habakkuk_01.mark.xml#sSpan799"/>
		<rel id="sPointingRel265" xlink:href="scriptorium.bohairic.Habakkuk_01.mark.xml#sSpan307" target="scriptorium.bohairic.Habakkuk_01.mark.xml#sSpan301"/>
		<rel id="sPointingRel267" xlink:href="scriptorium.bohairic.Habakkuk_01.mark.xml#sSpan1459" target="scriptorium.bohairic.Habakkuk_01.mark.xml#sSpan1451"/>
		<rel id="sPointingRel269" xlink:href="scriptorium.bohairic.Habakkuk_01.mark.xml#sSpan1123" target="scriptorium.bohairic.Habakkuk_01.mark.xml#sSpan1135"/>
		<rel id="sPointingRel271" xlink:href="scriptorium.bohairic.Habakkuk_01.mark.xml#sSpan996" target="scriptorium.bohairic.Habakkuk_01.mark.xml#sSpan1004"/>
		<rel id="sPointingRel273" xlink:href="scriptorium.bohairic.Habakkuk_01.mark.xml#sSpan893" target="scriptorium.bohairic.Habakkuk_01.mark.xml#sSpan889"/>
		<rel id="sPointingRel275" xlink:href="scriptorium.bohairic.Habakkuk_01.mark.xml#sSpan1088" target="scriptorium.bohairic.Habakkuk_01.mark.xml#sSpan1097"/>
		<rel id="sPointingRel277" xlink:href="scriptorium.bohairic.Habakkuk_01.mark.xml#sSpan526" target="scriptorium.bohairic.Habakkuk_01.mark.xml#sSpan643"/>
		<rel id="sPointingRel279" xlink:href="scriptorium.bohairic.Habakkuk_01.mark.xml#sSpan1157" target="scriptorium.bohairic.Habakkuk_01.mark.xml#sSpan1213"/>
		<rel id="sPointingRel281" xlink:href="scriptorium.bohairic.Habakkuk_01.mark.xml#sSpan1682" target="scriptorium.bohairic.Habakkuk_01.mark.xml#sSpan1676"/>
		<rel id="sPointingRel283" xlink:href="scriptorium.bohairic.Habakkuk_01.mark.xml#sSpan1046" target="scriptorium.bohairic.Habakkuk_01.mark.xml#sSpan1038"/>
		<rel id="sPointingRel285" xlink:href="scriptorium.bohairic.Habakkuk_01.mark.xml#sSpan592" target="scriptorium.bohairic.Habakkuk_01.mark.xml#sSpan600"/>
		<rel id="sPointingRel287" xlink:href="scriptorium.bohairic.Habakkuk_01.mark.xml#sSpan295" target="scriptorium.bohairic.Habakkuk_01.mark.xml#sSpan297"/>
		<rel id="sPointingRel289" xlink:href="scriptorium.bohairic.Habakkuk_01.mark.xml#sSpan1611" target="scriptorium.bohairic.Habakkuk_01.mark.xml#sSpan1604"/>
		<rel id="sPointingRel291" xlink:href="scriptorium.bohairic.Habakkuk_01.mark.xml#sSpan103" target="scriptorium.bohairic.Habakkuk_01.mark.xml#sSpan99"/>
		<rel id="sPointingRel293" xlink:href="scriptorium.bohairic.Habakkuk_01.mark.xml#sSpan1117" target="scriptorium.bohairic.Habakkuk_01.mark.xml#sSpan1123"/>
		<rel id="sPointingRel295" xlink:href="scriptorium.bohairic.Habakkuk_01.mark.xml#sSpan950" target="scriptorium.bohairic.Habakkuk_01.mark.xml#sSpan944"/>
		<rel id="sPointingRel297" xlink:href="scriptorium.bohairic.Habakkuk_01.mark.xml#sSpan1692" target="scriptorium.bohairic.Habakkuk_01.mark.xml#sSpan1684"/>
		<rel id="sPointingRel299" xlink:href="scriptorium.bohairic.Habakkuk_01.mark.xml#sSpan550" target="scriptorium.bohairic.Habakkuk_01.mark.xml#sSpan545"/>
		<rel id="sPointingRel301" xlink:href="scriptorium.bohairic.Habakkuk_01.mark.xml#sSpan1227" target="scriptorium.bohairic.Habakkuk_01.mark.xml#sSpan1249"/>
		<rel id="sPointingRel303" xlink:href="scriptorium.bohairic.Habakkuk_01.mark.xml#sSpan1419" target="scriptorium.bohairic.Habakkuk_01.mark.xml#sSpan1417"/>
		<rel id="sPointingRel305" xlink:href="scriptorium.bohairic.Habakkuk_01.mark.xml#sSpan1294" target="scriptorium.bohairic.Habakkuk_01.mark.xml#sSpan1292"/>
		<rel id="sPointingRel307" xlink:href="scriptorium.bohairic.Habakkuk_01.mark.xml#sSpan971" target="scriptorium.bohairic.Habakkuk_01.mark.xml#sSpan979"/>
		<rel id="sPointingRel309" xlink:href="scriptorium.bohairic.Habakkuk_01.mark.xml#sSpan533" target="scriptorium.bohairic.Habakkuk_01.mark.xml#sSpan535"/>
		<rel id="sPointingRel311" xlink:href="scriptorium.bohairic.Habakkuk_01.mark.xml#sSpan1558" target="scriptorium.bohairic.Habakkuk_01.mark.xml#sSpan1556"/>
		<rel id="sPointingRel313" xlink:href="scriptorium.bohairic.Habakkuk_01.mark.xml#sSpan1435" target="scriptorium.bohairic.Habakkuk_01.mark.xml#sSpan1443"/>
		<rel id="sPointingRel315" xlink:href="scriptorium.bohairic.Habakkuk_01.mark.xml#sSpan228" target="scriptorium.bohairic.Habakkuk_01.mark.xml#sSpan226"/>
		<rel id="sPointingRel317" xlink:href="scriptorium.bohairic.Habakkuk_01.mark.xml#sSpan1500" target="scriptorium.bohairic.Habakkuk_01.mark.xml#sSpan1510"/>
		<rel id="sPointingRel319" xlink:href="scriptorium.bohairic.Habakkuk_01.mark.xml#sSpan97" target="scriptorium.bohairic.Habakkuk_01.mark.xml#sSpan95"/>
		<rel id="sPointingRel321" xlink:href="scriptorium.bohairic.Habakkuk_01.mark.xml#sSpan1545" target="scriptorium.bohairic.Habakkuk_01.mark.xml#sSpan1538"/>
		<rel id="sPointingRel323" xlink:href="scriptorium.bohairic.Habakkuk_01.mark.xml#sSpan1580" target="scriptorium.bohairic.Habakkuk_01.mark.xml#sSpan1574"/>
		<rel id="sPointingRel325" xlink:href="scriptorium.bohairic.Habakkuk_01.mark.xml#sSpan148" target="scriptorium.bohairic.Habakkuk_01.mark.xml#sSpan141"/>
		<rel id="sPointingRel327" xlink:href="scriptorium.bohairic.Habakkuk_01.mark.xml#sSpan823" target="scriptorium.bohairic.Habakkuk_01.mark.xml#sSpan831"/>
		<rel id="sPointingRel329" xlink:href="scriptorium.bohairic.Habakkuk_01.mark.xml#sSpan872" target="scriptorium.bohairic.Habakkuk_01.mark.xml#sSpan952"/>
		<rel id="sPointingRel331" xlink:href="scriptorium.bohairic.Habakkuk_01.mark.xml#sSpan1435" target="scriptorium.bohairic.Habakkuk_01.mark.xml#sSpan1433"/>
		<rel id="sPointingRel333" xlink:href="scriptorium.bohairic.Habakkuk_01.mark.xml#sSpan1640" target="scriptorium.bohairic.Habakkuk_01.mark.xml#sSpan1635"/>
		<rel id="sPointingRel335" xlink:href="scriptorium.bohairic.Habakkuk_01.mark.xml#sSpan459" target="scriptorium.bohairic.Habakkuk_01.mark.xml#sSpan471"/>
		<rel id="sPointingRel337" xlink:href="scriptorium.bohairic.Habakkuk_01.mark.xml#sSpan1640" target="scriptorium.bohairic.Habakkuk_01.mark.xml#sSpan1654"/>
		<rel id="sPointingRel339" xlink:href="scriptorium.bohairic.Habakkuk_01.mark.xml#sSpan1278" target="scriptorium.bohairic.Habakkuk_01.mark.xml#sSpan1286"/>
		<rel id="sPointingRel341" xlink:href="scriptorium.bohairic.Habakkuk_01.mark.xml#sSpan1237" target="scriptorium.bohairic.Habakkuk_01.mark.xml#sSpan1231"/>
		<rel id="sPointingRel343" xlink:href="scriptorium.bohairic.Habakkuk_01.mark.xml#sSpan477" target="scriptorium.bohairic.Habakkuk_01.mark.xml#sSpan473"/>
		<rel id="sPointingRel345" xlink:href="scriptorium.bohairic.Habakkuk_01.mark.xml#sSpan1024" target="scriptorium.bohairic.Habakkuk_01.mark.xml#sSpan1018"/>
		<rel id="sPointingRel347" xlink:href="scriptorium.bohairic.Habakkuk_01.mark.xml#sSpan1157" target="scriptorium.bohairic.Habakkuk_01.mark.xml#sSpan1179"/>
		<rel id="sPointingRel349" xlink:href="scriptorium.bohairic.Habakkuk_01.mark.xml#sSpan584" target="scriptorium.bohairic.Habakkuk_01.mark.xml#sSpan580"/>
		<rel id="sPointingRel351" xlink:href="scriptorium.bohairic.Habakkuk_01.mark.xml#sSpan156" target="scriptorium.bohairic.Habakkuk_01.mark.xml#sSpan166"/>
		<rel id="sPointingRel353" xlink:href="scriptorium.bohairic.Habakkuk_01.mark.xml#sSpan1700" target="scriptorium.bohairic.Habakkuk_01.mark.xml#sSpan1698"/>
		<rel id="sPointingRel355" xlink:href="scriptorium.bohairic.Habakkuk_01.mark.xml#sSpan1558" target="scriptorium.bohairic.Habakkuk_01.mark.xml#sSpan1580"/>
		<rel id="sPointingRel357" xlink:href="scriptorium.bohairic.Habakkuk_01.mark.xml#sSpan1400" target="scriptorium.bohairic.Habakkuk_01.mark.xml#sSpan1394"/>
		<rel id="sPointingRel359" xlink:href="scriptorium.bohairic.Habakkuk_01.mark.xml#sSpan239" target="scriptorium.bohairic.Habakkuk_01.mark.xml#sSpan234"/>
		<rel id="sPointingRel361" xlink:href="scriptorium.bohairic.Habakkuk_01.mark.xml#sSpan1682" target="scriptorium.bohairic.Habakkuk_01.mark.xml#sSpan1680"/>
		<rel id="sPointingRel363" xlink:href="scriptorium.bohairic.Habakkuk_01.mark.xml#sSpan1640" target="scriptorium.bohairic.Habakkuk_01.mark.xml#sSpan1674"/>
		<rel id="sPointingRel365" xlink:href="scriptorium.bohairic.Habakkuk_01.mark.xml#sSpan1046" target="scriptorium.bohairic.Habakkuk_01.mark.xml#sSpan1064"/>
		<rel id="sPointingRel367" xlink:href="scriptorium.bohairic.Habakkuk_01.mark.xml#sSpan52" target="scriptorium.bohairic.Habakkuk_01.mark.xml#sSpan44"/>
		<rel id="sPointingRel369" xlink:href="scriptorium.bohairic.Habakkuk_01.mark.xml#sSpan441" target="scriptorium.bohairic.Habakkuk_01.mark.xml#sSpan435"/>
		<rel id="sPointingRel371" xlink:href="scriptorium.bohairic.Habakkuk_01.mark.xml#sSpan680" target="scriptorium.bohairic.Habakkuk_01.mark.xml#sSpan676"/>
		<rel id="sPointingRel373" xlink:href="scriptorium.bohairic.Habakkuk_01.mark.xml#sSpan44" target="scriptorium.bohairic.Habakkuk_01.mark.xml#sSpan42"/>
		<rel id="sPointingRel375" xlink:href="scriptorium.bohairic.Habakkuk_01.mark.xml#sSpan881" target="scriptorium.bohairic.Habakkuk_01.mark.xml#sSpan878"/>
		<rel id="sPointingRel377" xlink:href="scriptorium.bohairic.Habakkuk_01.mark.xml#sSpan1349" target="scriptorium.bohairic.Habakkuk_01.mark.xml#sSpan1343"/>
		<rel id="sPointingRel379" xlink:href="scriptorium.bohairic.Habakkuk_01.mark.xml#sSpan526" target="scriptorium.bohairic.Habakkuk_01.mark.xml#sSpan520"/>
		<rel id="sPointingRel381" xlink:href="scriptorium.bohairic.Habakkuk_01.mark.xml#sSpan270" target="scriptorium.bohairic.Habakkuk_01.mark.xml#sSpan283"/>
		<rel id="sPointingRel383" xlink:href="scriptorium.bohairic.Habakkuk_01.mark.xml#sSpan887" target="scriptorium.bohairic.Habakkuk_01.mark.xml#sSpan883"/>
		<rel id="sPointingRel385" xlink:href="scriptorium.bohairic.Habakkuk_01.mark.xml#sSpan1024" target="scriptorium.bohairic.Habakkuk_01.mark.xml#sSpan1036"/>
		<rel id="sPointingRel387" xlink:href="scriptorium.bohairic.Habakkuk_01.mark.xml#sSpan1227" target="scriptorium.bohairic.Habakkuk_01.mark.xml#sSpan1221"/>
		<rel id="sPointingRel389" xlink:href="scriptorium.bohairic.Habakkuk_01.mark.xml#sSpan295" target="scriptorium.bohairic.Habakkuk_01.mark.xml#sSpan307"/>
		<rel id="sPointingRel391" xlink:href="scriptorium.bohairic.Habakkuk_01.mark.xml#sSpan377" target="scriptorium.bohairic.Habakkuk_01.mark.xml#sSpan499"/>
		<rel id="sPointingRel393" xlink:href="scriptorium.bohairic.Habakkuk_01.mark.xml#sSpan526" target="scriptorium.bohairic.Habakkuk_01.mark.xml#sSpan510"/>
		<rel id="sPointingRel395" xlink:href="scriptorium.bohairic.Habakkuk_01.mark.xml#sSpan1719" target="scriptorium.bohairic.Habakkuk_01.mark.xml#sSpan1727"/>
		<rel id="sPointingRel397" xlink:href="scriptorium.bohairic.Habakkuk_01.mark.xml#sSpan1227" target="scriptorium.bohairic.Habakkuk_01.mark.xml#sSpan1225"/>
		<rel id="sPointingRel399" xlink:href="scriptorium.bohairic.Habakkuk_01.mark.xml#sSpan1618" target="scriptorium.bohairic.Habakkuk_01.mark.xml#sSpan1628"/>
		<rel id="sPointingRel401" xlink:href="scriptorium.bohairic.Habakkuk_01.mark.xml#sSpan295" target="scriptorium.bohairic.Habakkuk_01.mark.xml#sSpan330"/>
		<rel id="sPointingRel403" xlink:href="scriptorium.bohairic.Habakkuk_01.mark.xml#sSpan1427" target="scriptorium.bohairic.Habakkuk_01.mark.xml#sSpan1425"/>
		<rel id="sPointingRel405" xlink:href="scriptorium.bohairic.Habakkuk_01.mark.xml#sSpan1719" target="scriptorium.bohairic.Habakkuk_01.mark.xml#sSpan1715"/>
		<rel id="sPointingRel407" xlink:href="scriptorium.bohairic.Habakkuk_01.mark.xml#sSpan1618" target="scriptorium.bohairic.Habakkuk_01.mark.xml#sSpan1640"/>
		<rel id="sPointingRel409" xlink:href="scriptorium.bohairic.Habakkuk_01.mark.xml#sSpan1373" target="scriptorium.bohairic.Habakkuk_01.mark.xml#sSpan1375"/>
		<rel id="sPointingRel411" xlink:href="scriptorium.bohairic.Habakkuk_01.mark.xml#sSpan996" target="scriptorium.bohairic.Habakkuk_01.mark.xml#sSpan990"/>
		<rel id="sPointingRel413" xlink:href="scriptorium.bohairic.Habakkuk_01.mark.xml#sSpan363" target="scriptorium.bohairic.Habakkuk_01.mark.xml#sSpan357"/>
		<rel id="sPointingRel415" xlink:href="scriptorium.bohairic.Habakkuk_01.mark.xml#sSpan1026" target="scriptorium.bohairic.Habakkuk_01.mark.xml#sSpan1030"/>
		<rel id="sPointingRel417" xlink:href="scriptorium.bohairic.Habakkuk_01.mark.xml#sSpan543" target="scriptorium.bohairic.Habakkuk_01.mark.xml#sSpan550"/>
		<rel id="sPointingRel419" xlink:href="scriptorium.bohairic.Habakkuk_01.mark.xml#sSpan847" target="scriptorium.bohairic.Habakkuk_01.mark.xml#sSpan845"/>
		<rel id="sPointingRel421" xlink:href="scriptorium.bohairic.Habakkuk_01.mark.xml#sSpan220" target="scriptorium.bohairic.Habakkuk_01.mark.xml#sSpan214"/>
		<rel id="sPointingRel423" xlink:href="scriptorium.bohairic.Habakkuk_01.mark.xml#sSpan1315" target="scriptorium.bohairic.Habakkuk_01.mark.xml#sSpan1311"/>
		<rel id="sPointingRel425" xlink:href="scriptorium.bohairic.Habakkuk_01.mark.xml#sSpan89" target="scriptorium.bohairic.Habakkuk_01.mark.xml#sSpan83"/>
		<rel id="sPointingRel427" xlink:href="scriptorium.bohairic.Habakkuk_01.mark.xml#sSpan714" target="scriptorium.bohairic.Habakkuk_01.mark.xml#sSpan709"/>
		<rel id="sPointingRel429" xlink:href="scriptorium.bohairic.Habakkuk_01.mark.xml#sSpan202" target="scriptorium.bohairic.Habakkuk_01.mark.xml#sSpan195"/>
		<rel id="sPointingRel431" xlink:href="scriptorium.bohairic.Habakkuk_01.mark.xml#sSpan351" target="scriptorium.bohairic.Habakkuk_01.mark.xml#sSpan363"/>
		<rel id="sPointingRel433" xlink:href="scriptorium.bohairic.Habakkuk_01.mark.xml#sSpan1536" target="scriptorium.bohairic.Habakkuk_01.mark.xml#sSpan1532"/>
		<rel id="sPointingRel435" xlink:href="scriptorium.bohairic.Habakkuk_01.mark.xml#sSpan1227" target="scriptorium.bohairic.Habakkuk_01.mark.xml#sSpan1237"/>
		<rel id="sPointingRel437" xlink:href="scriptorium.bohairic.Habakkuk_01.mark.xml#sSpan600" target="scriptorium.bohairic.Habakkuk_01.mark.xml#sSpan598"/>
		<rel id="sPointingRel439" xlink:href="scriptorium.bohairic.Habakkuk_01.mark.xml#sSpan129" target="scriptorium.bohairic.Habakkuk_01.mark.xml#sSpan133"/>
		<rel id="sPointingRel441" xlink:href="scriptorium.bohairic.Habakkuk_01.mark.xml#sSpan1518" target="scriptorium.bohairic.Habakkuk_01.mark.xml#sSpan1516"/>
		<rel id="sPointingRel443" xlink:href="scriptorium.bohairic.Habakkuk_01.mark.xml#sSpan363" target="scriptorium.bohairic.Habakkuk_01.mark.xml#sSpan361"/>
		<rel id="sPointingRel445" xlink:href="scriptorium.bohairic.Habakkuk_01.mark.xml#sSpan1400" target="scriptorium.bohairic.Habakkuk_01.mark.xml#sSpan1398"/>
		<rel id="sPointingRel447" xlink:href="scriptorium.bohairic.Habakkuk_01.mark.xml#sSpan769" target="scriptorium.bohairic.Habakkuk_01.mark.xml#sSpan787"/>
		<rel id="sPointingRel449" xlink:href="scriptorium.bohairic.Habakkuk_01.mark.xml#sSpan16" target="scriptorium.bohairic.Habakkuk_01.mark.xml#sSpan23"/>
		<rel id="sPointingRel451" xlink:href="scriptorium.bohairic.Habakkuk_01.mark.xml#sSpan1143" target="scriptorium.bohairic.Habakkuk_01.mark.xml#sSpan1137"/>
		<rel id="sPointingRel453" xlink:href="scriptorium.bohairic.Habakkuk_01.mark.xml#sSpan1719" target="scriptorium.bohairic.Habakkuk_01.mark.xml#sSpan1713"/>
		<rel id="sPointingRel455" xlink:href="scriptorium.bohairic.Habakkuk_01.mark.xml#sSpan584" target="scriptorium.bohairic.Habakkuk_01.mark.xml#sSpan606"/>
		<rel id="sPointingRel457" xlink:href="scriptorium.bohairic.Habakkuk_01.mark.xml#sSpan1719" target="scriptorium.bohairic.Habakkuk_01.mark.xml#sSpan1768"/>
		<rel id="sPointingRel459" xlink:href="scriptorium.bohairic.Habakkuk_01.mark.xml#sSpan212" target="scriptorium.bohairic.Habakkuk_01.mark.xml#sSpan210"/>
		<rel id="sPointingRel461" xlink:href="scriptorium.bohairic.Habakkuk_01.mark.xml#sSpan1419" target="scriptorium.bohairic.Habakkuk_01.mark.xml#sSpan1406"/>
		<rel id="sPointingRel463" xlink:href="scriptorium.bohairic.Habakkuk_01.mark.xml#sSpan564" target="scriptorium.bohairic.Habakkuk_01.mark.xml#sSpan560"/>
		<rel id="sPointingRel465" xlink:href="scriptorium.bohairic.Habakkuk_01.mark.xml#sSpan441" target="scriptorium.bohairic.Habakkuk_01.mark.xml#sSpan449"/>
		<rel id="sPointingRel467" xlink:href="scriptorium.bohairic.Habakkuk_01.mark.xml#sSpan270" target="scriptorium.bohairic.Habakkuk_01.mark.xml#sSpan351"/>
		<rel id="sPointingRel469" xlink:href="scriptorium.bohairic.Habakkuk_01.mark.xml#sSpan1737" target="scriptorium.bohairic.Habakkuk_01.mark.xml#sSpan1746"/>
		<rel id="sPointingRel471" xlink:href="scriptorium.bohairic.Habakkuk_01.mark.xml#sSpan1530" target="scriptorium.bohairic.Habakkuk_01.mark.xml#sSpan1545"/>
		<rel id="sPointingRel473" xlink:href="scriptorium.bohairic.Habakkuk_01.mark.xml#sSpan1674" target="scriptorium.bohairic.Habakkuk_01.mark.xml#sSpan1672"/>
		<rel id="sPointingRel475" xlink:href="scriptorium.bohairic.Habakkuk_01.mark.xml#sSpan1036" target="scriptorium.bohairic.Habakkuk_01.mark.xml#sSpan1032"/>
		<rel id="sPointingRel477" xlink:href="scriptorium.bohairic.Habakkuk_01.mark.xml#sSpan688" target="scriptorium.bohairic.Habakkuk_01.mark.xml#sSpan692"/>
		<rel id="sPointingRel479" xlink:href="scriptorium.bohairic.Habakkuk_01.mark.xml#sSpan71" target="scriptorium.bohairic.Habakkuk_01.mark.xml#sSpan77"/>
		<rel id="sPointingRel481" xlink:href="scriptorium.bohairic.Habakkuk_01.mark.xml#sSpan89" target="scriptorium.bohairic.Habakkuk_01.mark.xml#sSpan103"/>
		<rel id="sPointingRel483" xlink:href="scriptorium.bohairic.Habakkuk_01.mark.xml#sSpan921" target="scriptorium.bohairic.Habakkuk_01.mark.xml#sSpan913"/>
		<rel id="sPointingRel485" xlink:href="scriptorium.bohairic.Habakkuk_01.mark.xml#sSpan1157" target="scriptorium.bohairic.Habakkuk_01.mark.xml#sSpan1173"/>
		<rel id="sPointingRel487" xlink:href="scriptorium.bohairic.Habakkuk_01.mark.xml#sSpan872" target="scriptorium.bohairic.Habakkuk_01.mark.xml#sSpan868"/>
		<rel id="sPointingRel489" xlink:href="scriptorium.bohairic.Habakkuk_01.mark.xml#sSpan1249" target="scriptorium.bohairic.Habakkuk_01.mark.xml#sSpan1257"/>
		<rel id="sPointingRel491" xlink:href="scriptorium.bohairic.Habakkuk_01.mark.xml#sSpan52" target="scriptorium.bohairic.Habakkuk_01.mark.xml#sSpan50"/>
		<rel id="sPointingRel493" xlink:href="scriptorium.bohairic.Habakkuk_01.mark.xml#sSpan1727" target="scriptorium.bohairic.Habakkuk_01.mark.xml#sSpan1721"/>
		<rel id="sPointingRel495" xlink:href="scriptorium.bohairic.Habakkuk_01.mark.xml#sSpan934" target="scriptorium.bohairic.Habakkuk_01.mark.xml#sSpan931"/>
		<rel id="sPointingRel497" xlink:href="scriptorium.bohairic.Habakkuk_01.mark.xml#sSpan621" target="scriptorium.bohairic.Habakkuk_01.mark.xml#sSpan633"/>
		<rel id="sPointingRel499" xlink:href="scriptorium.bohairic.Habakkuk_01.mark.xml#sSpan471" target="scriptorium.bohairic.Habakkuk_01.mark.xml#sSpan469"/>
		<rel id="sPointingRel501" xlink:href="scriptorium.bohairic.Habakkuk_01.mark.xml#sSpan971" target="scriptorium.bohairic.Habakkuk_01.mark.xml#sSpan996"/>
		<rel id="sPointingRel503" xlink:href="scriptorium.bohairic.Habakkuk_01.mark.xml#sSpan489" target="scriptorium.bohairic.Habakkuk_01.mark.xml#sSpan487"/>
		<rel id="sPointingRel505" xlink:href="scriptorium.bohairic.Habakkuk_01.mark.xml#sSpan1213" target="scriptorium.bohairic.Habakkuk_01.mark.xml#sSpan1207"/>
		<rel id="sPointingRel507" xlink:href="scriptorium.bohairic.Habakkuk_01.mark.xml#sSpan750" target="scriptorium.bohairic.Habakkuk_01.mark.xml#sSpan742"/>
		<rel id="sPointingRel509" xlink:href="scriptorium.bohairic.Habakkuk_01.mark.xml#sSpan330" target="scriptorium.bohairic.Habakkuk_01.mark.xml#sSpan339"/>
		<rel id="sPointingRel511" xlink:href="scriptorium.bohairic.Habakkuk_01.mark.xml#sSpan714" target="scriptorium.bohairic.Habakkuk_01.mark.xml#sSpan740"/>
		<rel id="sPointingRel513" xlink:href="scriptorium.bohairic.Habakkuk_01.mark.xml#sSpan823" target="scriptorium.bohairic.Habakkuk_01.mark.xml#sSpan815"/>
		<rel id="sPointingRel515" xlink:href="scriptorium.bohairic.Habakkuk_01.mark.xml#sSpan307" target="scriptorium.bohairic.Habakkuk_01.mark.xml#sSpan305"/>
		<rel id="sPointingRel517" xlink:href="scriptorium.bohairic.Habakkuk_01.mark.xml#sSpan831" target="scriptorium.bohairic.Habakkuk_01.mark.xml#sSpan825"/>
		<rel id="sPointingRel519" xlink:href="scriptorium.bohairic.Habakkuk_01.mark.xml#sSpan1459" target="scriptorium.bohairic.Habakkuk_01.mark.xml#sSpan1457"/>
		<rel id="sPointingRel521" xlink:href="scriptorium.bohairic.Habakkuk_01.mark.xml#sSpan866" target="scriptorium.bohairic.Habakkuk_01.mark.xml#sSpan859"/>
		<rel id="sPointingRel523" xlink:href="scriptorium.bohairic.Habakkuk_01.mark.xml#sSpan1628" target="scriptorium.bohairic.Habakkuk_01.mark.xml#sSpan1621"/>
		<rel id="sPointingRel525" xlink:href="scriptorium.bohairic.Habakkuk_01.mark.xml#sSpan1419" target="scriptorium.bohairic.Habakkuk_01.mark.xml#sSpan1427"/>
		<rel id="sPointingRel527" xlink:href="scriptorium.bohairic.Habakkuk_01.mark.xml#sSpan471" target="scriptorium.bohairic.Habakkuk_01.mark.xml#sSpan477"/>
		<rel id="sPointingRel529" xlink:href="scriptorium.bohairic.Habakkuk_01.mark.xml#sSpan1568" target="scriptorium.bohairic.Habakkuk_01.mark.xml#sSpan1566"/>
		<rel id="sPointingRel531" xlink:href="scriptorium.bohairic.Habakkuk_01.mark.xml#sSpan740" target="scriptorium.bohairic.Habakkuk_01.mark.xml#sSpan750"/>
		<rel id="sPointingRel533" xlink:href="scriptorium.bohairic.Habakkuk_01.mark.xml#sSpan212" target="scriptorium.bohairic.Habakkuk_01.mark.xml#sSpan220"/>
		<rel id="sPointingRel535" xlink:href="scriptorium.bohairic.Habakkuk_01.mark.xml#sSpan371" target="scriptorium.bohairic.Habakkuk_01.mark.xml#sSpan365"/>
		<rel id="sPointingRel537" xlink:href="scriptorium.bohairic.Habakkuk_01.mark.xml#sSpan1419" target="scriptorium.bohairic.Habakkuk_01.mark.xml#sSpan1413"/>
		<rel id="sPointingRel539" xlink:href="scriptorium.bohairic.Habakkuk_01.mark.xml#sSpan1002" target="scriptorium.bohairic.Habakkuk_01.mark.xml#sSpan998"/>
		<rel id="sPointingRel541" xlink:href="scriptorium.bohairic.Habakkuk_01.mark.xml#sSpan805" target="scriptorium.bohairic.Habakkuk_01.mark.xml#sSpan803"/>
		<rel id="sPointingRel543" xlink:href="scriptorium.bohairic.Habakkuk_01.mark.xml#sSpan1692" target="scriptorium.bohairic.Habakkuk_01.mark.xml#sSpan1688"/>
		<rel id="sPointingRel545" xlink:href="scriptorium.bohairic.Habakkuk_01.mark.xml#sSpan1500" target="scriptorium.bohairic.Habakkuk_01.mark.xml#sSpan1530"/>
		<rel id="sPointingRel547" xlink:href="scriptorium.bohairic.Habakkuk_01.mark.xml#sSpan887" target="scriptorium.bohairic.Habakkuk_01.mark.xml#sSpan893"/>
		<rel id="sPointingRel549" xlink:href="scriptorium.bohairic.Habakkuk_01.mark.xml#sSpan248" target="scriptorium.bohairic.Habakkuk_01.mark.xml#sSpan230"/>
		<rel id="sPointingRel551" xlink:href="scriptorium.bohairic.Habakkuk_01.mark.xml#sSpan1323" target="scriptorium.bohairic.Habakkuk_01.mark.xml#sSpan1317"/>
		<rel id="sPointingRel553" xlink:href="scriptorium.bohairic.Habakkuk_01.mark.xml#sSpan1545" target="scriptorium.bohairic.Habakkuk_01.mark.xml#sSpan1542"/>
		<rel id="sPointingRel555" xlink:href="scriptorium.bohairic.Habakkuk_01.mark.xml#sSpan415" target="scriptorium.bohairic.Habakkuk_01.mark.xml#sSpan413"/>
		<rel id="sPointingRel557" xlink:href="scriptorium.bohairic.Habakkuk_01.mark.xml#sSpan36" target="scriptorium.bohairic.Habakkuk_01.mark.xml#sSpan52"/>
		<rel id="sPointingRel559" xlink:href="scriptorium.bohairic.Habakkuk_01.mark.xml#sSpan371" target="scriptorium.bohairic.Habakkuk_01.mark.xml#sSpan369"/>
		<rel id="sPointingRel561" xlink:href="scriptorium.bohairic.Habakkuk_01.mark.xml#sSpan52" target="scriptorium.bohairic.Habakkuk_01.mark.xml#sSpan89"/>
		<rel id="sPointingRel563" xlink:href="scriptorium.bohairic.Habakkuk_01.mark.xml#sSpan1467" target="scriptorium.bohairic.Habakkuk_01.mark.xml#sSpan1461"/>
		<rel id="sPointingRel565" xlink:href="scriptorium.bohairic.Habakkuk_01.mark.xml#sSpan1435" target="scriptorium.bohairic.Habakkuk_01.mark.xml#sSpan1429"/>
		<rel id="sPointingRel567" xlink:href="scriptorium.bohairic.Habakkuk_01.mark.xml#sSpan377" target="scriptorium.bohairic.Habakkuk_01.mark.xml#sSpan404"/>
		<rel id="sPointingRel569" xlink:href="scriptorium.bohairic.Habakkuk_01.mark.xml#sSpan129" target="scriptorium.bohairic.Habakkuk_01.mark.xml#sSpan123"/>
		<rel id="sPointingRel571" xlink:href="scriptorium.bohairic.Habakkuk_01.mark.xml#sSpan1265" target="scriptorium.bohairic.Habakkuk_01.mark.xml#sSpan1259"/>
		<rel id="sPointingRel573" xlink:href="scriptorium.bohairic.Habakkuk_01.mark.xml#sSpan1370" target="scriptorium.bohairic.Habakkuk_01.mark.xml#sSpan1364"/>
		<rel id="sPointingRel575" xlink:href="scriptorium.bohairic.Habakkuk_01.mark.xml#sSpan1237" target="scriptorium.bohairic.Habakkuk_01.mark.xml#sSpan1235"/>
		<rel id="sPointingRel577" xlink:href="scriptorium.bohairic.Habakkuk_01.mark.xml#sSpan1179" target="scriptorium.bohairic.Habakkuk_01.mark.xml#sSpan1175"/>
		<rel id="sPointingRel579" xlink:href="scriptorium.bohairic.Habakkuk_01.mark.xml#sSpan89" target="scriptorium.bohairic.Habakkuk_01.mark.xml#sSpan129"/>
		<rel id="sPointingRel581" xlink:href="scriptorium.bohairic.Habakkuk_01.mark.xml#sSpan1249" target="scriptorium.bohairic.Habakkuk_01.mark.xml#sSpan1247"/>
		<rel id="sPointingRel583" xlink:href="scriptorium.bohairic.Habakkuk_01.mark.xml#sSpan1590" target="scriptorium.bohairic.Habakkuk_01.mark.xml#sSpan1586"/>
		<rel id="sPointingRel585" xlink:href="scriptorium.bohairic.Habakkuk_01.mark.xml#sSpan270" target="scriptorium.bohairic.Habakkuk_01.mark.xml#sSpan272"/>
		<rel id="sPointingRel587" xlink:href="scriptorium.bohairic.Habakkuk_01.mark.xml#sSpan295" target="scriptorium.bohairic.Habakkuk_01.mark.xml#sSpan313"/>
		<rel id="sPointingRel589" xlink:href="scriptorium.bohairic.Habakkuk_01.mark.xml#sSpan1278" target="scriptorium.bohairic.Habakkuk_01.mark.xml#sSpan1294"/>
		<rel id="sPointingRel591" xlink:href="scriptorium.bohairic.Habakkuk_01.mark.xml#sSpan1278" target="scriptorium.bohairic.Habakkuk_01.mark.xml#sSpan1271"/>
		<rel id="sPointingRel593" xlink:href="scriptorium.bohairic.Habakkuk_01.mark.xml#sSpan1070" target="scriptorium.bohairic.Habakkuk_01.mark.xml#sSpan1066"/>
		<rel id="sPointingRel595" xlink:href="scriptorium.bohairic.Habakkuk_01.mark.xml#sSpan621" target="scriptorium.bohairic.Habakkuk_01.mark.xml#sSpan627"/>
		<rel id="sPointingRel597" xlink:href="scriptorium.bohairic.Habakkuk_01.mark.xml#sSpan1674" target="scriptorium.bohairic.Habakkuk_01.mark.xml#sSpan1682"/>
		<rel id="sPointingRel599" xlink:href="scriptorium.bohairic.Habakkuk_01.mark.xml#sSpan1088" target="scriptorium.bohairic.Habakkuk_01.mark.xml#sSpan1117"/>
		<rel id="sPointingRel601" xlink:href="scriptorium.bohairic.Habakkuk_01.mark.xml#sSpan1500" target="scriptorium.bohairic.Habakkuk_01.mark.xml#sSpan1558"/>
		<rel id="sPointingRel603" xlink:href="scriptorium.bohairic.Habakkuk_01.mark.xml#sSpan471" target="scriptorium.bohairic.Habakkuk_01.mark.xml#sSpan489"/>
		<rel id="sPointingRel605" xlink:href="scriptorium.bohairic.Habakkuk_01.mark.xml#sSpan184" target="scriptorium.bohairic.Habakkuk_01.mark.xml#sSpan193"/>
		<rel id="sPointingRel607" xlink:href="scriptorium.bohairic.Habakkuk_01.mark.xml#sSpan787" target="scriptorium.bohairic.Habakkuk_01.mark.xml#sSpan781"/>
		<rel id="sPointingRel609" xlink:href="scriptorium.bohairic.Habakkuk_01.mark.xml#sSpan1692" target="scriptorium.bohairic.Habakkuk_01.mark.xml#sSpan1700"/>
		<rel id="sPointingRel611" xlink:href="scriptorium.bohairic.Habakkuk_01.mark.xml#sSpan1510" target="scriptorium.bohairic.Habakkuk_01.mark.xml#sSpan1508"/>
		<rel id="sPointingRel613" xlink:href="scriptorium.bohairic.Habakkuk_01.mark.xml#sSpan740" target="scriptorium.bohairic.Habakkuk_01.mark.xml#sSpan736"/>
		<rel id="sPointingRel615" xlink:href="scriptorium.bohairic.Habakkuk_01.mark.xml#sSpan166" target="scriptorium.bohairic.Habakkuk_01.mark.xml#sSpan160"/>
		<rel id="sPointingRel617" xlink:href="scriptorium.bohairic.Habakkuk_01.mark.xml#sSpan1249" target="scriptorium.bohairic.Habakkuk_01.mark.xml#sSpan1243"/>
		<rel id="sPointingRel619" xlink:href="scriptorium.bohairic.Habakkuk_01.mark.xml#sSpan901" target="scriptorium.bohairic.Habakkuk_01.mark.xml#sSpan910"/>
		<rel id="sPointingRel621" xlink:href="scriptorium.bohairic.Habakkuk_01.mark.xml#sSpan831" target="scriptorium.bohairic.Habakkuk_01.mark.xml#sSpan839"/>
		<rel id="sPointingRel623" xlink:href="scriptorium.bohairic.Habakkuk_01.mark.xml#sSpan1530" target="scriptorium.bohairic.Habakkuk_01.mark.xml#sSpan1528"/>
		<rel id="sPointingRel625" xlink:href="scriptorium.bohairic.Habakkuk_01.mark.xml#sSpan1064" target="scriptorium.bohairic.Habakkuk_01.mark.xml#sSpan1060"/>
		<rel id="sPointingRel627" xlink:href="scriptorium.bohairic.Habakkuk_01.mark.xml#sSpan714" target="scriptorium.bohairic.Habakkuk_01.mark.xml#sSpan702"/>
		<rel id="sPointingRel629" xlink:href="scriptorium.bohairic.Habakkuk_01.mark.xml#sSpan797" target="scriptorium.bohairic.Habakkuk_01.mark.xml#sSpan789"/>
		<rel id="sPointingRel631" xlink:href="scriptorium.bohairic.Habakkuk_01.mark.xml#sSpan1294" target="scriptorium.bohairic.Habakkuk_01.mark.xml#sSpan1288"/>
		<rel id="sPointingRel633" xlink:href="scriptorium.bohairic.Habakkuk_01.mark.xml#sSpan797" target="scriptorium.bohairic.Habakkuk_01.mark.xml#sSpan793"/>
		<rel id="sPointingRel635" xlink:href="scriptorium.bohairic.Habakkuk_01.mark.xml#sSpan1598" target="scriptorium.bohairic.Habakkuk_01.mark.xml#sSpan1596"/>
		<rel id="sPointingRel637" xlink:href="scriptorium.bohairic.Habakkuk_01.mark.xml#sSpan1249" target="scriptorium.bohairic.Habakkuk_01.mark.xml#sSpan1239"/>
		<rel id="sPointingRel639" xlink:href="scriptorium.bohairic.Habakkuk_01.mark.xml#sSpan853" target="scriptorium.bohairic.Habakkuk_01.mark.xml#sSpan849"/>
		<rel id="sPointingRel641" xlink:href="scriptorium.bohairic.Habakkuk_01.mark.xml#sSpan654" target="scriptorium.bohairic.Habakkuk_01.mark.xml#sSpan660"/>
		<rel id="sPointingRel643" xlink:href="scriptorium.bohairic.Habakkuk_01.mark.xml#sSpan1195" target="scriptorium.bohairic.Habakkuk_01.mark.xml#sSpan1191"/>
		<rel id="sPointingRel645" xlink:href="scriptorium.bohairic.Habakkuk_01.mark.xml#sSpan606" target="scriptorium.bohairic.Habakkuk_01.mark.xml#sSpan611"/>
		<rel id="sPointingRel647" xlink:href="scriptorium.bohairic.Habakkuk_01.mark.xml#sSpan283" target="scriptorium.bohairic.Habakkuk_01.mark.xml#sSpan276"/>
		<rel id="sPointingRel649" xlink:href="scriptorium.bohairic.Habakkuk_01.mark.xml#sSpan1046" target="scriptorium.bohairic.Habakkuk_01.mark.xml#sSpan1042"/>
		<rel id="sPointingRel651" xlink:href="scriptorium.bohairic.Habakkuk_01.mark.xml#sSpan823" target="scriptorium.bohairic.Habakkuk_01.mark.xml#sSpan819"/>
		<rel id="sPointingRel653" xlink:href="scriptorium.bohairic.Habakkuk_01.mark.xml#sSpan156" target="scriptorium.bohairic.Habakkuk_01.mark.xml#sSpan212"/>
		<rel id="sPointingRel655" xlink:href="scriptorium.bohairic.Habakkuk_01.mark.xml#sSpan441" target="scriptorium.bohairic.Habakkuk_01.mark.xml#sSpan429"/>
		<rel id="sPointingRel657" xlink:href="scriptorium.bohairic.Habakkuk_01.mark.xml#sSpan1558" target="scriptorium.bohairic.Habakkuk_01.mark.xml#sSpan1548"/>
		<rel id="sPointingRel659" xlink:href="scriptorium.bohairic.Habakkuk_01.mark.xml#sSpan1337" target="scriptorium.bohairic.Habakkuk_01.mark.xml#sSpan1333"/>
		<rel id="sPointingRel661" xlink:href="scriptorium.bohairic.Habakkuk_01.mark.xml#sSpan723" target="scriptorium.bohairic.Habakkuk_01.mark.xml#sSpan721"/>
		<rel id="sPointingRel663" xlink:href="scriptorium.bohairic.Habakkuk_01.mark.xml#sSpan839" target="scriptorium.bohairic.Habakkuk_01.mark.xml#sSpan837"/>
		<rel id="sPointingRel665" xlink:href="scriptorium.bohairic.Habakkuk_01.mark.xml#sSpan1143" target="scriptorium.bohairic.Habakkuk_01.mark.xml#sSpan1141"/>
		<rel id="sPointingRel667" xlink:href="scriptorium.bohairic.Habakkuk_01.mark.xml#sSpan971" target="scriptorium.bohairic.Habakkuk_01.mark.xml#sSpan956"/>
		<rel id="sPointingRel669" xlink:href="scriptorium.bohairic.Habakkuk_01.mark.xml#sSpan1315" target="scriptorium.bohairic.Habakkuk_01.mark.xml#sSpan1307"/>
		<rel id="sPointingRel671" xlink:href="scriptorium.bohairic.Habakkuk_01.mark.xml#sSpan1088" target="scriptorium.bohairic.Habakkuk_01.mark.xml#sSpan1107"/>
		<rel id="sPointingRel673" xlink:href="scriptorium.bohairic.Habakkuk_01.mark.xml#sSpan611" target="scriptorium.bohairic.Habakkuk_01.mark.xml#sSpan621"/>
		<rel id="sPointingRel675" xlink:href="scriptorium.bohairic.Habakkuk_01.mark.xml#sSpan1294" target="scriptorium.bohairic.Habakkuk_01.mark.xml#sSpan1315"/>
		<rel id="sPointingRel677" xlink:href="scriptorium.bohairic.Habakkuk_01.mark.xml#sSpan1303" target="scriptorium.bohairic.Habakkuk_01.mark.xml#sSpan1300"/>
		<rel id="sPointingRel679" xlink:href="scriptorium.bohairic.Habakkuk_01.mark.xml#sSpan734" target="scriptorium.bohairic.Habakkuk_01.mark.xml#sSpan725"/>
		<rel id="sPointingRel681" xlink:href="scriptorium.bohairic.Habakkuk_01.mark.xml#sSpan1752" target="scriptorium.bohairic.Habakkuk_01.mark.xml#sSpan1754"/>
		<rel id="sPointingRel683" xlink:href="scriptorium.bohairic.Habakkuk_01.mark.xml#sSpan1064" target="scriptorium.bohairic.Habakkuk_01.mark.xml#sSpan1070"/>
		<rel id="sPointingRel685" xlink:href="scriptorium.bohairic.Habakkuk_01.mark.xml#sSpan377" target="scriptorium.bohairic.Habakkuk_01.mark.xml#sSpan389"/>
		<rel id="sPointingRel687" xlink:href="scriptorium.bohairic.Habakkuk_01.mark.xml#sSpan1654" target="scriptorium.bohairic.Habakkuk_01.mark.xml#sSpan1652"/>
		<rel id="sPointingRel689" xlink:href="scriptorium.bohairic.Habakkuk_01.mark.xml#sSpan1449" target="scriptorium.bohairic.Habakkuk_01.mark.xml#sSpan1445"/>
		<rel id="sPointingRel691" xlink:href="scriptorium.bohairic.Habakkuk_01.mark.xml#sSpan686" target="scriptorium.bohairic.Habakkuk_01.mark.xml#sSpan696"/>
		<rel id="sPointingRel693" xlink:href="scriptorium.bohairic.Habakkuk_01.mark.xml#sSpan1016" target="scriptorium.bohairic.Habakkuk_01.mark.xml#sSpan1008"/>
		<rel id="sPointingRel695" xlink:href="scriptorium.bohairic.Habakkuk_01.mark.xml#sSpan714" target="scriptorium.bohairic.Habakkuk_01.mark.xml#sSpan769"/>
		<rel id="sPointingRel697" xlink:href="scriptorium.bohairic.Habakkuk_01.mark.xml#sSpan449" target="scriptorium.bohairic.Habakkuk_01.mark.xml#sSpan459"/>
		<rel id="sPointingRel699" xlink:href="scriptorium.bohairic.Habakkuk_01.mark.xml#sSpan621" target="scriptorium.bohairic.Habakkuk_01.mark.xml#sSpan619"/>
		<rel id="sPointingRel701" xlink:href="scriptorium.bohairic.Habakkuk_01.mark.xml#sSpan1500" target="scriptorium.bohairic.Habakkuk_01.mark.xml#sSpan1502"/>
		<rel id="sPointingRel703" xlink:href="scriptorium.bohairic.Habakkuk_01.mark.xml#sSpan1419" target="scriptorium.bohairic.Habakkuk_01.mark.xml#sSpan1435"/>
		<rel id="sPointingRel705" xlink:href="scriptorium.bohairic.Habakkuk_01.mark.xml#sSpan156" target="scriptorium.bohairic.Habakkuk_01.mark.xml#sSpan180"/>
		<rel id="sPointingRel707" xlink:href="scriptorium.bohairic.Habakkuk_01.mark.xml#sSpan1492" target="scriptorium.bohairic.Habakkuk_01.mark.xml#sSpan1484"/>
		<rel id="sPointingRel709" xlink:href="scriptorium.bohairic.Habakkuk_01.mark.xml#sSpan129" target="scriptorium.bohairic.Habakkuk_01.mark.xml#sSpan127"/>
		<rel id="sPointingRel711" xlink:href="scriptorium.bohairic.Habakkuk_01.mark.xml#sSpan1719" target="scriptorium.bohairic.Habakkuk_01.mark.xml#sSpan1737"/>
		<rel id="sPointingRel713" xlink:href="scriptorium.bohairic.Habakkuk_01.mark.xml#sSpan283" target="scriptorium.bohairic.Habakkuk_01.mark.xml#sSpan280"/>
		<rel id="sPointingRel715" xlink:href="scriptorium.bohairic.Habakkuk_01.mark.xml#sSpan1674" target="scriptorium.bohairic.Habakkuk_01.mark.xml#sSpan1656"/>
		<rel id="sPointingRel717" xlink:href="scriptorium.bohairic.Habakkuk_01.mark.xml#sSpan77" target="scriptorium.bohairic.Habakkuk_01.mark.xml#sSpan73"/>
		<rel id="sPointingRel719" xlink:href="scriptorium.bohairic.Habakkuk_01.mark.xml#sSpan339" target="scriptorium.bohairic.Habakkuk_01.mark.xml#sSpan337"/>
		<rel id="sPointingRel721" xlink:href="scriptorium.bohairic.Habakkuk_01.mark.xml#sSpan52" target="scriptorium.bohairic.Habakkuk_01.mark.xml#sSpan55"/>
		<rel id="sPointingRel723" xlink:href="scriptorium.bohairic.Habakkuk_01.mark.xml#sSpan1135" target="scriptorium.bohairic.Habakkuk_01.mark.xml#sSpan1131"/>
		<rel id="sPointingRel725" xlink:href="scriptorium.bohairic.Habakkuk_01.mark.xml#sSpan670" target="scriptorium.bohairic.Habakkuk_01.mark.xml#sSpan662"/>
		<rel id="sPointingRel727" xlink:href="scriptorium.bohairic.Habakkuk_01.mark.xml#sSpan1727" target="scriptorium.bohairic.Habakkuk_01.mark.xml#sSpan1725"/>
		<rel id="sPointingRel729" xlink:href="scriptorium.bohairic.Habakkuk_01.mark.xml#sSpan1580" target="scriptorium.bohairic.Habakkuk_01.mark.xml#sSpan1590"/>
		<rel id="sPointingRel731" xlink:href="scriptorium.bohairic.Habakkuk_01.mark.xml#sSpan881" target="scriptorium.bohairic.Habakkuk_01.mark.xml#sSpan874"/>
		<rel id="sPointingRel733" xlink:href="scriptorium.bohairic.Habakkuk_01.mark.xml#sSpan1349" target="scriptorium.bohairic.Habakkuk_01.mark.xml#sSpan1355"/>
		<rel id="sPointingRel735" xlink:href="scriptorium.bohairic.Habakkuk_01.mark.xml#sSpan1719" target="scriptorium.bohairic.Habakkuk_01.mark.xml#sSpan1765"/>
		<rel id="sPointingRel737" xlink:href="scriptorium.bohairic.Habakkuk_01.mark.xml#sSpan1343" target="scriptorium.bohairic.Habakkuk_01.mark.xml#sSpan1339"/>
		<rel id="sPointingRel739" xlink:href="scriptorium.bohairic.Habakkuk_01.mark.xml#sSpan592" target="scriptorium.bohairic.Habakkuk_01.mark.xml#sSpan590"/>
		<rel id="sPointingRel741" xlink:href="scriptorium.bohairic.Habakkuk_01.mark.xml#sSpan1331" target="scriptorium.bohairic.Habakkuk_01.mark.xml#sSpan1329"/>
		<rel id="sPointingRel743" xlink:href="scriptorium.bohairic.Habakkuk_01.mark.xml#sSpan1046" target="scriptorium.bohairic.Habakkuk_01.mark.xml#sSpan1054"/>
		<rel id="sPointingRel745" xlink:href="scriptorium.bohairic.Habakkuk_01.mark.xml#sSpan1135" target="scriptorium.bohairic.Habakkuk_01.mark.xml#sSpan1143"/>
		<rel id="sPointingRel747" xlink:href="scriptorium.bohairic.Habakkuk_01.mark.xml#sSpan36" target="scriptorium.bohairic.Habakkuk_01.mark.xml#sSpan29"/>
		<rel id="sPointingRel749" xlink:href="scriptorium.bohairic.Habakkuk_01.mark.xml#sSpan1384" target="scriptorium.bohairic.Habakkuk_01.mark.xml#sSpan1381"/>
		<rel id="sPointingRel751" xlink:href="scriptorium.bohairic.Habakkuk_01.mark.xml#sSpan526" target="scriptorium.bohairic.Habakkuk_01.mark.xml#sSpan533"/>
		<rel id="sPointingRel753" xlink:href="scriptorium.bohairic.Habakkuk_01.mark.xml#sSpan633" target="scriptorium.bohairic.Habakkuk_01.mark.xml#sSpan629"/>
		<rel id="sPointingRel755" xlink:href="scriptorium.bohairic.Habakkuk_01.mark.xml#sSpan1674" target="scriptorium.bohairic.Habakkuk_01.mark.xml#sSpan1692"/>
		<rel id="sPointingRel757" xlink:href="scriptorium.bohairic.Habakkuk_01.mark.xml#sSpan1088" target="scriptorium.bohairic.Habakkuk_01.mark.xml#sSpan1084"/>
		<rel id="sPointingRel759" xlink:href="scriptorium.bohairic.Habakkuk_01.mark.xml#sSpan1443" target="scriptorium.bohairic.Habakkuk_01.mark.xml#sSpan1441"/>
		<rel id="sPointingRel761" xlink:href="scriptorium.bohairic.Habakkuk_01.mark.xml#sSpan351" target="scriptorium.bohairic.Habakkuk_01.mark.xml#sSpan371"/>
		<rel id="sPointingRel763" xlink:href="scriptorium.bohairic.Habakkuk_01.mark.xml#sSpan887" target="scriptorium.bohairic.Habakkuk_01.mark.xml#sSpan901"/>
		<rel id="sPointingRel765" xlink:href="scriptorium.bohairic.Habakkuk_01.mark.xml#sSpan769" target="scriptorium.bohairic.Habakkuk_01.mark.xml#sSpan765"/>
		<rel id="sPointingRel767" xlink:href="scriptorium.bohairic.Habakkuk_01.mark.xml#sSpan535" target="scriptorium.bohairic.Habakkuk_01.mark.xml#sSpan543"/>
		<rel id="sPointingRel769" xlink:href="scriptorium.bohairic.Habakkuk_01.mark.xml#sSpan193" target="scriptorium.bohairic.Habakkuk_01.mark.xml#sSpan202"/>
		<rel id="sPointingRel771" xlink:href="scriptorium.bohairic.Habakkuk_01.mark.xml#sSpan1054" target="scriptorium.bohairic.Habakkuk_01.mark.xml#sSpan1048"/>
		<rel id="sPointingRel773" xlink:href="scriptorium.bohairic.Habakkuk_01.mark.xml#sSpan1117" target="scriptorium.bohairic.Habakkuk_01.mark.xml#sSpan1109"/>
		<rel id="sPointingRel775" xlink:href="scriptorium.bohairic.Habakkuk_01.mark.xml#sSpan696" target="scriptorium.bohairic.Habakkuk_01.mark.xml#sSpan688"/>
		<rel id="sPointingRel777" xlink:href="scriptorium.bohairic.Habakkuk_01.mark.xml#sSpan71" target="scriptorium.bohairic.Habakkuk_01.mark.xml#sSpan79"/>
		<rel id="sPointingRel779" xlink:href="scriptorium.bohairic.Habakkuk_01.mark.xml#sSpan847" target="scriptorium.bohairic.Habakkuk_01.mark.xml#sSpan853"/>
		<rel id="sPointingRel781" xlink:href="scriptorium.bohairic.Habakkuk_01.mark.xml#sSpan633" target="scriptorium.bohairic.Habakkuk_01.mark.xml#sSpan639"/>
		<rel id="sPointingRel783" xlink:href="scriptorium.bohairic.Habakkuk_01.mark.xml#sSpan1362" target="scriptorium.bohairic.Habakkuk_01.mark.xml#sSpan1357"/>
		<rel id="sPointingRel785" xlink:href="scriptorium.bohairic.Habakkuk_01.mark.xml#sSpan934" target="scriptorium.bohairic.Habakkuk_01.mark.xml#sSpan927"/>
		<rel id="sPointingRel787" xlink:href="scriptorium.bohairic.Habakkuk_01.mark.xml#sSpan1213" target="scriptorium.bohairic.Habakkuk_01.mark.xml#sSpan1211"/>
		<rel id="sPointingRel789" xlink:href="scriptorium.bohairic.Habakkuk_01.mark.xml#sSpan1157" target="scriptorium.bohairic.Habakkuk_01.mark.xml#sSpan1161"/>
		<rel id="sPointingRel791" xlink:href="scriptorium.bohairic.Habakkuk_01.mark.xml#sSpan1286" target="scriptorium.bohairic.Habakkuk_01.mark.xml#sSpan1284"/>
		<rel id="sPointingRel793" xlink:href="scriptorium.bohairic.Habakkuk_01.mark.xml#sSpan166" target="scriptorium.bohairic.Habakkuk_01.mark.xml#sSpan164"/>
		<rel id="sPointingRel795" xlink:href="scriptorium.bohairic.Habakkuk_01.mark.xml#sSpan584" target="scriptorium.bohairic.Habakkuk_01.mark.xml#sSpan592"/>
		<rel id="sPointingRel797" xlink:href="scriptorium.bohairic.Habakkuk_01.mark.xml#sSpan633" target="scriptorium.bohairic.Habakkuk_01.mark.xml#sSpan635"/>
		<rel id="sPointingRel799" xlink:href="scriptorium.bohairic.Habakkuk_01.mark.xml#sSpan971" target="scriptorium.bohairic.Habakkuk_01.mark.xml#sSpan967"/>
		<rel id="sPointingRel801" xlink:href="scriptorium.bohairic.Habakkuk_01.mark.xml#sSpan1568" target="scriptorium.bohairic.Habakkuk_01.mark.xml#sSpan1562"/>
		<rel id="sPointingRel803" xlink:href="scriptorium.bohairic.Habakkuk_01.mark.xml#sSpan996" target="scriptorium.bohairic.Habakkuk_01.mark.xml#sSpan981"/>
		<rel id="sPointingRel805" xlink:href="scriptorium.bohairic.Habakkuk_01.mark.xml#sSpan574" target="scriptorium.bohairic.Habakkuk_01.mark.xml#sSpan566"/>
		<rel id="sPointingRel807" xlink:href="scriptorium.bohairic.Habakkuk_01.mark.xml#sSpan248" target="scriptorium.bohairic.Habakkuk_01.mark.xml#sSpan239"/>
		<rel id="sPointingRel809" xlink:href="scriptorium.bohairic.Habakkuk_01.mark.xml#sSpan345" target="scriptorium.bohairic.Habakkuk_01.mark.xml#sSpan341"/>
		<rel id="sPointingRel811" xlink:href="scriptorium.bohairic.Habakkuk_01.mark.xml#sSpan1765" target="scriptorium.bohairic.Habakkuk_01.mark.xml#sSpan1762"/>
		<rel id="sPointingRel813" xlink:href="scriptorium.bohairic.Habakkuk_01.mark.xml#sSpan270" target="scriptorium.bohairic.Habakkuk_01.mark.xml#sSpan262"/>
		<rel id="sPointingRel815" xlink:href="scriptorium.bohairic.Habakkuk_01.mark.xml#sSpan1179" target="scriptorium.bohairic.Habakkuk_01.mark.xml#sSpan1181"/>
		<rel id="sPointingRel817" xlink:href="scriptorium.bohairic.Habakkuk_01.mark.xml#sSpan9" target="scriptorium.bohairic.Habakkuk_01.mark.xml#sSpan1"/>
		<rel id="sPointingRel819" xlink:href="scriptorium.bohairic.Habakkuk_01.mark.xml#sSpan441" target="scriptorium.bohairic.Habakkuk_01.mark.xml#sSpan439"/>
		<rel id="sPointingRel821" xlink:href="scriptorium.bohairic.Habakkuk_01.mark.xml#sSpan404" target="scriptorium.bohairic.Habakkuk_01.mark.xml#sSpan399"/>
		<rel id="sPointingRel823" xlink:href="scriptorium.bohairic.Habakkuk_01.mark.xml#sSpan156" target="scriptorium.bohairic.Habakkuk_01.mark.xml#sSpan251"/>
		<rel id="sPointingRel825" xlink:href="scriptorium.bohairic.Habakkuk_01.mark.xml#sSpan1746" target="scriptorium.bohairic.Habakkuk_01.mark.xml#sSpan1743"/>
		<rel id="sPointingRel827" xlink:href="scriptorium.bohairic.Habakkuk_01.mark.xml#sSpan910" target="scriptorium.bohairic.Habakkuk_01.mark.xml#sSpan907"/>
		<rel id="sPointingRel829" xlink:href="scriptorium.bohairic.Habakkuk_01.mark.xml#sSpan778" target="scriptorium.bohairic.Habakkuk_01.mark.xml#sSpan775"/>
		<rel id="sPointingRel831" xlink:href="scriptorium.bohairic.Habakkuk_01.mark.xml#sSpan1016" target="scriptorium.bohairic.Habakkuk_01.mark.xml#sSpan1024"/>
		<rel id="sPointingRel833" xlink:href="scriptorium.bohairic.Habakkuk_01.mark.xml#sSpan921" target="scriptorium.bohairic.Habakkuk_01.mark.xml#sSpan917"/>
		<rel id="sPointingRel835" xlink:href="scriptorium.bohairic.Habakkuk_01.mark.xml#sSpan71" target="scriptorium.bohairic.Habakkuk_01.mark.xml#sSpan63"/>
		<rel id="sPointingRel837" xlink:href="scriptorium.bohairic.Habakkuk_01.mark.xml#sSpan71" target="scriptorium.bohairic.Habakkuk_01.mark.xml#sSpan67"/>
		<rel id="sPointingRel839" xlink:href="scriptorium.bohairic.Habakkuk_01.mark.xml#sSpan654" target="scriptorium.bohairic.Habakkuk_01.mark.xml#sSpan670"/>
		<rel id="sPointingRel841" xlink:href="scriptorium.bohairic.Habakkuk_01.mark.xml#sSpan174" target="scriptorium.bohairic.Habakkuk_01.mark.xml#sSpan172"/>
		<rel id="sPointingRel843" xlink:href="scriptorium.bohairic.Habakkuk_01.mark.xml#sSpan1355" target="scriptorium.bohairic.Habakkuk_01.mark.xml#sSpan1351"/>
		<rel id="sPointingRel845" xlink:href="scriptorium.bohairic.Habakkuk_01.mark.xml#sSpan714" target="scriptorium.bohairic.Habakkuk_01.mark.xml#sSpan855"/>
		<rel id="sPointingRel847" xlink:href="scriptorium.bohairic.Habakkuk_01.mark.xml#sSpan1419" target="scriptorium.bohairic.Habakkuk_01.mark.xml#sSpan1480"/>
		<rel id="sPointingRel849" xlink:href="scriptorium.bohairic.Habakkuk_01.mark.xml#sSpan526" target="scriptorium.bohairic.Habakkuk_01.mark.xml#sSpan524"/>
		<rel id="sPointingRel851" xlink:href="scriptorium.bohairic.Habakkuk_01.mark.xml#sSpan295" target="scriptorium.bohairic.Habakkuk_01.mark.xml#sSpan285"/>
		<rel id="sPointingRel853" xlink:href="scriptorium.bohairic.Habakkuk_01.mark.xml#sSpan1331" target="scriptorium.bohairic.Habakkuk_01.mark.xml#sSpan1325"/>
		<rel id="sPointingRel855" xlink:href="scriptorium.bohairic.Habakkuk_01.mark.xml#sSpan457" target="scriptorium.bohairic.Habakkuk_01.mark.xml#sSpan455"/>
		<rel id="sPointingRel857" xlink:href="scriptorium.bohairic.Habakkuk_01.mark.xml#sSpan441" target="scriptorium.bohairic.Habakkuk_01.mark.xml#sSpan457"/>
		<rel id="sPointingRel859" xlink:href="scriptorium.bohairic.Habakkuk_01.mark.xml#sSpan193" target="scriptorium.bohairic.Habakkuk_01.mark.xml#sSpan190"/>
		<rel id="sPointingRel861" xlink:href="scriptorium.bohairic.Habakkuk_01.mark.xml#sSpan270" target="scriptorium.bohairic.Habakkuk_01.mark.xml#sSpan264"/>
		<rel id="sPointingRel863" xlink:href="scriptorium.bohairic.Habakkuk_01.mark.xml#sSpan1598" target="scriptorium.bohairic.Habakkuk_01.mark.xml#sSpan1592"/>
		<rel id="sPointingRel865" xlink:href="scriptorium.bohairic.Habakkuk_01.mark.xml#sSpan497" target="scriptorium.bohairic.Habakkuk_01.mark.xml#sSpan493"/>
		<rel id="sPointingRel867" xlink:href="scriptorium.bohairic.Habakkuk_01.mark.xml#sSpan1500" target="scriptorium.bohairic.Habakkuk_01.mark.xml#sSpan1498"/>
		<rel id="sPointingRel869" xlink:href="scriptorium.bohairic.Habakkuk_01.mark.xml#sSpan1530" target="scriptorium.bohairic.Habakkuk_01.mark.xml#sSpan1520"/>
		<rel id="sPointingRel871" xlink:href="scriptorium.bohairic.Habakkuk_01.mark.xml#sSpan942" target="scriptorium.bohairic.Habakkuk_01.mark.xml#sSpan936"/>
		<rel id="sPointingRel873" xlink:href="scriptorium.bohairic.Habakkuk_01.mark.xml#sSpan471" target="scriptorium.bohairic.Habakkuk_01.mark.xml#sSpan479"/>
		<rel id="sPointingRel875" xlink:href="scriptorium.bohairic.Habakkuk_01.mark.xml#sSpan839" target="scriptorium.bohairic.Habakkuk_01.mark.xml#sSpan833"/>
		<rel id="sPointingRel877" xlink:href="scriptorium.bohairic.Habakkuk_01.mark.xml#sSpan1473" target="scriptorium.bohairic.Habakkuk_01.mark.xml#sSpan1475"/>
		<rel id="sPointingRel879" xlink:href="scriptorium.bohairic.Habakkuk_01.mark.xml#sSpan1157" target="scriptorium.bohairic.Habakkuk_01.mark.xml#sSpan1150"/>
		<rel id="sPointingRel881" xlink:href="scriptorium.bohairic.Habakkuk_01.mark.xml#sSpan1219" target="scriptorium.bohairic.Habakkuk_01.mark.xml#sSpan1215"/>
		<rel id="sPointingRel883" xlink:href="scriptorium.bohairic.Habakkuk_01.mark.xml#sSpan1654" target="scriptorium.bohairic.Habakkuk_01.mark.xml#sSpan1648"/>
		<rel id="sPointingRel885" xlink:href="scriptorium.bohairic.Habakkuk_01.mark.xml#sSpan220" target="scriptorium.bohairic.Habakkuk_01.mark.xml#sSpan218"/>
		<rel id="sPointingRel887" xlink:href="scriptorium.bohairic.Habakkuk_01.mark.xml#sSpan52" target="scriptorium.bohairic.Habakkuk_01.mark.xml#sSpan71"/>
		<rel id="sPointingRel889" xlink:href="scriptorium.bohairic.Habakkuk_01.mark.xml#sSpan156" target="scriptorium.bohairic.Habakkuk_01.mark.xml#sSpan154"/>
		<rel id="sPointingRel891" xlink:href="scriptorium.bohairic.Habakkuk_01.mark.xml#sSpan449" target="scriptorium.bohairic.Habakkuk_01.mark.xml#sSpan443"/>
		<rel id="sPointingRel893" xlink:href="scriptorium.bohairic.Habakkuk_01.mark.xml#sSpan576" target="scriptorium.bohairic.Habakkuk_01.mark.xml#sSpan584"/>
		<rel id="sPointingRel895" xlink:href="scriptorium.bohairic.Habakkuk_01.mark.xml#sSpan395" target="scriptorium.bohairic.Habakkuk_01.mark.xml#sSpan391"/>
		<rel id="sPointingRel897" xlink:href="scriptorium.bohairic.Habakkuk_01.mark.xml#sSpan1660" target="scriptorium.bohairic.Habakkuk_01.mark.xml#sSpan1662"/>
		<rel id="sPointingRel899" xlink:href="scriptorium.bohairic.Habakkuk_01.mark.xml#sSpan111" target="scriptorium.bohairic.Habakkuk_01.mark.xml#sSpan105"/>
		<rel id="sPointingRel901" xlink:href="scriptorium.bohairic.Habakkuk_01.mark.xml#sSpan97" target="scriptorium.bohairic.Habakkuk_01.mark.xml#sSpan91"/>
		<rel id="sPointingRel903" xlink:href="scriptorium.bohairic.Habakkuk_01.mark.xml#sSpan769" target="scriptorium.bohairic.Habakkuk_01.mark.xml#sSpan761"/>
		<rel id="sPointingRel905" xlink:href="scriptorium.bohairic.Habakkuk_01.mark.xml#sSpan1173" target="scriptorium.bohairic.Habakkuk_01.mark.xml#sSpan1169"/>
		<rel id="sPointingRel907" xlink:href="scriptorium.bohairic.Habakkuk_01.mark.xml#sSpan921" target="scriptorium.bohairic.Habakkuk_01.mark.xml#sSpan942"/>
		<rel id="sPointingRel909" xlink:href="scriptorium.bohairic.Habakkuk_01.mark.xml#sSpan89" target="scriptorium.bohairic.Habakkuk_01.mark.xml#sSpan111"/>
		<rel id="sPointingRel911" xlink:href="scriptorium.bohairic.Habakkuk_01.mark.xml#sSpan129" target="scriptorium.bohairic.Habakkuk_01.mark.xml#sSpan131"/>
		<rel id="sPointingRel913" xlink:href="scriptorium.bohairic.Habakkuk_01.mark.xml#sSpan1500" target="scriptorium.bohairic.Habakkuk_01.mark.xml#sSpan1600"/>
		<rel id="sPointingRel915" xlink:href="scriptorium.bohairic.Habakkuk_01.mark.xml#sSpan1088" target="scriptorium.bohairic.Habakkuk_01.mark.xml#sSpan1145"/>
		<rel id="sPointingRel917" xlink:href="scriptorium.bohairic.Habakkuk_01.mark.xml#sSpan574" target="scriptorium.bohairic.Habakkuk_01.mark.xml#sSpan570"/>
		<rel id="sPointingRel919" xlink:href="scriptorium.bohairic.Habakkuk_01.mark.xml#sSpan228" target="scriptorium.bohairic.Habakkuk_01.mark.xml#sSpan222"/>
		<rel id="sPointingRel921" xlink:href="scriptorium.bohairic.Habakkuk_01.mark.xml#sSpan901" target="scriptorium.bohairic.Habakkuk_01.mark.xml#sSpan899"/>
		<rel id="sPointingRel923" xlink:href="scriptorium.bohairic.Habakkuk_01.mark.xml#sSpan377" target="scriptorium.bohairic.Habakkuk_01.mark.xml#sSpan441"/>
		<rel id="sPointingRel925" xlink:href="scriptorium.bohairic.Habakkuk_01.mark.xml#sSpan212" target="scriptorium.bohairic.Habakkuk_01.mark.xml#sSpan248"/>
		<rel id="sPointingRel927" xlink:href="scriptorium.bohairic.Habakkuk_01.mark.xml#sSpan1737" target="scriptorium.bohairic.Habakkuk_01.mark.xml#sSpan1752"/>
		<rel id="sPointingRel929" xlink:href="scriptorium.bohairic.Habakkuk_01.mark.xml#sSpan1500" target="scriptorium.bohairic.Habakkuk_01.mark.xml#sSpan1492"/>
		<rel id="sPointingRel931" xlink:href="scriptorium.bohairic.Habakkuk_01.mark.xml#sSpan180" target="scriptorium.bohairic.Habakkuk_01.mark.xml#sSpan176"/>
		<rel id="sPointingRel933" xlink:href="scriptorium.bohairic.Habakkuk_01.mark.xml#sSpan787" target="scriptorium.bohairic.Habakkuk_01.mark.xml#sSpan785"/>
		<rel id="sPointingRel935" xlink:href="scriptorium.bohairic.Habakkuk_01.mark.xml#sSpan1752" target="scriptorium.bohairic.Habakkuk_01.mark.xml#sSpan1748"/>
		<rel id="sPointingRel937" xlink:href="scriptorium.bohairic.Habakkuk_01.mark.xml#sSpan1064" target="scriptorium.bohairic.Habakkuk_01.mark.xml#sSpan1056"/>
		<rel id="sPointingRel939" xlink:href="scriptorium.bohairic.Habakkuk_01.mark.xml#sSpan457" target="scriptorium.bohairic.Habakkuk_01.mark.xml#sSpan451"/>
		<rel id="sPointingRel941" xlink:href="scriptorium.bohairic.Habakkuk_01.mark.xml#sSpan558" target="scriptorium.bohairic.Habakkuk_01.mark.xml#sSpan564"/>
		<rel id="sPointingRel943" xlink:href="scriptorium.bohairic.Habakkuk_01.mark.xml#sSpan1443" target="scriptorium.bohairic.Habakkuk_01.mark.xml#sSpan1437"/>
		<rel id="sPointingRel945" xlink:href="scriptorium.bohairic.Habakkuk_01.mark.xml#sSpan9" target="scriptorium.bohairic.Habakkuk_01.mark.xml#sSpan25"/>
		<rel id="sPointingRel947" xlink:href="scriptorium.bohairic.Habakkuk_01.mark.xml#sSpan404" target="scriptorium.bohairic.Habakkuk_01.mark.xml#sSpan415"/>
		<rel id="sPointingRel949" xlink:href="scriptorium.bohairic.Habakkuk_01.mark.xml#sSpan1435" target="scriptorium.bohairic.Habakkuk_01.mark.xml#sSpan1459"/>
		<rel id="sPointingRel951" xlink:href="scriptorium.bohairic.Habakkuk_01.mark.xml#sSpan52" target="scriptorium.bohairic.Habakkuk_01.mark.xml#sSpan38"/>
		<rel id="sPointingRel953" xlink:href="scriptorium.bohairic.Habakkuk_01.mark.xml#sSpan295" target="scriptorium.bohairic.Habakkuk_01.mark.xml#sSpan293"/>
		<rel id="sPointingRel955" xlink:href="scriptorium.bohairic.Habakkuk_01.mark.xml#sSpan1315" target="scriptorium.bohairic.Habakkuk_01.mark.xml#sSpan1323"/>
		<rel id="sPointingRel957" xlink:href="scriptorium.bohairic.Habakkuk_01.mark.xml#sSpan471" target="scriptorium.bohairic.Habakkuk_01.mark.xml#sSpan467"/>
		<rel id="sPointingRel959" xlink:href="scriptorium.bohairic.Habakkuk_01.mark.xml#sSpan558" target="scriptorium.bohairic.Habakkuk_01.mark.xml#sSpan553"/>
		<rel id="sPointingRel961" xlink:href="scriptorium.bohairic.Habakkuk_01.mark.xml#sSpan156" target="scriptorium.bohairic.Habakkuk_01.mark.xml#sSpan150"/>
		<rel id="sPointingRel963" xlink:href="scriptorium.bohairic.Habakkuk_01.mark.xml#sSpan351" target="scriptorium.bohairic.Habakkuk_01.mark.xml#sSpan345"/>
		<rel id="sPointingRel965" xlink:href="scriptorium.bohairic.Habakkuk_01.mark.xml#sSpan1323" target="scriptorium.bohairic.Habakkuk_01.mark.xml#sSpan1321"/>
		<rel id="sPointingRel967" xlink:href="scriptorium.bohairic.Habakkuk_01.mark.xml#sSpan377" target="scriptorium.bohairic.Habakkuk_01.mark.xml#sSpan395"/>
		<rel id="sPointingRel969" xlink:href="scriptorium.bohairic.Habakkuk_01.mark.xml#sSpan1349" target="scriptorium.bohairic.Habakkuk_01.mark.xml#sSpan1345"/>
		<rel id="sPointingRel971" xlink:href="scriptorium.bohairic.Habakkuk_01.mark.xml#sSpan1227" target="scriptorium.bohairic.Habakkuk_01.mark.xml#sSpan1219"/>
		<rel id="sPointingRel973" xlink:href="scriptorium.bohairic.Habakkuk_01.mark.xml#sSpan1201" target="scriptorium.bohairic.Habakkuk_01.mark.xml#sSpan1197"/>
		<rel id="sPointingRel975" xlink:href="scriptorium.bohairic.Habakkuk_01.mark.xml#sSpan377" target="scriptorium.bohairic.Habakkuk_01.mark.xml#sSpan427"/>
		<rel id="sPointingRel977" xlink:href="scriptorium.bohairic.Habakkuk_01.mark.xml#sSpan1640" target="scriptorium.bohairic.Habakkuk_01.mark.xml#sSpan1631"/>
		<rel id="sPointingRel979" xlink:href="scriptorium.bohairic.Habakkuk_01.mark.xml#sSpan1618" target="scriptorium.bohairic.Habakkuk_01.mark.xml#sSpan1613"/>
		<rel id="sPointingRel981" xlink:href="scriptorium.bohairic.Habakkuk_01.mark.xml#sSpan660" target="scriptorium.bohairic.Habakkuk_01.mark.xml#sSpan656"/>
		<rel id="sPointingRel983" xlink:href="scriptorium.bohairic.Habakkuk_01.mark.xml#sSpan942" target="scriptorium.bohairic.Habakkuk_01.mark.xml#sSpan940"/>
		<rel id="sPointingRel985" xlink:href="scriptorium.bohairic.Habakkuk_01.mark.xml#sSpan1580" target="scriptorium.bohairic.Habakkuk_01.mark.xml#sSpan1576"/>
		<rel id="sPointingRel987" xlink:href="scriptorium.bohairic.Habakkuk_01.mark.xml#sSpan1278" target="scriptorium.bohairic.Habakkuk_01.mark.xml#sSpan1349"/>
		<rel id="sPointingRel989" xlink:href="scriptorium.bohairic.Habakkuk_01.mark.xml#sSpan180" target="scriptorium.bohairic.Habakkuk_01.mark.xml#sSpan182"/>
		<rel id="sPointingRel991" xlink:href="scriptorium.bohairic.Habakkuk_01.mark.xml#sSpan654" target="scriptorium.bohairic.Habakkuk_01.mark.xml#sSpan698"/>
		<rel id="sPointingRel993" xlink:href="scriptorium.bohairic.Habakkuk_01.mark.xml#sSpan1674" target="scriptorium.bohairic.Habakkuk_01.mark.xml#sSpan1666"/>
		<rel id="sPointingRel995" xlink:href="scriptorium.bohairic.Habakkuk_01.mark.xml#sSpan313" target="scriptorium.bohairic.Habakkuk_01.mark.xml#sSpan309"/>
		<rel id="sPointingRel997" xlink:href="scriptorium.bohairic.Habakkuk_01.mark.xml#sSpan778" target="scriptorium.bohairic.Habakkuk_01.mark.xml#sSpan771"/>
		<rel id="sPointingRel999" xlink:href="scriptorium.bohairic.Habakkuk_01.mark.xml#sSpan1088" target="scriptorium.bohairic.Habakkuk_01.mark.xml#sSpan1077"/>
		<rel id="sPointingRel1001" xlink:href="scriptorium.bohairic.Habakkuk_01.mark.xml#sSpan489" target="scriptorium.bohairic.Habakkuk_01.mark.xml#sSpan483"/>
		<rel id="sPointingRel1003" xlink:href="scriptorium.bohairic.Habakkuk_01.mark.xml#sSpan1590" target="scriptorium.bohairic.Habakkuk_01.mark.xml#sSpan1598"/>
		<rel id="sPointingRel1005" xlink:href="scriptorium.bohairic.Habakkuk_01.mark.xml#sSpan16" target="scriptorium.bohairic.Habakkuk_01.mark.xml#sSpan11"/>
		<rel id="sPointingRel1007" xlink:href="scriptorium.bohairic.Habakkuk_01.mark.xml#sSpan533" target="scriptorium.bohairic.Habakkuk_01.mark.xml#sSpan528"/>
		<rel id="sPointingRel1009" xlink:href="scriptorium.bohairic.Habakkuk_01.mark.xml#sSpan9" target="scriptorium.bohairic.Habakkuk_01.mark.xml#sSpan16"/>
		<rel id="sPointingRel1011" xlink:href="scriptorium.bohairic.Habakkuk_01.mark.xml#sSpan1384" target="scriptorium.bohairic.Habakkuk_01.mark.xml#sSpan1377"/>
		<rel id="sPointingRel1013" xlink:href="scriptorium.bohairic.Habakkuk_01.mark.xml#sSpan1157" target="scriptorium.bohairic.Habakkuk_01.mark.xml#sSpan1165"/>
		<rel id="sPointingRel1015" xlink:href="scriptorium.bohairic.Habakkuk_01.mark.xml#sSpan996" target="scriptorium.bohairic.Habakkuk_01.mark.xml#sSpan1002"/>
		<rel id="sPointingRel1017" xlink:href="scriptorium.bohairic.Habakkuk_01.mark.xml#sSpan1510" target="scriptorium.bohairic.Habakkuk_01.mark.xml#sSpan1504"/>
		<rel id="sPointingRel1019" xlink:href="scriptorium.bohairic.Habakkuk_01.mark.xml#sSpan654" target="scriptorium.bohairic.Habakkuk_01.mark.xml#sSpan647"/>
		<rel id="sPointingRel1021" xlink:href="scriptorium.bohairic.Habakkuk_01.mark.xml#sSpan606" target="scriptorium.bohairic.Habakkuk_01.mark.xml#sSpan608"/>
		<rel id="sPointingRel1023" xlink:href="scriptorium.bohairic.Habakkuk_01.mark.xml#sSpan971" target="scriptorium.bohairic.Habakkuk_01.mark.xml#sSpan1046"/>
		<rel id="sPointingRel1025" xlink:href="scriptorium.bohairic.Habakkuk_01.mark.xml#sSpan174" target="scriptorium.bohairic.Habakkuk_01.mark.xml#sSpan168"/>
		<rel id="sPointingRel1027" xlink:href="scriptorium.bohairic.Habakkuk_01.mark.xml#sSpan1249" target="scriptorium.bohairic.Habakkuk_01.mark.xml#sSpan1251"/>
		<rel id="sPointingRel1029" xlink:href="scriptorium.bohairic.Habakkuk_01.mark.xml#sSpan750" target="scriptorium.bohairic.Habakkuk_01.mark.xml#sSpan746"/>
		<rel id="sPointingRel1031" xlink:href="scriptorium.bohairic.Habakkuk_01.mark.xml#sSpan971" target="scriptorium.bohairic.Habakkuk_01.mark.xml#sSpan963"/>
		<rel id="sPointingRel1033" xlink:href="scriptorium.bohairic.Habakkuk_01.mark.xml#sSpan723" target="scriptorium.bohairic.Habakkuk_01.mark.xml#sSpan717"/>
		<rel id="sPointingRel1035" xlink:href="scriptorium.bohairic.Habakkuk_01.mark.xml#sSpan950" target="scriptorium.bohairic.Habakkuk_01.mark.xml#sSpan948"/>
		<rel id="sPointingRel1037" xlink:href="scriptorium.bohairic.Habakkuk_01.mark.xml#sSpan813" target="scriptorium.bohairic.Habakkuk_01.mark.xml#sSpan811"/>
		<rel id="sPointingRel1039" xlink:href="scriptorium.bohairic.Habakkuk_01.mark.xml#sSpan427" target="scriptorium.bohairic.Habakkuk_01.mark.xml#sSpan417"/>
		<rel id="sPointingRel1041" xlink:href="scriptorium.bohairic.Habakkuk_01.mark.xml#sSpan759" target="scriptorium.bohairic.Habakkuk_01.mark.xml#sSpan752"/>
		<rel id="sPointingRel1043" xlink:href="scriptorium.bohairic.Habakkuk_01.mark.xml#sSpan1737" target="scriptorium.bohairic.Habakkuk_01.mark.xml#sSpan1729"/>
		<rel id="sPointingRel1045" xlink:href="scriptorium.bohairic.Habakkuk_01.mark.xml#sSpan1618" target="scriptorium.bohairic.Habakkuk_01.mark.xml#sSpan1702"/>
		<rel id="sPointingRel1047" xlink:href="scriptorium.bohairic.Habakkuk_01.mark.xml#sSpan1323" target="scriptorium.bohairic.Habakkuk_01.mark.xml#sSpan1331"/>
		<rel id="sPointingRel1049" xlink:href="scriptorium.bohairic.Habakkuk_01.mark.xml#sSpan592" target="scriptorium.bohairic.Habakkuk_01.mark.xml#sSpan586"/>
		<rel id="sPointingRel1051" xlink:href="scriptorium.bohairic.Habakkuk_01.mark.xml#sSpan1558" target="scriptorium.bohairic.Habakkuk_01.mark.xml#sSpan1552"/>
		<rel id="sPointingRel1053" xlink:href="scriptorium.bohairic.Habakkuk_01.mark.xml#sSpan1427" target="scriptorium.bohairic.Habakkuk_01.mark.xml#sSpan1421"/>
		<rel id="sPointingRel1055" xlink:href="scriptorium.bohairic.Habakkuk_01.mark.xml#sSpan295" target="scriptorium.bohairic.Habakkuk_01.mark.xml#sSpan289"/>
		<rel id="sPointingRel1057" xlink:href="scriptorium.bohairic.Habakkuk_01.mark.xml#sSpan1443" target="scriptorium.bohairic.Habakkuk_01.mark.xml#sSpan1449"/>
		<rel id="sPointingRel1059" xlink:href="scriptorium.bohairic.Habakkuk_01.mark.xml#sSpan654" target="scriptorium.bohairic.Habakkuk_01.mark.xml#sSpan686"/>
		<rel id="sPointingRel1061" xlink:href="scriptorium.bohairic.Habakkuk_01.mark.xml#sSpan1294" target="scriptorium.bohairic.Habakkuk_01.mark.xml#sSpan1303"/>
		<rel id="sPointingRel1063" xlink:href="scriptorium.bohairic.Habakkuk_01.mark.xml#sSpan89" target="scriptorium.bohairic.Habakkuk_01.mark.xml#sSpan87"/>
		<rel id="sPointingRel1065" xlink:href="scriptorium.bohairic.Habakkuk_01.mark.xml#sSpan1331" target="scriptorium.bohairic.Habakkuk_01.mark.xml#sSpan1337"/>
		<rel id="sPointingRel1067" xlink:href="scriptorium.bohairic.Habakkuk_01.mark.xml#sSpan1370" target="scriptorium.bohairic.Habakkuk_01.mark.xml#sSpan1373"/>
		<rel id="sPointingRel1069" xlink:href="scriptorium.bohairic.Habakkuk_01.mark.xml#sSpan797" target="scriptorium.bohairic.Habakkuk_01.mark.xml#sSpan805"/>
		<rel id="sPointingRel1071" xlink:href="scriptorium.bohairic.Habakkuk_01.mark.xml#sSpan1558" target="scriptorium.bohairic.Habakkuk_01.mark.xml#sSpan1568"/>
		<rel id="sPointingRel1073" xlink:href="scriptorium.bohairic.Habakkuk_01.mark.xml#sSpan129" target="scriptorium.bohairic.Habakkuk_01.mark.xml#sSpan119"/>
		<rel id="sPointingRel1075" xlink:href="scriptorium.bohairic.Habakkuk_01.mark.xml#sSpan323" target="scriptorium.bohairic.Habakkuk_01.mark.xml#sSpan320"/>
		<rel id="sPointingRel1077" xlink:href="scriptorium.bohairic.Habakkuk_01.mark.xml#sSpan193" target="scriptorium.bohairic.Habakkuk_01.mark.xml#sSpan186"/>
		<rel id="sPointingRel1079" xlink:href="scriptorium.bohairic.Habakkuk_01.mark.xml#sSpan872" target="scriptorium.bohairic.Habakkuk_01.mark.xml#sSpan866"/>
		<rel id="sPointingRel1081" xlink:href="scriptorium.bohairic.Habakkuk_01.mark.xml#sSpan117" target="scriptorium.bohairic.Habakkuk_01.mark.xml#sSpan113"/></relList></paula>