<?xml version='1.0' encoding='UTF-8'?><!DOCTYPE paula SYSTEM "paula_feat.dtd">
<paula version="1.1">
	<header paula_id="scriptorium.40_Matthew_01.dep_func"/>
	<featList xmlns:xlink="http://www.w3.org/1999/xlink" type="func" xml:base="scriptorium.40_Matthew_01.dep.xml">
		<feat xlink:href="#sPointingRel1" value="mark"/>
		<feat xlink:href="#sPointingRel3" value="aux"/>
		<feat xlink:href="#sPointingRel5" value="det"/>
		<feat xlink:href="#sPointingRel7" value="nsubj"/>
		<feat xlink:href="#sPointingRel9" value="nsubj"/>
		<feat xlink:href="#sPointingRel11" value="aux"/>
		<feat xlink:href="#sPointingRel13" value="obl"/>
		<feat xlink:href="#sPointingRel15" value="mark"/>
		<feat xlink:href="#sPointingRel17" value="case"/>
		<feat xlink:href="#sPointingRel19" value="dislocated"/>
		<feat xlink:href="#sPointingRel21" value="aux"/>
		<feat xlink:href="#sPointingRel23" value="nsubj"/>
		<feat xlink:href="#sPointingRel25" value="det"/>
		<feat xlink:href="#sPointingRel27" value="advmod"/>
		<feat xlink:href="#sPointingRel29" value="det"/>
		<feat xlink:href="#sPointingRel31" value="cc"/>
		<feat xlink:href="#sPointingRel33" value="aux"/>
		<feat xlink:href="#sPointingRel35" value="case"/>
		<feat xlink:href="#sPointingRel37" value="nsubj"/>
		<feat xlink:href="#sPointingRel39" value="det"/>
		<feat xlink:href="#sPointingRel41" value="aux"/>
		<feat xlink:href="#sPointingRel43" value="case"/>
		<feat xlink:href="#sPointingRel45" value="advmod"/>
		<feat xlink:href="#sPointingRel47" value="nmod"/>
		<feat xlink:href="#sPointingRel49" value="advmod"/>
		<feat xlink:href="#sPointingRel51" value="conj"/>
		<feat xlink:href="#sPointingRel53" value="obl"/>
		<feat xlink:href="#sPointingRel55" value="mark"/>
		<feat xlink:href="#sPointingRel57" value="advmod"/>
		<feat xlink:href="#sPointingRel59" value="aux"/>
		<feat xlink:href="#sPointingRel61" value="conj"/>
		<feat xlink:href="#sPointingRel63" value="acl"/>
		<feat xlink:href="#sPointingRel65" value="nsubj"/>
		<feat xlink:href="#sPointingRel67" value="mark"/>
		<feat xlink:href="#sPointingRel69" value="mark"/>
		<feat xlink:href="#sPointingRel71" value="advmod"/>
		<feat xlink:href="#sPointingRel73" value="appos"/>
		<feat xlink:href="#sPointingRel75" value="aux"/>
		<feat xlink:href="#sPointingRel77" value="det"/>
		<feat xlink:href="#sPointingRel79" value="advmod"/>
		<feat xlink:href="#sPointingRel81" value="mark"/>
		<feat xlink:href="#sPointingRel83" value="advmod"/>
		<feat xlink:href="#sPointingRel85" value="case"/>
		<feat xlink:href="#sPointingRel87" value="case"/>
		<feat xlink:href="#sPointingRel89" value="appos"/>
		<feat xlink:href="#sPointingRel91" value="case"/>
		<feat xlink:href="#sPointingRel93" value="nmod"/>
		<feat xlink:href="#sPointingRel95" value="mark"/>
		<feat xlink:href="#sPointingRel97" value="nsubj"/>
		<feat xlink:href="#sPointingRel99" value="case"/>
		<feat xlink:href="#sPointingRel101" value="nsubj"/>
		<feat xlink:href="#sPointingRel103" value="mark"/>
		<feat xlink:href="#sPointingRel105" value="nsubj"/>
		<feat xlink:href="#sPointingRel107" value="advmod"/>
		<feat xlink:href="#sPointingRel109" value="appos"/>
		<feat xlink:href="#sPointingRel111" value="det"/>
		<feat xlink:href="#sPointingRel113" value="nsubj"/>
		<feat xlink:href="#sPointingRel115" value="aux"/>
		<feat xlink:href="#sPointingRel117" value="cc"/>
		<feat xlink:href="#sPointingRel119" value="nsubj"/>
		<feat xlink:href="#sPointingRel121" value="case"/>
		<feat xlink:href="#sPointingRel123" value="parataxis"/>
		<feat xlink:href="#sPointingRel125" value="mark"/>
		<feat xlink:href="#sPointingRel127" value="nmod"/>
		<feat xlink:href="#sPointingRel129" value="obj"/>
		<feat xlink:href="#sPointingRel131" value="det"/>
		<feat xlink:href="#sPointingRel133" value="obl"/>
		<feat xlink:href="#sPointingRel135" value="case"/>
		<feat xlink:href="#sPointingRel137" value="dislocated"/>
		<feat xlink:href="#sPointingRel139" value="aux"/>
		<feat xlink:href="#sPointingRel141" value="nsubj"/>
		<feat xlink:href="#sPointingRel143" value="nsubj"/>
		<feat xlink:href="#sPointingRel145" value="case"/>
		<feat xlink:href="#sPointingRel147" value="case"/>
		<feat xlink:href="#sPointingRel149" value="dislocated"/>
		<feat xlink:href="#sPointingRel151" value="appos"/>
		<feat xlink:href="#sPointingRel153" value="nmod"/>
		<feat xlink:href="#sPointingRel155" value="case"/>
		<feat xlink:href="#sPointingRel157" value="advcl"/>
		<feat xlink:href="#sPointingRel159" value="nsubj"/>
		<feat xlink:href="#sPointingRel161" value="mark"/>
		<feat xlink:href="#sPointingRel163" value="det"/>
		<feat xlink:href="#sPointingRel165" value="parataxis"/>
		<feat xlink:href="#sPointingRel167" value="case"/>
		<feat xlink:href="#sPointingRel169" value="case"/>
		<feat xlink:href="#sPointingRel171" value="conj"/>
		<feat xlink:href="#sPointingRel173" value="case"/>
		<feat xlink:href="#sPointingRel175" value="mark"/>
		<feat xlink:href="#sPointingRel177" value="dislocated"/>
		<feat xlink:href="#sPointingRel179" value="advcl"/>
		<feat xlink:href="#sPointingRel181" value="obl"/>
		<feat xlink:href="#sPointingRel183" value="nsubj"/>
		<feat xlink:href="#sPointingRel185" value="advmod"/>
		<feat xlink:href="#sPointingRel187" value="parataxis"/>
		<feat xlink:href="#sPointingRel189" value="advmod"/>
		<feat xlink:href="#sPointingRel191" value="nmod"/>
		<feat xlink:href="#sPointingRel193" value="obj"/>
		<feat xlink:href="#sPointingRel195" value="aux"/>
		<feat xlink:href="#sPointingRel197" value="advmod"/>
		<feat xlink:href="#sPointingRel199" value="mark"/>
		<feat xlink:href="#sPointingRel201" value="cc"/>
		<feat xlink:href="#sPointingRel203" value="det"/>
		<feat xlink:href="#sPointingRel205" value="aux"/>
		<feat xlink:href="#sPointingRel207" value="nsubj"/>
		<feat xlink:href="#sPointingRel209" value="obj"/>
		<feat xlink:href="#sPointingRel211" value="case"/>
		<feat xlink:href="#sPointingRel213" value="parataxis"/>
		<feat xlink:href="#sPointingRel215" value="nsubj"/>
		<feat xlink:href="#sPointingRel217" value="aux"/>
		<feat xlink:href="#sPointingRel219" value="nsubj"/>
		<feat xlink:href="#sPointingRel221" value="obl"/>
		<feat xlink:href="#sPointingRel223" value="aux"/>
		<feat xlink:href="#sPointingRel225" value="dislocated"/>
		<feat xlink:href="#sPointingRel227" value="case"/>
		<feat xlink:href="#sPointingRel229" value="acl"/>
		<feat xlink:href="#sPointingRel231" value="nsubj"/>
		<feat xlink:href="#sPointingRel233" value="case"/>
		<feat xlink:href="#sPointingRel235" value="case"/>
		<feat xlink:href="#sPointingRel237" value="nsubj"/>
		<feat xlink:href="#sPointingRel239" value="det"/>
		<feat xlink:href="#sPointingRel241" value="parataxis"/>
		<feat xlink:href="#sPointingRel243" value="nsubj"/>
		<feat xlink:href="#sPointingRel245" value="dislocated"/>
		<feat xlink:href="#sPointingRel247" value="cc"/>
		<feat xlink:href="#sPointingRel249" value="parataxis"/>
		<feat xlink:href="#sPointingRel251" value="advmod"/>
		<feat xlink:href="#sPointingRel253" value="case"/>
		<feat xlink:href="#sPointingRel255" value="mark"/>
		<feat xlink:href="#sPointingRel257" value="aux"/>
		<feat xlink:href="#sPointingRel259" value="nmod"/>
		<feat xlink:href="#sPointingRel261" value="case"/>
		<feat xlink:href="#sPointingRel263" value="cop"/>
		<feat xlink:href="#sPointingRel265" value="nsubj"/>
		<feat xlink:href="#sPointingRel267" value="case"/>
		<feat xlink:href="#sPointingRel269" value="nmod"/>
		<feat xlink:href="#sPointingRel271" value="dislocated"/>
		<feat xlink:href="#sPointingRel273" value="parataxis"/>
		<feat xlink:href="#sPointingRel275" value="nsubj"/>
		<feat xlink:href="#sPointingRel277" value="obl"/>
		<feat xlink:href="#sPointingRel279" value="case"/>
		<feat xlink:href="#sPointingRel281" value="mark"/>
		<feat xlink:href="#sPointingRel283" value="advmod"/>
		<feat xlink:href="#sPointingRel285" value="parataxis"/>
		<feat xlink:href="#sPointingRel287" value="aux"/>
		<feat xlink:href="#sPointingRel289" value="mark"/>
		<feat xlink:href="#sPointingRel291" value="det"/>
		<feat xlink:href="#sPointingRel293" value="det"/>
		<feat xlink:href="#sPointingRel295" value="obj"/>
		<feat xlink:href="#sPointingRel297" value="det"/>
		<feat xlink:href="#sPointingRel299" value="aux"/>
		<feat xlink:href="#sPointingRel301" value="case"/>
		<feat xlink:href="#sPointingRel303" value="case"/>
		<feat xlink:href="#sPointingRel305" value="case"/>
		<feat xlink:href="#sPointingRel307" value="dislocated"/>
		<feat xlink:href="#sPointingRel309" value="nsubj"/>
		<feat xlink:href="#sPointingRel311" value="nmod"/>
		<feat xlink:href="#sPointingRel313" value="obl"/>
		<feat xlink:href="#sPointingRel315" value="nsubj"/>
		<feat xlink:href="#sPointingRel317" value="ccomp"/>
		<feat xlink:href="#sPointingRel319" value="dislocated"/>
		<feat xlink:href="#sPointingRel321" value="case"/>
		<feat xlink:href="#sPointingRel323" value="parataxis"/>
		<feat xlink:href="#sPointingRel325" value="advmod"/>
		<feat xlink:href="#sPointingRel327" value="nmod"/>
		<feat xlink:href="#sPointingRel329" value="advcl"/>
		<feat xlink:href="#sPointingRel331" value="case"/>
		<feat xlink:href="#sPointingRel333" value="nmod"/>
		<feat xlink:href="#sPointingRel335" value="acl"/>
		<feat xlink:href="#sPointingRel337" value="nmod"/>
		<feat xlink:href="#sPointingRel339" value="advmod"/>
		<feat xlink:href="#sPointingRel341" value="advmod"/>
		<feat xlink:href="#sPointingRel343" value="det"/>
		<feat xlink:href="#sPointingRel345" value="advmod"/>
		<feat xlink:href="#sPointingRel347" value="aux"/>
		<feat xlink:href="#sPointingRel349" value="fixed"/>
		<feat xlink:href="#sPointingRel351" value="det"/>
		<feat xlink:href="#sPointingRel353" value="aux"/>
		<feat xlink:href="#sPointingRel355" value="nsubj"/>
		<feat xlink:href="#sPointingRel357" value="advmod"/>
		<feat xlink:href="#sPointingRel359" value="nsubj"/>
		<feat xlink:href="#sPointingRel361" value="advcl"/>
		<feat xlink:href="#sPointingRel363" value="aux"/>
		<feat xlink:href="#sPointingRel365" value="advcl"/>
		<feat xlink:href="#sPointingRel367" value="nsubj"/>
		<feat xlink:href="#sPointingRel369" value="case"/>
		<feat xlink:href="#sPointingRel371" value="case"/>
		<feat xlink:href="#sPointingRel373" value="advmod"/>
		<feat xlink:href="#sPointingRel375" value="ccomp"/>
		<feat xlink:href="#sPointingRel377" value="nsubj"/>
		<feat xlink:href="#sPointingRel379" value="appos"/>
		<feat xlink:href="#sPointingRel381" value="obl"/>
		<feat xlink:href="#sPointingRel383" value="mark"/>
		<feat xlink:href="#sPointingRel385" value="det"/>
		<feat xlink:href="#sPointingRel387" value="nmod"/>
		<feat xlink:href="#sPointingRel389" value="nsubj"/>
		<feat xlink:href="#sPointingRel391" value="case"/>
		<feat xlink:href="#sPointingRel393" value="mark"/>
		<feat xlink:href="#sPointingRel395" value="case"/>
		<feat xlink:href="#sPointingRel397" value="advmod"/>
		<feat xlink:href="#sPointingRel399" value="mark"/>
		<feat xlink:href="#sPointingRel401" value="nmod"/>
		<feat xlink:href="#sPointingRel403" value="case"/>
		<feat xlink:href="#sPointingRel405" value="nmod"/>
		<feat xlink:href="#sPointingRel407" value="case"/>
		<feat xlink:href="#sPointingRel409" value="obl"/>
		<feat xlink:href="#sPointingRel411" value="obj"/>
		<feat xlink:href="#sPointingRel413" value="dislocated"/>
		<feat xlink:href="#sPointingRel415" value="case"/>
		<feat xlink:href="#sPointingRel417" value="aux"/>
		<feat xlink:href="#sPointingRel419" value="appos"/>
		<feat xlink:href="#sPointingRel421" value="advmod"/>
		<feat xlink:href="#sPointingRel423" value="mark"/>
		<feat xlink:href="#sPointingRel425" value="case"/>
		<feat xlink:href="#sPointingRel427" value="obl"/>
		<feat xlink:href="#sPointingRel429" value="case"/>
		<feat xlink:href="#sPointingRel431" value="case"/>
		<feat xlink:href="#sPointingRel433" value="appos"/>
		<feat xlink:href="#sPointingRel435" value="mark"/>
		<feat xlink:href="#sPointingRel437" value="nsubj"/>
		<feat xlink:href="#sPointingRel439" value="det"/>
		<feat xlink:href="#sPointingRel441" value="obl"/>
		<feat xlink:href="#sPointingRel443" value="det"/>
		<feat xlink:href="#sPointingRel445" value="nsubj"/>
		<feat xlink:href="#sPointingRel447" value="nmod"/>
		<feat xlink:href="#sPointingRel449" value="case"/>
		<feat xlink:href="#sPointingRel451" value="obj"/>
		<feat xlink:href="#sPointingRel453" value="aux"/>
		<feat xlink:href="#sPointingRel455" value="csubj"/>
		<feat xlink:href="#sPointingRel457" value="advmod"/>
		<feat xlink:href="#sPointingRel459" value="parataxis"/>
		<feat xlink:href="#sPointingRel461" value="det"/>
		<feat xlink:href="#sPointingRel463" value="ccomp"/>
		<feat xlink:href="#sPointingRel465" value="case"/>
		<feat xlink:href="#sPointingRel467" value="nsubj"/>
		<feat xlink:href="#sPointingRel469" value="acl"/>
		<feat xlink:href="#sPointingRel471" value="det"/>
		<feat xlink:href="#sPointingRel473" value="parataxis"/>
		<feat xlink:href="#sPointingRel475" value="aux"/>
		<feat xlink:href="#sPointingRel477" value="parataxis"/>
		<feat xlink:href="#sPointingRel479" value="appos"/>
		<feat xlink:href="#sPointingRel481" value="det"/>
		<feat xlink:href="#sPointingRel483" value="case"/>
		<feat xlink:href="#sPointingRel485" value="nmod"/>
		<feat xlink:href="#sPointingRel487" value="case"/>
		<feat xlink:href="#sPointingRel489" value="dislocated"/>
		<feat xlink:href="#sPointingRel491" value="case"/>
		<feat xlink:href="#sPointingRel493" value="conj"/>
		<feat xlink:href="#sPointingRel495" value="nmod"/>
		<feat xlink:href="#sPointingRel497" value="acl"/>
		<feat xlink:href="#sPointingRel499" value="aux"/>
		<feat xlink:href="#sPointingRel501" value="case"/>
		<feat xlink:href="#sPointingRel503" value="nsubj"/>
		<feat xlink:href="#sPointingRel505" value="aux"/>
		<feat xlink:href="#sPointingRel507" value="mark"/>
		<feat xlink:href="#sPointingRel509" value="advmod"/>
		<feat xlink:href="#sPointingRel511" value="aux"/>
		<feat xlink:href="#sPointingRel513" value="nsubj"/>
		<feat xlink:href="#sPointingRel515" value="det"/>
		<feat xlink:href="#sPointingRel517" value="advmod"/>
		<feat xlink:href="#sPointingRel519" value="parataxis"/>
		<feat xlink:href="#sPointingRel521" value="case"/>
		<feat xlink:href="#sPointingRel523" value="appos"/>
		<feat xlink:href="#sPointingRel525" value="det"/>
		<feat xlink:href="#sPointingRel527" value="case"/>
		<feat xlink:href="#sPointingRel529" value="mark"/>
		<feat xlink:href="#sPointingRel531" value="nsubj"/>
		<feat xlink:href="#sPointingRel533" value="cop"/>
		<feat xlink:href="#sPointingRel535" value="cop"/>
		<feat xlink:href="#sPointingRel537" value="appos"/>
		<feat xlink:href="#sPointingRel539" value="nsubj"/>
		<feat xlink:href="#sPointingRel541" value="case"/>
		<feat xlink:href="#sPointingRel543" value="obl"/>
		<feat xlink:href="#sPointingRel545" value="aux"/>
		<feat xlink:href="#sPointingRel547" value="advmod"/>
		<feat xlink:href="#sPointingRel549" value="case"/>
		<feat xlink:href="#sPointingRel551" value="mark"/>
		<feat xlink:href="#sPointingRel553" value="dislocated"/>
		<feat xlink:href="#sPointingRel555" value="dislocated"/>
		<feat xlink:href="#sPointingRel557" value="appos"/>
		<feat xlink:href="#sPointingRel559" value="nmod"/>
		<feat xlink:href="#sPointingRel561" value="nmod"/>
		<feat xlink:href="#sPointingRel563" value="nsubj"/>
		<feat xlink:href="#sPointingRel565" value="det"/>
		<feat xlink:href="#sPointingRel567" value="appos"/>
		<feat xlink:href="#sPointingRel569" value="nsubj"/>
		<feat xlink:href="#sPointingRel571" value="case"/>
		<feat xlink:href="#sPointingRel573" value="advmod"/>
		<feat xlink:href="#sPointingRel575" value="nsubj"/>
		<feat xlink:href="#sPointingRel577" value="dislocated"/>
		<feat xlink:href="#sPointingRel579" value="appos"/>
		<feat xlink:href="#sPointingRel581" value="case"/>
		<feat xlink:href="#sPointingRel583" value="nsubj"/>
		<feat xlink:href="#sPointingRel585" value="nsubj"/>
		<feat xlink:href="#sPointingRel587" value="case"/>
		<feat xlink:href="#sPointingRel589" value="advmod"/>
		<feat xlink:href="#sPointingRel591" value="advmod"/>
		<feat xlink:href="#sPointingRel593" value="aux"/>
		<feat xlink:href="#sPointingRel595" value="nsubj"/>
		<feat xlink:href="#sPointingRel597" value="case"/>
		<feat xlink:href="#sPointingRel599" value="advcl"/>
		<feat xlink:href="#sPointingRel601" value="case"/>
		<feat xlink:href="#sPointingRel603" value="nsubj"/>
		<feat xlink:href="#sPointingRel605" value="parataxis"/>
		<feat xlink:href="#sPointingRel607" value="appos"/>
		<feat xlink:href="#sPointingRel609" value="advmod"/>
		<feat xlink:href="#sPointingRel611" value="nmod"/>
		<feat xlink:href="#sPointingRel613" value="appos"/>
		<feat xlink:href="#sPointingRel615" value="obl"/>
		<feat xlink:href="#sPointingRel617" value="nsubj"/>
		<feat xlink:href="#sPointingRel619" value="aux"/>
		<feat xlink:href="#sPointingRel621" value="obl"/>
		<feat xlink:href="#sPointingRel623" value="nsubj"/>
		<feat xlink:href="#sPointingRel625" value="advmod"/>
		<feat xlink:href="#sPointingRel627" value="appos"/>
		<feat xlink:href="#sPointingRel629" value="nsubj"/>
		<feat xlink:href="#sPointingRel631" value="advmod"/>
		<feat xlink:href="#sPointingRel633" value="advmod"/>
		<feat xlink:href="#sPointingRel635" value="acl"/>
		<feat xlink:href="#sPointingRel637" value="det"/>
		<feat xlink:href="#sPointingRel639" value="aux"/>
		<feat xlink:href="#sPointingRel641" value="advcl"/>
		<feat xlink:href="#sPointingRel643" value="det"/>
		<feat xlink:href="#sPointingRel645" value="case"/>
		<feat xlink:href="#sPointingRel647" value="aux"/>
		<feat xlink:href="#sPointingRel649" value="cc"/>
		<feat xlink:href="#sPointingRel651" value="nsubj"/>
		<feat xlink:href="#sPointingRel653" value="det"/>
		<feat xlink:href="#sPointingRel655" value="case"/>
		<feat xlink:href="#sPointingRel657" value="nsubj"/>
		<feat xlink:href="#sPointingRel659" value="aux"/>
		<feat xlink:href="#sPointingRel661" value="det"/>
		<feat xlink:href="#sPointingRel663" value="det"/>
		<feat xlink:href="#sPointingRel665" value="dislocated"/>
		<feat xlink:href="#sPointingRel667" value="case"/>
		<feat xlink:href="#sPointingRel669" value="obl"/>
		<feat xlink:href="#sPointingRel671" value="nmod"/>
		<feat xlink:href="#sPointingRel673" value="det"/>
		<feat xlink:href="#sPointingRel675" value="advmod"/>
		<feat xlink:href="#sPointingRel677" value="obl"/>
		<feat xlink:href="#sPointingRel679" value="nsubj"/>
		<feat xlink:href="#sPointingRel681" value="det"/>
		<feat xlink:href="#sPointingRel683" value="nmod"/>
		<feat xlink:href="#sPointingRel685" value="nsubj"/>
		<feat xlink:href="#sPointingRel687" value="case"/>
		<feat xlink:href="#sPointingRel689" value="case"/>
		<feat xlink:href="#sPointingRel691" value="fixed"/>
		<feat xlink:href="#sPointingRel693" value="acl"/>
		<feat xlink:href="#sPointingRel695" value="det"/>
		<feat xlink:href="#sPointingRel697" value="nsubj"/>
		<feat xlink:href="#sPointingRel699" value="det"/>
		<feat xlink:href="#sPointingRel701" value="case"/>
		<feat xlink:href="#sPointingRel703" value="nmod"/>
		<feat xlink:href="#sPointingRel705" value="parataxis"/>
		<feat xlink:href="#sPointingRel707" value="appos"/>
		<feat xlink:href="#sPointingRel709" value="dislocated"/>
		<feat xlink:href="#sPointingRel711" value="aux"/>
		<feat xlink:href="#sPointingRel713" value="aux"/>
		<feat xlink:href="#sPointingRel715" value="cc"/>
		<feat xlink:href="#sPointingRel717" value="aux"/>
		<feat xlink:href="#sPointingRel719" value="advmod"/>
		<feat xlink:href="#sPointingRel721" value="fixed"/>
		<feat xlink:href="#sPointingRel723" value="case"/>
		<feat xlink:href="#sPointingRel725" value="dislocated"/>
		<feat xlink:href="#sPointingRel727" value="advmod"/>
		<feat xlink:href="#sPointingRel729" value="case"/>
		<feat xlink:href="#sPointingRel731" value="case"/>
		<feat xlink:href="#sPointingRel733" value="case"/>
		<feat xlink:href="#sPointingRel735" value="aux"/>
		<feat xlink:href="#sPointingRel737" value="det"/>
		<feat xlink:href="#sPointingRel739" value="nsubj"/>
		<feat xlink:href="#sPointingRel741" value="advmod"/>
		<feat xlink:href="#sPointingRel743" value="advmod"/>
		<feat xlink:href="#sPointingRel745" value="advmod"/>
		<feat xlink:href="#sPointingRel747" value="nmod"/>
		<feat xlink:href="#sPointingRel749" value="parataxis"/>
		<feat xlink:href="#sPointingRel751" value="aux"/>
		<feat xlink:href="#sPointingRel753" value="aux"/>
		<feat xlink:href="#sPointingRel755" value="ccomp"/>
		<feat xlink:href="#sPointingRel757" value="nmod"/>
		<feat xlink:href="#sPointingRel759" value="advmod"/>
		<feat xlink:href="#sPointingRel761" value="case"/>
		<feat xlink:href="#sPointingRel763" value="det"/>
		<feat xlink:href="#sPointingRel765" value="obl"/>
		<feat xlink:href="#sPointingRel767" value="aux"/>
		<feat xlink:href="#sPointingRel769" value="parataxis"/>
		<feat xlink:href="#sPointingRel771" value="nsubj"/>
		<feat xlink:href="#sPointingRel773" value="dislocated"/>
		<feat xlink:href="#sPointingRel775" value="det"/>
		<feat xlink:href="#sPointingRel777" value="aux"/>
		<feat xlink:href="#sPointingRel779" value="case"/>
		<feat xlink:href="#sPointingRel781" value="acl"/>
		<feat xlink:href="#sPointingRel783" value="advmod"/>
		<feat xlink:href="#sPointingRel785" value="nmod"/>
		<feat xlink:href="#sPointingRel787" value="det"/>
		<feat xlink:href="#sPointingRel789" value="ccomp"/>
		<feat xlink:href="#sPointingRel791" value="advcl"/>
		<feat xlink:href="#sPointingRel793" value="obj"/>
		<feat xlink:href="#sPointingRel795" value="conj"/>
		<feat xlink:href="#sPointingRel797" value="advmod"/>
		<feat xlink:href="#sPointingRel799" value="advmod"/>
		<feat xlink:href="#sPointingRel801" value="mark"/>
		<feat xlink:href="#sPointingRel803" value="det"/>
		<feat xlink:href="#sPointingRel805" value="appos"/>
		<feat xlink:href="#sPointingRel807" value="nmod"/>
		<feat xlink:href="#sPointingRel809" value="aux"/>
		<feat xlink:href="#sPointingRel811" value="nsubj"/>
		<feat xlink:href="#sPointingRel813" value="det"/>
		<feat xlink:href="#sPointingRel815" value="case"/>
		<feat xlink:href="#sPointingRel817" value="obj"/>
		<feat xlink:href="#sPointingRel819" value="case"/>
		<feat xlink:href="#sPointingRel821" value="advmod"/>
		<feat xlink:href="#sPointingRel823" value="mark"/>
		<feat xlink:href="#sPointingRel825" value="det"/>
		<feat xlink:href="#sPointingRel827" value="advmod"/>
		<feat xlink:href="#sPointingRel829" value="advcl"/>
		<feat xlink:href="#sPointingRel831" value="parataxis"/>
		<feat xlink:href="#sPointingRel833" value="nmod"/>
		<feat xlink:href="#sPointingRel835" value="nsubj"/>
		<feat xlink:href="#sPointingRel837" value="nsubj"/>
		<feat xlink:href="#sPointingRel839" value="det"/>
		<feat xlink:href="#sPointingRel841" value="nsubj"/>
		<feat xlink:href="#sPointingRel843" value="case"/>
		<feat xlink:href="#sPointingRel845" value="acl"/>
		<feat xlink:href="#sPointingRel847" value="acl"/>
		<feat xlink:href="#sPointingRel849" value="nsubj"/>
		<feat xlink:href="#sPointingRel851" value="det"/>
		<feat xlink:href="#sPointingRel853" value="conj"/>
		<feat xlink:href="#sPointingRel855" value="advmod"/>
		<feat xlink:href="#sPointingRel857" value="advmod"/>
		<feat xlink:href="#sPointingRel859" value="case"/>
		<feat xlink:href="#sPointingRel861" value="case"/>
		<feat xlink:href="#sPointingRel863" value="obl"/>
		<feat xlink:href="#sPointingRel865" value="aux"/>
		<feat xlink:href="#sPointingRel867" value="nsubj"/>
		<feat xlink:href="#sPointingRel869" value="appos"/>
		<feat xlink:href="#sPointingRel871" value="obl"/>
		<feat xlink:href="#sPointingRel873" value="advcl"/>
		<feat xlink:href="#sPointingRel875" value="case"/>
		<feat xlink:href="#sPointingRel877" value="mark"/>
		<feat xlink:href="#sPointingRel879" value="obj"/>
		<feat xlink:href="#sPointingRel881" value="acl"/>
		<feat xlink:href="#sPointingRel883" value="nmod"/>
		<feat xlink:href="#sPointingRel885" value="obl"/>
		<feat xlink:href="#sPointingRel887" value="nmod"/>
		<feat xlink:href="#sPointingRel889" value="case"/>
		<feat xlink:href="#sPointingRel891" value="nmod"/>
		<feat xlink:href="#sPointingRel893" value="aux"/>
		<feat xlink:href="#sPointingRel895" value="nmod"/>
		<feat xlink:href="#sPointingRel897" value="advmod"/>
		<feat xlink:href="#sPointingRel899" value="parataxis"/>
		<feat xlink:href="#sPointingRel901" value="advcl"/>
		<feat xlink:href="#sPointingRel903" value="obl"/>
		<feat xlink:href="#sPointingRel905" value="advmod"/>
		<feat xlink:href="#sPointingRel907" value="case"/>
		<feat xlink:href="#sPointingRel909" value="nmod"/>
		<feat xlink:href="#sPointingRel911" value="det"/>
		<feat xlink:href="#sPointingRel913" value="obj"/>
		<feat xlink:href="#sPointingRel915" value="parataxis"/>
		<feat xlink:href="#sPointingRel917" value="conj"/>
		<feat xlink:href="#sPointingRel919" value="obl"/>
		<feat xlink:href="#sPointingRel921" value="advmod"/>
		<feat xlink:href="#sPointingRel923" value="aux"/>
		<feat xlink:href="#sPointingRel925" value="nsubj"/>
		<feat xlink:href="#sPointingRel927" value="parataxis"/>
		<feat xlink:href="#sPointingRel929" value="case"/>
		<feat xlink:href="#sPointingRel931" value="appos"/>
		<feat xlink:href="#sPointingRel933" value="aux"/>
		<feat xlink:href="#sPointingRel935" value="aux"/>
		<feat xlink:href="#sPointingRel937" value="advmod"/>
		<feat xlink:href="#sPointingRel939" value="mark"/>
		<feat xlink:href="#sPointingRel941" value="nmod"/>
		<feat xlink:href="#sPointingRel943" value="nmod"/>
		<feat xlink:href="#sPointingRel945" value="fixed"/>
		<feat xlink:href="#sPointingRel947" value="advmod"/>
		<feat xlink:href="#sPointingRel949" value="nsubj"/>
		<feat xlink:href="#sPointingRel951" value="fixed"/>
		<feat xlink:href="#sPointingRel953" value="dislocated"/>
		<feat xlink:href="#sPointingRel955" value="obj"/>
		<feat xlink:href="#sPointingRel957" value="advmod"/>
		<feat xlink:href="#sPointingRel959" value="det"/>
		<feat xlink:href="#sPointingRel961" value="nsubj"/>
		<feat xlink:href="#sPointingRel963" value="case"/>
		<feat xlink:href="#sPointingRel965" value="case"/>
		<feat xlink:href="#sPointingRel967" value="mark"/>
		<feat xlink:href="#sPointingRel969" value="obj"/>
		<feat xlink:href="#sPointingRel971" value="case"/>
		<feat xlink:href="#sPointingRel973" value="obl"/>
		<feat xlink:href="#sPointingRel975" value="nsubj"/>
		<feat xlink:href="#sPointingRel977" value="aux"/>
		<feat xlink:href="#sPointingRel979" value="xcomp"/>
		<feat xlink:href="#sPointingRel981" value="nsubj"/>
		<feat xlink:href="#sPointingRel983" value="obl"/>
		<feat xlink:href="#sPointingRel985" value="parataxis"/>
		<feat xlink:href="#sPointingRel987" value="nmod"/>
		<feat xlink:href="#sPointingRel989" value="mark"/>
		<feat xlink:href="#sPointingRel991" value="det"/>
		<feat xlink:href="#sPointingRel993" value="advcl"/>
		<feat xlink:href="#sPointingRel995" value="nsubj"/>
		<feat xlink:href="#sPointingRel997" value="nmod"/>
		<feat xlink:href="#sPointingRel999" value="advmod"/>
		<feat xlink:href="#sPointingRel1001" value="cop"/>
		<feat xlink:href="#sPointingRel1003" value="appos"/>
		<feat xlink:href="#sPointingRel1005" value="case"/>
		<feat xlink:href="#sPointingRel1007" value="advmod"/>
		<feat xlink:href="#sPointingRel1009" value="det"/>
		<feat xlink:href="#sPointingRel1011" value="aux"/>
		<feat xlink:href="#sPointingRel1013" value="fixed"/>
		<feat xlink:href="#sPointingRel1015" value="case"/>
		<feat xlink:href="#sPointingRel1017" value="appos"/>
		<feat xlink:href="#sPointingRel1019" value="case"/>
		<feat xlink:href="#sPointingRel1021" value="appos"/>
		<feat xlink:href="#sPointingRel1023" value="mark"/>
		<feat xlink:href="#sPointingRel1025" value="conj"/>
		<feat xlink:href="#sPointingRel1027" value="dislocated"/>
		<feat xlink:href="#sPointingRel1029" value="nsubj"/>
		<feat xlink:href="#sPointingRel1031" value="advcl"/>
		<feat xlink:href="#sPointingRel1033" value="fixed"/>
		<feat xlink:href="#sPointingRel1035" value="appos"/>
		<feat xlink:href="#sPointingRel1037" value="advmod"/>
		<feat xlink:href="#sPointingRel1039" value="nsubj"/>
		<feat xlink:href="#sPointingRel1041" value="aux"/>
		<feat xlink:href="#sPointingRel1043" value="nmod"/>
		<feat xlink:href="#sPointingRel1045" value="nmod"/>
		<feat xlink:href="#sPointingRel1047" value="case"/>
		<feat xlink:href="#sPointingRel1049" value="nmod"/>
		<feat xlink:href="#sPointingRel1051" value="case"/>
		<feat xlink:href="#sPointingRel1053" value="acl"/>
		<feat xlink:href="#sPointingRel1055" value="case"/>
		<feat xlink:href="#sPointingRel1057" value="obj"/>
		<feat xlink:href="#sPointingRel1059" value="case"/>
		<feat xlink:href="#sPointingRel1061" value="appos"/>
		<feat xlink:href="#sPointingRel1063" value="aux"/>
		<feat xlink:href="#sPointingRel1065" value="advmod"/>
		<feat xlink:href="#sPointingRel1067" value="mark"/>
		<feat xlink:href="#sPointingRel1069" value="aux"/>
		<feat xlink:href="#sPointingRel1071" value="aux"/>
		<feat xlink:href="#sPointingRel1073" value="nsubj"/>
		<feat xlink:href="#sPointingRel1075" value="obl"/>
		<feat xlink:href="#sPointingRel1077" value="advcl"/>
		<feat xlink:href="#sPointingRel1079" value="nmod"/>
		<feat xlink:href="#sPointingRel1081" value="advmod"/>
		<feat xlink:href="#sPointingRel1083" value="nmod"/>
		<feat xlink:href="#sPointingRel1085" value="conj"/>
		<feat xlink:href="#sPointingRel1087" value="nsubj"/>
		<feat xlink:href="#sPointingRel1089" value="mark"/>
		<feat xlink:href="#sPointingRel1091" value="case"/>
		<feat xlink:href="#sPointingRel1093" value="aux"/>
		<feat xlink:href="#sPointingRel1095" value="dislocated"/>
		<feat xlink:href="#sPointingRel1097" value="appos"/>
		<feat xlink:href="#sPointingRel1099" value="nmod"/>
		<feat xlink:href="#sPointingRel1101" value="acl"/>
		<feat xlink:href="#sPointingRel1103" value="aux"/>
		<feat xlink:href="#sPointingRel1105" value="mark"/>
		<feat xlink:href="#sPointingRel1107" value="det"/>
		<feat xlink:href="#sPointingRel1109" value="aux"/>
		<feat xlink:href="#sPointingRel1111" value="appos"/>
		<feat xlink:href="#sPointingRel1113" value="advmod"/>
		<feat xlink:href="#sPointingRel1115" value="obl"/>
		<feat xlink:href="#sPointingRel1117" value="aux"/>
		<feat xlink:href="#sPointingRel1119" value="appos"/>
		<feat xlink:href="#sPointingRel1121" value="case"/>
		<feat xlink:href="#sPointingRel1123" value="advmod"/>
		<feat xlink:href="#sPointingRel1125" value="parataxis"/>
		<feat xlink:href="#sPointingRel1127" value="det"/>
		<feat xlink:href="#sPointingRel1129" value="nsubj"/>
		<feat xlink:href="#sPointingRel1131" value="mark"/>
		<feat xlink:href="#sPointingRel1133" value="aux"/>
		<feat xlink:href="#sPointingRel1135" value="case"/>
		<feat xlink:href="#sPointingRel1137" value="case"/>
		<feat xlink:href="#sPointingRel1139" value="obl"/>
		<feat xlink:href="#sPointingRel1141" value="nsubj"/>
		<feat xlink:href="#sPointingRel1143" value="cc"/>
		<feat xlink:href="#sPointingRel1145" value="conj"/>
		<feat xlink:href="#sPointingRel1147" value="obl"/>
		<feat xlink:href="#sPointingRel1149" value="nsubj"/>
		<feat xlink:href="#sPointingRel1151" value="det"/>
		<feat xlink:href="#sPointingRel1153" value="aux"/>
		<feat xlink:href="#sPointingRel1155" value="mark"/>
		<feat xlink:href="#sPointingRel1157" value="nmod"/>
		<feat xlink:href="#sPointingRel1159" value="nsubj"/>
		<feat xlink:href="#sPointingRel1161" value="det"/>
		<feat xlink:href="#sPointingRel1163" value="aux"/>
		<feat xlink:href="#sPointingRel1165" value="case"/>
		<feat xlink:href="#sPointingRel1167" value="cop"/>
		<feat xlink:href="#sPointingRel1169" value="nsubj"/>
		<feat xlink:href="#sPointingRel1171" value="aux"/>
		<feat xlink:href="#sPointingRel1173" value="dislocated"/>
		<feat xlink:href="#sPointingRel1175" value="obj"/>
		<feat xlink:href="#sPointingRel1177" value="case"/>
		<feat xlink:href="#sPointingRel1179" value="advmod"/>
		<feat xlink:href="#sPointingRel1181" value="case"/>
		<feat xlink:href="#sPointingRel1183" value="nmod"/>
		<feat xlink:href="#sPointingRel1185" value="appos"/>
		<feat xlink:href="#sPointingRel1187" value="obl"/>
		<feat xlink:href="#sPointingRel1189" value="advcl"/>
		<feat xlink:href="#sPointingRel1191" value="csubj"/>
		<feat xlink:href="#sPointingRel1193" value="nsubj"/>
		<feat xlink:href="#sPointingRel1195" value="parataxis"/>
		<feat xlink:href="#sPointingRel1197" value="nsubj"/>
		<feat xlink:href="#sPointingRel1199" value="nsubj"/>
		<feat xlink:href="#sPointingRel1201" value="case"/>
		<feat xlink:href="#sPointingRel1203" value="advmod"/>
		<feat xlink:href="#sPointingRel1205" value="obl"/>
		<feat xlink:href="#sPointingRel1207" value="nsubj"/>
		<feat xlink:href="#sPointingRel1209" value="aux"/>
		<feat xlink:href="#sPointingRel1211" value="nsubj"/>
		<feat xlink:href="#sPointingRel1213" value="det"/>
		<feat xlink:href="#sPointingRel1215" value="nsubj"/>
		<feat xlink:href="#sPointingRel1217" value="advmod"/>
		<feat xlink:href="#sPointingRel1219" value="cop"/>
		<feat xlink:href="#sPointingRel1221" value="case"/>
		<feat xlink:href="#sPointingRel1223" value="det"/>
		<feat xlink:href="#sPointingRel1225" value="advcl"/>
		<feat xlink:href="#sPointingRel1227" value="nmod"/>
		<feat xlink:href="#sPointingRel1229" value="advcl"/>
		<feat xlink:href="#sPointingRel1231" value="obl"/>
		<feat xlink:href="#sPointingRel1233" value="nsubj"/>
		<feat xlink:href="#sPointingRel1235" value="ccomp"/>
		<feat xlink:href="#sPointingRel1237" value="cc"/>
		<feat xlink:href="#sPointingRel1239" value="fixed"/>
		<feat xlink:href="#sPointingRel1241" value="advmod"/>
		<feat xlink:href="#sPointingRel1243" value="obl"/>
		<feat xlink:href="#sPointingRel1245" value="obl"/>
		<feat xlink:href="#sPointingRel1247" value="nsubj"/>
		<feat xlink:href="#sPointingRel1249" value="mark"/>
		<feat xlink:href="#sPointingRel1251" value="mark"/>
		<feat xlink:href="#sPointingRel1253" value="cc"/>
		<feat xlink:href="#sPointingRel1255" value="cop"/>
		<feat xlink:href="#sPointingRel1257" value="parataxis"/>
		<feat xlink:href="#sPointingRel1259" value="advmod"/>
		<feat xlink:href="#sPointingRel1261" value="xcomp"/>
		<feat xlink:href="#sPointingRel1263" value="aux"/>
		<feat xlink:href="#sPointingRel1265" value="aux"/>
		<feat xlink:href="#sPointingRel1267" value="aux"/>
		<feat xlink:href="#sPointingRel1269" value="case"/>
		<feat xlink:href="#sPointingRel1271" value="appos"/>
		<feat xlink:href="#sPointingRel1273" value="aux"/>
		<feat xlink:href="#sPointingRel1275" value="case"/>
		<feat xlink:href="#sPointingRel1277" value="case"/>
		<feat xlink:href="#sPointingRel1279" value="nsubj"/></featList></paula>