<?xml version='1.0' encoding='UTF-8'?><!DOCTYPE paula SYSTEM "paula_feat.dtd">
<paula version="1.1">
	<header paula_id="scriptorium.life.aphou.01.mark_p_n"/>
	<featList xmlns:xlink="http://www.w3.org/1999/xlink" type="p_n" xml:base="scriptorium.life.aphou.01.mark.xml">
		<feat xlink:href="#sSpan10" value="0"/>
		<feat xlink:href="#sSpan80" value="1"/>
		<feat xlink:href="#sSpan135" value="2"/>
		<feat xlink:href="#sSpan176" value="3"/>
		<feat xlink:href="#sSpan359" value="4"/>
		<feat xlink:href="#sSpan481" value="5"/>
		<feat xlink:href="#sSpan661" value="6"/>
		<feat xlink:href="#sSpan718" value="7"/>
		<feat xlink:href="#sSpan858" value="8"/>
		<feat xlink:href="#sSpan957" value="9"/>
		<feat xlink:href="#sSpan1105" value="10"/>
		<feat xlink:href="#sSpan1155" value="11"/>
		<feat xlink:href="#sSpan1412" value="12"/>
		<feat xlink:href="#sSpan1534" value="13"/>
		<feat xlink:href="#sSpan1576" value="14"/>
		<feat xlink:href="#sSpan1881" value="15"/>
		<feat xlink:href="#sSpan1938" value="16"/>
		<feat xlink:href="#sSpan2207" value="17"/>
		<feat xlink:href="#sSpan2279" value="18"/>
		<feat xlink:href="#sSpan2363" value="19"/>
		<feat xlink:href="#sSpan2742" value="20"/>
		<feat xlink:href="#sSpan2779" value="21"/>
		<feat xlink:href="#sSpan2992" value="22"/>
		<feat xlink:href="#sSpan3129" value="23"/>
		<feat xlink:href="#sSpan3226" value="24"/>
		<feat xlink:href="#sSpan3330" value="25"/>
		<feat xlink:href="#sSpan3473" value="26"/>
		<feat xlink:href="#sSpan3530" value="27"/>
		<feat xlink:href="#sSpan3624" value="28"/>
		<feat xlink:href="#sSpan3785" value="29"/>
		<feat xlink:href="#sSpan3843" value="30"/>
		<feat xlink:href="#sSpan3961" value="31"/>
		<feat xlink:href="#sSpan4266" value="32"/>
		<feat xlink:href="#sSpan4337" value="33"/>
		<feat xlink:href="#sSpan4519" value="34"/>
		<feat xlink:href="#sSpan4616" value="35"/>
		<feat xlink:href="#sSpan4701" value="36"/>
		<feat xlink:href="#sSpan4778" value="37"/>
		<feat xlink:href="#sSpan4824" value="38"/>
		<feat xlink:href="#sSpan4954" value="39"/>
		<feat xlink:href="#sSpan4989" value="40"/>
		<feat xlink:href="#sSpan5110" value="41"/>
		<feat xlink:href="#sSpan5304" value="42"/>
		<feat xlink:href="#sSpan5487" value="43"/>
		<feat xlink:href="#sSpan5580" value="44"/>
		<feat xlink:href="#sSpan5747" value="45"/>
		<feat xlink:href="#sSpan5828" value="46"/>
		<feat xlink:href="#sSpan6034" value="47"/>
		<feat xlink:href="#sSpan6172" value="48"/>
		<feat xlink:href="#sSpan6237" value="49"/>
		<feat xlink:href="#sSpan6359" value="50"/>
		<feat xlink:href="#sSpan6518" value="51"/>
		<feat xlink:href="#sSpan6642" value="52"/>
		<feat xlink:href="#sSpan6695" value="53"/>
		<feat xlink:href="#sSpan6746" value="54"/>
		<feat xlink:href="#sSpan6791" value="55"/>
		<feat xlink:href="#sSpan6824" value="56"/>
		<feat xlink:href="#sSpan6937" value="57"/>
		<feat xlink:href="#sSpan7113" value="58"/>
		<feat xlink:href="#sSpan7280" value="59"/>
		<feat xlink:href="#sSpan7500" value="60"/>
		<feat xlink:href="#sSpan7645" value="61"/></featList></paula>