<?xml version='1.0' encoding='UTF-8'?><!DOCTYPE paula SYSTEM "paula_feat.dtd">
<paula version="1.1">
	<header paula_id="scriptorium.johannes.canons.FA47-48.mark_morph"/>
	<featList xmlns:xlink="http://www.w3.org/1999/xlink" type="morph" xml:base="scriptorium.johannes.canons.FA47-48.mark.xml">
		<feat xlink:href="#sSpan162" value="ⲣ"/>
		<feat xlink:href="#sSpan165" value="ϩⲱⲃ"/>
		<feat xlink:href="#sSpan207" value="ϯ"/>
		<feat xlink:href="#sSpan210" value="ⲟⲥⲉ"/>
		<feat xlink:href="#sSpan325" value="ϯ"/>
		<feat xlink:href="#sSpan328" value="ⲟⲥⲉ"/>
		<feat xlink:href="#sSpan687" value="ϯ"/>
		<feat xlink:href="#sSpan690" value="ⲟⲥⲉ"/>
		<feat xlink:href="#sSpan702" value="ϭⲓⲛ"/>
		<feat xlink:href="#sSpan705" value="ⲛⲁⲩ"/>
		<feat xlink:href="#sSpan1065" value="ϯ"/>
		<feat xlink:href="#sSpan1068" value="ⲟⲥⲉ"/>
		<feat xlink:href="#sSpan1076" value="ϭⲓⲛ"/>
		<feat xlink:href="#sSpan1079" value="ⲧⲱⲟⲩⲛ"/></featList></paula>