<?xml version='1.0' encoding='UTF-8'?><!DOCTYPE paula SYSTEM "paula_feat.dtd">
<paula version="1.1">
	<header paula_id="scriptorium.johannes.canons.FA47-48.mark_lb_n"/>
	<featList xmlns:xlink="http://www.w3.org/1999/xlink" type="lb_n" xml:base="scriptorium.johannes.canons.FA47-48.mark.xml">
		<feat xlink:href="#sSpan4" value="1"/>
		<feat xlink:href="#sSpan22" value="2"/>
		<feat xlink:href="#sSpan33" value="3"/>
		<feat xlink:href="#sSpan41" value="4"/>
		<feat xlink:href="#sSpan52" value="5"/>
		<feat xlink:href="#sSpan70" value="6"/>
		<feat xlink:href="#sSpan83" value="7"/>
		<feat xlink:href="#sSpan96" value="8"/>
		<feat xlink:href="#sSpan107" value="9"/>
		<feat xlink:href="#sSpan124" value="10"/>
		<feat xlink:href="#sSpan135" value="11"/>
		<feat xlink:href="#sSpan148" value="12"/>
		<feat xlink:href="#sSpan166" value="13"/>
		<feat xlink:href="#sSpan178" value="14"/>
		<feat xlink:href="#sSpan185" value="15"/>
		<feat xlink:href="#sSpan195" value="16"/>
		<feat xlink:href="#sSpan211" value="17"/>
		<feat xlink:href="#sSpan223" value="18"/>
		<feat xlink:href="#sSpan228" value="19"/>
		<feat xlink:href="#sSpan247" value="20"/>
		<feat xlink:href="#sSpan256" value="21"/>
		<feat xlink:href="#sSpan279" value="22"/>
		<feat xlink:href="#sSpan292" value="23"/>
		<feat xlink:href="#sSpan301" value="24"/>
		<feat xlink:href="#sSpan315" value="25"/>
		<feat xlink:href="#sSpan322" value="26"/>
		<feat xlink:href="#sSpan335" value="27"/>
		<feat xlink:href="#sSpan343" value="28"/>
		<feat xlink:href="#sSpan353" value="1"/>
		<feat xlink:href="#sSpan372" value="2"/>
		<feat xlink:href="#sSpan387" value="3"/>
		<feat xlink:href="#sSpan411" value="4"/>
		<feat xlink:href="#sSpan429" value="5"/>
		<feat xlink:href="#sSpan444" value="6"/>
		<feat xlink:href="#sSpan458" value="7"/>
		<feat xlink:href="#sSpan475" value="8"/>
		<feat xlink:href="#sSpan495" value="9"/>
		<feat xlink:href="#sSpan503" value="10"/>
		<feat xlink:href="#sSpan528" value="11"/>
		<feat xlink:href="#sSpan533" value="12"/>
		<feat xlink:href="#sSpan549" value="13"/>
		<feat xlink:href="#sSpan560" value="14"/>
		<feat xlink:href="#sSpan571" value="15"/>
		<feat xlink:href="#sSpan581" value="16"/>
		<feat xlink:href="#sSpan597" value="17"/>
		<feat xlink:href="#sSpan611" value="18"/>
		<feat xlink:href="#sSpan622" value="19"/>
		<feat xlink:href="#sSpan637" value="20"/>
		<feat xlink:href="#sSpan648" value="21"/>
		<feat xlink:href="#sSpan663" value="22"/>
		<feat xlink:href="#sSpan679" value="23"/>
		<feat xlink:href="#sSpan699" value="24"/>
		<feat xlink:href="#sSpan712" value="25"/>
		<feat xlink:href="#sSpan723" value="26"/>
		<feat xlink:href="#sSpan735" value="27"/>
		<feat xlink:href="#sSpan749" value="28"/>
		<feat xlink:href="#sSpan763" value="1"/>
		<feat xlink:href="#sSpan780" value="2"/>
		<feat xlink:href="#sSpan792" value="3"/>
		<feat xlink:href="#sSpan805" value="4"/>
		<feat xlink:href="#sSpan821" value="5"/>
		<feat xlink:href="#sSpan837" value="6"/>
		<feat xlink:href="#sSpan854" value="7"/>
		<feat xlink:href="#sSpan862" value="8"/>
		<feat xlink:href="#sSpan876" value="9"/>
		<feat xlink:href="#sSpan891" value="10"/>
		<feat xlink:href="#sSpan901" value="11"/>
		<feat xlink:href="#sSpan924" value="12"/>
		<feat xlink:href="#sSpan936" value="13"/>
		<feat xlink:href="#sSpan949" value="14"/>
		<feat xlink:href="#sSpan966" value="15"/>
		<feat xlink:href="#sSpan982" value="16"/>
		<feat xlink:href="#sSpan992" value="17"/>
		<feat xlink:href="#sSpan1002" value="18"/>
		<feat xlink:href="#sSpan1009" value="19"/>
		<feat xlink:href="#sSpan1013" value="20"/>
		<feat xlink:href="#sSpan1023" value="21"/>
		<feat xlink:href="#sSpan1032" value="22"/>
		<feat xlink:href="#sSpan1041" value="23"/>
		<feat xlink:href="#sSpan1053" value="24"/>
		<feat xlink:href="#sSpan1073" value="25"/>
		<feat xlink:href="#sSpan1084" value="26"/>
		<feat xlink:href="#sSpan1093" value="27"/>
		<feat xlink:href="#sSpan1105" value="28"/>
		<feat xlink:href="#sSpan1115" value="29"/>
		<feat xlink:href="#sSpan1126" value="1"/>
		<feat xlink:href="#sSpan1144" value="2"/>
		<feat xlink:href="#sSpan1157" value="3"/>
		<feat xlink:href="#sSpan1166" value="4"/>
		<feat xlink:href="#sSpan1178" value="5"/>
		<feat xlink:href="#sSpan1196" value="6"/>
		<feat xlink:href="#sSpan1207" value="7"/>
		<feat xlink:href="#sSpan1218" value="8"/>
		<feat xlink:href="#sSpan1228" value="9"/>
		<feat xlink:href="#sSpan1244" value="10"/>
		<feat xlink:href="#sSpan1260" value="11"/>
		<feat xlink:href="#sSpan1279" value="12"/>
		<feat xlink:href="#sSpan1290" value="13"/>
		<feat xlink:href="#sSpan1310" value="14"/>
		<feat xlink:href="#sSpan1325" value="15"/>
		<feat xlink:href="#sSpan1337" value="16"/>
		<feat xlink:href="#sSpan1353" value="17"/>
		<feat xlink:href="#sSpan1368" value="18"/>
		<feat xlink:href="#sSpan1379" value="19"/>
		<feat xlink:href="#sSpan1389" value="20"/>
		<feat xlink:href="#sSpan1398" value="21"/>
		<feat xlink:href="#sSpan1407" value="22"/>
		<feat xlink:href="#sSpan1430" value="23"/>
		<feat xlink:href="#sSpan1441" value="24"/>
		<feat xlink:href="#sSpan1452" value="25"/>
		<feat xlink:href="#sSpan1461" value="26"/>
		<feat xlink:href="#sSpan1477" value="27"/>
		<feat xlink:href="#sSpan1490" value="28"/>
		<feat xlink:href="#sSpan1499" value="29"/></featList></paula>