<?xml version="1.0" encoding="UTF-8" standalone="no"?>

<!DOCTYPE paula SYSTEM "paula_feat.dtd">
<paula version="1.0">

<header paula_id="scriptorium.sahidic.ot.02_Exodus_02_pos"/>

<featList xmlns:xlink="http://www.w3.org/1999/xlink" type="pos" xml:base="scriptorium.sahidic.ot.02_Exodus_02.posSeg.xml">
<feat xlink:href="#pos_1" value="CPRET"/><!-- ⲛⲉ -->
<feat xlink:href="#pos_2" value="PPERS"/><!-- ⲩ -->
<feat xlink:href="#pos_3" value="PREP"/><!-- ⲛ -->
<feat xlink:href="#pos_4" value="ART"/><!-- ⲟⲩ -->
<feat xlink:href="#pos_5" value="N"/><!-- ⲣⲱⲙⲉ -->
<feat xlink:href="#pos_6" value="PTC"/><!-- ⲇⲉ -->
<feat xlink:href="#pos_7" value="ADV"/><!-- ⲉⲃⲟⲗ -->
<feat xlink:href="#pos_8" value="PREP"/><!-- ϩⲛ -->
<feat xlink:href="#pos_9" value="ART"/><!-- ⲧⲉ -->
<feat xlink:href="#pos_10" value="N"/><!-- ⲫⲩⲗⲏ -->
<feat xlink:href="#pos_11" value="V"/><!-- ⲛⲗⲉⲩⲉⲓ -->
<feat xlink:href="#pos_12" value="PDEM"/><!-- ⲡⲁⲓ -->
<feat xlink:href="#pos_13" value="APST"/><!-- ⲁ -->
<feat xlink:href="#pos_14" value="PPERS"/><!-- ϥ -->
<feat xlink:href="#pos_15" value="V"/><!-- ϫⲓ -->
<feat xlink:href="#pos_16" value="PREP"/><!-- ⲛⲁ -->
<feat xlink:href="#pos_17" value="PPERO"/><!-- ϥ -->
<feat xlink:href="#pos_18" value="PREP"/><!-- ⲛ -->
<feat xlink:href="#pos_19" value="ART"/><!-- ⲟⲩ -->
<feat xlink:href="#pos_20" value="N"/><!-- ⲥϩⲓⲙⲉ -->
<feat xlink:href="#pos_21" value="ADV"/><!-- ⲉⲃⲟⲗ -->
<feat xlink:href="#pos_22" value="PREP"/><!-- ϩⲛ -->
<feat xlink:href="#pos_23" value="ART"/><!-- ⲛ -->
<feat xlink:href="#pos_24" value="N"/><!-- ϣⲉⲉⲣⲉ -->
<feat xlink:href="#pos_25" value="V"/><!-- ⲛⲗⲉⲩⲉⲓ -->
<feat xlink:href="#pos_26" value="APST"/><!-- ⲁ -->
<feat xlink:href="#pos_27" value="PPERS"/><!-- ⲥ -->
<feat xlink:href="#pos_28" value="V"/><!-- ϣⲱⲡⲉ -->
<feat xlink:href="#pos_29" value="PREP"/><!-- ⲛⲁ -->
<feat xlink:href="#pos_30" value="PPERO"/><!-- ϥ -->
<feat xlink:href="#pos_31" value="V"/><!-- ⲁⲥⲱⲱ -->
<feat xlink:href="#pos_32" value="APST"/><!-- ⲁ -->
<feat xlink:href="#pos_33" value="PPERS"/><!-- ⲥ -->
<feat xlink:href="#pos_34" value="V"/><!-- ϫⲡⲟ -->
<feat xlink:href="#pos_35" value="PREP"/><!-- ⲛ -->
<feat xlink:href="#pos_36" value="ART"/><!-- ⲟⲩ -->
<feat xlink:href="#pos_37" value="N"/><!-- ϣⲏⲣⲉ -->
<feat xlink:href="#pos_38" value="APST"/><!-- ⲁ -->
<feat xlink:href="#pos_39" value="PPERS"/><!-- ⲩ -->
<feat xlink:href="#pos_40" value="V"/><!-- ⲛⲁⲩ -->
<feat xlink:href="#pos_41" value="PREP"/><!-- ⲉⲣⲟ -->
<feat xlink:href="#pos_42" value="PPERO"/><!-- ϥ -->
<feat xlink:href="#pos_43" value="CONJ"/><!-- ϫⲉ -->
<feat xlink:href="#pos_44" value="VBD"/><!-- ⲛⲉⲥⲱ -->
<feat xlink:href="#pos_45" value="PPERO"/><!-- ϥ -->
<feat xlink:href="#pos_46" value="APST"/><!-- ⲁ -->
<feat xlink:href="#pos_47" value="PPERS"/><!-- ⲩ -->
<feat xlink:href="#pos_48" value="V"/><!-- ϩⲟⲡ -->
<feat xlink:href="#pos_49" value="PPERO"/><!-- ϥ -->
<feat xlink:href="#pos_50" value="PREP"/><!-- ⲛ -->
<feat xlink:href="#pos_51" value="NUM"/><!-- ϣⲟⲙⲧ -->
<feat xlink:href="#pos_52" value="PREP"/><!-- ⲛ -->
<feat xlink:href="#pos_53" value="N"/><!-- ⲉⲃⲟⲧ -->
<feat xlink:href="#pos_54" value="ADV"/><!-- ⲉⲃⲟⲗ -->
<feat xlink:href="#pos_55" value="ADV"/><!-- ⲟⲛ -->
<feat xlink:href="#pos_56" value="CONJ"/><!-- ϫⲉ -->
<feat xlink:href="#pos_57" value="ANEGPST"/><!-- ⲙⲡ -->
<feat xlink:href="#pos_58" value="PPERS"/><!-- ⲟⲩ -->
<feat xlink:href="#pos_59" value="V"/><!-- ϣ -->
<feat xlink:href="#pos_60" value="V"/><!-- ϭⲙϭⲟⲙ -->
<feat xlink:href="#pos_61" value="PREP"/><!-- ⲉ -->
<feat xlink:href="#pos_62" value="V"/><!-- ϩⲟⲡ -->
<feat xlink:href="#pos_63" value="PPERO"/><!-- ϥ -->
<feat xlink:href="#pos_64" value="ADV"/><!-- ϭⲉ -->
<feat xlink:href="#pos_65" value="APST"/><!-- ⲁ -->
<feat xlink:href="#pos_66" value="PPOS"/><!-- ⲧⲉϥ -->
<feat xlink:href="#pos_67" value="N"/><!-- ⲙⲁ -->
<feat xlink:href="#pos_68" value="V"/><!-- ⲁⲩ -->
<feat xlink:href="#pos_69" value="V"/><!-- ϫⲓ -->
<feat xlink:href="#pos_70" value="PREP"/><!-- ⲛⲁ -->
<feat xlink:href="#pos_71" value="PPERO"/><!-- ϥ -->
<feat xlink:href="#pos_72" value="V"/><!-- ⲛⲟⲩⲧⲁⲉⲓⲃⲉ -->
<feat xlink:href="#pos_73" value="N"/><!-- ⲁⲥϫⲁϩⲥ -->
<feat xlink:href="#pos_74" value="N"/><!-- ⲛⲁⲙⲣⲏϩⲉ -->
<feat xlink:href="#pos_75" value="APST"/><!-- ⲁ -->
<feat xlink:href="#pos_76" value="PPERS"/><!-- ⲥ -->
<feat xlink:href="#pos_77" value="V"/><!-- ⲛⲟⲩϫⲉ -->
<feat xlink:href="#pos_78" value="PREP"/><!-- ⲙ -->
<feat xlink:href="#pos_79" value="ART"/><!-- ⲡ -->
<feat xlink:href="#pos_80" value="N"/><!-- ϣⲏⲣⲉ -->
<feat xlink:href="#pos_81" value="N"/><!-- ϣⲏⲙ -->
<feat xlink:href="#pos_82" value="PREP"/><!-- ⲉⲣⲟ -->
<feat xlink:href="#pos_83" value="PPERO"/><!-- ⲥ -->
<feat xlink:href="#pos_84" value="APST"/><!-- ⲁ -->
<feat xlink:href="#pos_85" value="PPERS"/><!-- ⲥ -->
<feat xlink:href="#pos_86" value="V"/><!-- ⲕⲱ -->
<feat xlink:href="#pos_87" value="PREP"/><!-- ⲙⲙⲟ -->
<feat xlink:href="#pos_88" value="PPERO"/><!-- ⲥ -->
<feat xlink:href="#pos_89" value="PREP"/><!-- ϩⲛ -->
<feat xlink:href="#pos_90" value="ART"/><!-- ⲡ -->
<feat xlink:href="#pos_91" value="N"/><!-- ϩⲉⲗⲟⲥ -->
<feat xlink:href="#pos_92" value="PREP"/><!-- ϩⲁⲧⲛ -->
<feat xlink:href="#pos_93" value="ART"/><!-- ⲡ -->
<feat xlink:href="#pos_94" value="N"/><!-- ⲓⲉⲣⲟ -->
<feat xlink:href="#pos_95" value="APST"/><!-- ⲁ -->
<feat xlink:href="#pos_96" value="PPOS"/><!-- ⲧⲉϥ -->
<feat xlink:href="#pos_97" value="N"/><!-- ⲥⲱⲛⲉ -->
<feat xlink:href="#pos_98" value="V"/><!-- ϣⲱⲡⲉ -->
<feat xlink:href="#pos_99" value="CCIRC"/><!-- ⲉ -->
<feat xlink:href="#pos_100" value="PPERS"/><!-- ⲥ -->
<feat xlink:href="#pos_101" value="V"/><!-- ϭⲱϣⲧ -->
<feat xlink:href="#pos_102" value="PREP"/><!-- ⲙ -->
<feat xlink:href="#pos_103" value="ART"/><!-- ⲡ -->
<feat xlink:href="#pos_104" value="N"/><!-- ⲟⲩⲉ -->
<feat xlink:href="#pos_105" value="CCIRC"/><!-- ⲉ -->
<feat xlink:href="#pos_106" value="V"/><!-- ⲉⲓⲙⲉ -->
<feat xlink:href="#pos_107" value="PREP"/><!-- ⲉ -->
<feat xlink:href="#pos_108" value="ART"/><!-- ⲛ -->
<feat xlink:href="#pos_109" value="CREL"/><!-- ⲉⲧ -->
<feat xlink:href="#pos_110" value="FUT"/><!-- ⲛⲁ -->
<feat xlink:href="#pos_111" value="V"/><!-- ϣⲱⲡⲉ -->
<feat xlink:href="#pos_112" value="PREP"/><!-- ⲙⲙⲟ -->
<feat xlink:href="#pos_113" value="PPERO"/><!-- ϥ -->
<feat xlink:href="#pos_114" value="APST"/><!-- ⲁ -->
<feat xlink:href="#pos_115" value="ART"/><!-- ⲧ -->
<feat xlink:href="#pos_116" value="N"/><!-- ϣⲉⲉⲣⲉ -->
<feat xlink:href="#pos_117" value="PTC"/><!-- ⲇⲉ -->
<feat xlink:href="#pos_118" value="PREP"/><!-- ⲙ -->
<feat xlink:href="#pos_119" value="NPROP"/><!-- ⲫⲁⲣⲁⲱ -->
<feat xlink:href="#pos_120" value="V"/><!-- ⲉⲓ -->
<feat xlink:href="#pos_121" value="ADV"/><!-- ⲉⲡⲉⲥⲏⲧ -->
<feat xlink:href="#pos_122" value="PREP"/><!-- ⲉϫⲙ -->
<feat xlink:href="#pos_123" value="ART"/><!-- ⲡ -->
<feat xlink:href="#pos_124" value="N"/><!-- ⲓⲉⲣⲟ -->
<feat xlink:href="#pos_125" value="PREP"/><!-- ⲉ -->
<feat xlink:href="#pos_126" value="N"/><!-- ϫⲱⲕⲙ -->
<feat xlink:href="#pos_127" value="CONJ"/><!-- ⲁⲩⲱ -->
<feat xlink:href="#pos_128" value="PPOS"/><!-- ⲛⲉⲥ -->
<feat xlink:href="#pos_129" value="N"/><!-- ϩⲙϩⲁⲗ -->
<feat xlink:href="#pos_130" value="CPRET"/><!-- ⲛⲉ -->
<feat xlink:href="#pos_131" value="PPERS"/><!-- ⲩ -->
<feat xlink:href="#pos_132" value="V"/><!-- ⲙⲟⲟϣⲉ -->
<feat xlink:href="#pos_133" value="PREP"/><!-- ϩⲁⲧⲛ -->
<feat xlink:href="#pos_134" value="ART"/><!-- ⲡ -->
<feat xlink:href="#pos_135" value="N"/><!-- ⲓⲉⲣⲟ -->
<feat xlink:href="#pos_136" value="APST"/><!-- ⲁ -->
<feat xlink:href="#pos_137" value="PPERS"/><!-- ⲥ -->
<feat xlink:href="#pos_138" value="V"/><!-- ⲛⲁⲩ -->
<feat xlink:href="#pos_139" value="PTC"/><!-- ⲇⲉ -->
<feat xlink:href="#pos_140" value="CREL"/><!-- ⲉⲧ -->
<feat xlink:href="#pos_141" value="ART"/><!-- ⲧ -->
<feat xlink:href="#pos_142" value="N"/><!-- ⲁ -->
<feat xlink:href="#pos_143" value="V"/><!-- ⲉⲓⲃⲉ -->
<feat xlink:href="#pos_144" value="PREP"/><!-- ϩⲛ -->
<feat xlink:href="#pos_145" value="ART"/><!-- ⲡ -->
<feat xlink:href="#pos_146" value="N"/><!-- ϩⲉⲗⲟⲥ -->
<feat xlink:href="#pos_147" value="APST"/><!-- ⲁ -->
<feat xlink:href="#pos_148" value="PPERS"/><!-- ⲥ -->
<feat xlink:href="#pos_149" value="V"/><!-- ϫⲟⲟⲩ -->
<feat xlink:href="#pos_150" value="PREP"/><!-- ⲛ -->
<feat xlink:href="#pos_151" value="PPOS"/><!-- ⲧⲉⲥ -->
<feat xlink:href="#pos_152" value="N"/><!-- ϩⲙϩⲁⲗ -->
<feat xlink:href="#pos_153" value="APST"/><!-- ⲁ -->
<feat xlink:href="#pos_154" value="PPERS"/><!-- ⲥ -->
<feat xlink:href="#pos_155" value="V"/><!-- ⲛⲧ -->
<feat xlink:href="#pos_156" value="PPERO"/><!-- ⲥ -->
<feat xlink:href="#pos_157" value="APST"/><!-- ⲁ -->
<feat xlink:href="#pos_158" value="PPERS"/><!-- ⲥ -->
<feat xlink:href="#pos_159" value="V"/><!-- ⲟⲩⲱ...ⲛ -->
<feat xlink:href="#pos_161" value="PREP"/><!-- ⲉⲣⲟ -->
<feat xlink:href="#pos_162" value="PPERO"/><!-- ⲥ -->
<feat xlink:href="#pos_163" value="APST"/><!-- ⲁ -->
<feat xlink:href="#pos_164" value="PPERS"/><!-- ⲥ -->
<feat xlink:href="#pos_165" value="V"/><!-- ⲛⲁⲩ -->
<feat xlink:href="#pos_166" value="PREP"/><!-- ⲉ -->
<feat xlink:href="#pos_167" value="ART"/><!-- ⲡ -->
<feat xlink:href="#pos_168" value="N"/><!-- ϣⲏⲣⲉ -->
<feat xlink:href="#pos_169" value="N"/><!-- ϣⲏⲙ -->
<feat xlink:href="#pos_170" value="CCIRC"/><!-- ⲉ -->
<feat xlink:href="#pos_171" value="PPERS"/><!-- ϥ -->
<feat xlink:href="#pos_172" value="V"/><!-- ⲣⲓⲙⲉ -->
<feat xlink:href="#pos_173" value="PREP"/><!-- ϩⲛ -->
<feat xlink:href="#pos_174" value="N"/><!-- ⲧⲧⲁⲉⲓⲃⲉ -->
<feat xlink:href="#pos_175" value="APST"/><!-- ⲁ -->
<feat xlink:href="#pos_176" value="PPERS"/><!-- ⲥ -->
<feat xlink:href="#pos_177" value="V"/><!-- ϯ -->
<feat xlink:href="#pos_178" value="NUM"/><!-- ⲥⲟ -->
<feat xlink:href="#pos_179" value="PTC"/><!-- ⲇⲉ -->
<feat xlink:href="#pos_180" value="PREP"/><!-- ⲉⲣⲟ -->
<feat xlink:href="#pos_181" value="PPERO"/><!-- ϥ -->
<feat xlink:href="#pos_182" value="PTC"/><!-- ⲛϭⲓ -->
<feat xlink:href="#pos_183" value="ART"/><!-- ⲧ -->
<feat xlink:href="#pos_184" value="N"/><!-- ϣⲉⲉⲣⲉ -->
<feat xlink:href="#pos_185" value="PREP"/><!-- ⲙ -->
<feat xlink:href="#pos_186" value="NPROP"/><!-- ⲫⲁⲣⲁⲱ -->
<feat xlink:href="#pos_187" value="CCIRC"/><!-- ⲉ -->
<feat xlink:href="#pos_188" value="PPERS"/><!-- ⲥ -->
<feat xlink:href="#pos_189" value="V"/><!-- ϫⲱ -->
<feat xlink:href="#pos_190" value="PREP"/><!-- ⲙⲙⲟ -->
<feat xlink:href="#pos_191" value="PPERO"/><!-- ⲥ -->
<feat xlink:href="#pos_192" value="CONJ"/><!-- ϫⲉ -->
<feat xlink:href="#pos_193" value="PINT"/><!-- ⲟⲩ -->
<feat xlink:href="#pos_194" value="ADV"/><!-- ⲉⲃⲟⲗ -->
<feat xlink:href="#pos_195" value="PREP"/><!-- ϩⲛ -->
<feat xlink:href="#pos_196" value="ART"/><!-- ⲛ -->
<feat xlink:href="#pos_197" value="N"/><!-- ϣⲏⲣⲉ -->
<feat xlink:href="#pos_198" value="PREP"/><!-- ⲛ -->
<feat xlink:href="#pos_199" value="ART"/><!-- ⲛ -->
<feat xlink:href="#pos_200" value="N"/><!-- ϩⲉⲃⲣⲁⲓⲟⲥ -->
<feat xlink:href="#pos_201" value="COP"/><!-- ⲡⲉ -->
<feat xlink:href="#pos_202" value="PDEM"/><!-- ⲡⲁⲓ -->
<feat xlink:href="#pos_203" value="VBD"/><!-- ⲡⲉϫⲉ -->
<feat xlink:href="#pos_204" value="PPOS"/><!-- ⲧⲉϥ -->
<feat xlink:href="#pos_205" value="N"/><!-- ⲥⲱⲛⲉ -->
<feat xlink:href="#pos_206" value="PREP"/><!-- ⲛ -->
<feat xlink:href="#pos_207" value="ART"/><!-- ⲧ -->
<feat xlink:href="#pos_208" value="N"/><!-- ϣⲉⲉⲣⲉ -->
<feat xlink:href="#pos_209" value="PREP"/><!-- ⲙ -->
<feat xlink:href="#pos_210" value="NPROP"/><!-- ⲫⲁⲣⲁⲱ -->
<feat xlink:href="#pos_211" value="CONJ"/><!-- ϫⲉ -->
<feat xlink:href="#pos_212" value="ART"/><!-- ⲧⲉ -->
<feat xlink:href="#pos_213" value="N"/><!-- ⲟⲩⲱϣ -->
<feat xlink:href="#pos_214" value="PREP"/><!-- ⲉ -->
<feat xlink:href="#pos_215" value="ART"/><!-- ⲧ -->
<feat xlink:href="#pos_216" value="N"/><!-- ⲣ -->
<feat xlink:href="#pos_217" value="VIMP"/><!-- ⲁⲙⲟⲩⲧⲉ -->
<feat xlink:href="#pos_218" value="COP"/><!-- ⲛⲉ -->
<feat xlink:href="#pos_219" value="PREP"/><!-- ⲉ -->
<feat xlink:href="#pos_220" value="ART"/><!-- ⲩ -->
<feat xlink:href="#pos_221" value="N"/><!-- ⲥϩⲓⲙⲉ -->
<feat xlink:href="#pos_222" value="N"/><!-- ⲙⲙⲟⲛⲉ -->
<feat xlink:href="#pos_223" value="ADV"/><!-- ⲉⲃⲟⲗ -->
<feat xlink:href="#pos_224" value="PREP"/><!-- ϩⲛ -->
<feat xlink:href="#pos_225" value="ART"/><!-- ⲛ -->
<feat xlink:href="#pos_226" value="N"/><!-- ϩⲉⲃⲣⲁⲓⲟⲥ -->
<feat xlink:href="#pos_227" value="ACONJ"/><!-- ⲛ -->
<feat xlink:href="#pos_228" value="PPERS"/><!-- ⲥ -->
<feat xlink:href="#pos_229" value="V"/><!-- ⲧⲥⲛⲕⲟ -->
<feat xlink:href="#pos_230" value="COP"/><!-- ⲛⲉ -->
<feat xlink:href="#pos_231" value="PREP"/><!-- ⲙ -->
<feat xlink:href="#pos_232" value="ART"/><!-- ⲡ -->
<feat xlink:href="#pos_233" value="N"/><!-- ϣⲏⲣⲉ -->
<feat xlink:href="#pos_234" value="N"/><!-- ϣⲏⲙ -->
<feat xlink:href="#pos_235" value="VBD"/><!-- ⲡⲉϫⲁ -->
<feat xlink:href="#pos_236" value="PPERS"/><!-- ⲥ -->
<feat xlink:href="#pos_237" value="PREP"/><!-- ⲛⲁ -->
<feat xlink:href="#pos_238" value="PPERO"/><!-- ⲥ -->
<feat xlink:href="#pos_239" value="PTC"/><!-- ⲛϭⲓ -->
<feat xlink:href="#pos_240" value="ART"/><!-- ⲧ -->
<feat xlink:href="#pos_241" value="N"/><!-- ϣⲉⲉⲣⲉ -->
<feat xlink:href="#pos_242" value="PREP"/><!-- ⲙ -->
<feat xlink:href="#pos_243" value="NPROP"/><!-- ⲫⲁⲣⲁⲱ -->
<feat xlink:href="#pos_244" value="CONJ"/><!-- ϫⲉ -->
<feat xlink:href="#pos_245" value="VIMP"/><!-- ⲃⲱⲕ -->
<feat xlink:href="#pos_246" value="APST"/><!-- ⲁ -->
<feat xlink:href="#pos_247" value="ART"/><!-- ⲧ -->
<feat xlink:href="#pos_248" value="N"/><!-- ϣⲉⲉⲣⲉ -->
<feat xlink:href="#pos_249" value="PTC"/><!-- ⲇⲉ -->
<feat xlink:href="#pos_250" value="N"/><!-- ϣⲏⲙ -->
<feat xlink:href="#pos_251" value="V"/><!-- ⲃⲱⲕ -->
<feat xlink:href="#pos_252" value="APST"/><!-- ⲁ -->
<feat xlink:href="#pos_253" value="PPERS"/><!-- ⲥ -->
<feat xlink:href="#pos_254" value="V"/><!-- ⲙⲟⲩⲧⲉ -->
<feat xlink:href="#pos_255" value="PREP"/><!-- ⲉ -->
<feat xlink:href="#pos_256" value="ART"/><!-- ⲧ -->
<feat xlink:href="#pos_257" value="N"/><!-- ⲙⲁⲁⲩ -->
<feat xlink:href="#pos_258" value="PREP"/><!-- ⲙ -->
<feat xlink:href="#pos_259" value="ART"/><!-- ⲡ -->
<feat xlink:href="#pos_260" value="N"/><!-- ϣⲏⲣⲉ -->
<feat xlink:href="#pos_261" value="N"/><!-- ϣⲏⲙ -->
<feat xlink:href="#pos_262" value="VBD"/><!-- ⲡⲉϫⲁ -->
<feat xlink:href="#pos_263" value="PPERS"/><!-- ⲥ -->
<feat xlink:href="#pos_264" value="PREP"/><!-- ⲛⲁ -->
<feat xlink:href="#pos_265" value="PPERO"/><!-- ⲥ -->
<feat xlink:href="#pos_266" value="PTC"/><!-- ⲛϭⲓ -->
<feat xlink:href="#pos_267" value="ART"/><!-- ⲧ -->
<feat xlink:href="#pos_268" value="N"/><!-- ϣⲉⲉⲣⲉ -->
<feat xlink:href="#pos_269" value="PREP"/><!-- ⲙ -->
<feat xlink:href="#pos_270" value="NPROP"/><!-- ⲫⲁⲣⲁⲱ -->
<feat xlink:href="#pos_271" value="CONJ"/><!-- ϫⲉ -->
<feat xlink:href="#pos_272" value="V"/><!-- ϩⲁⲣⲉϩ -->
<feat xlink:href="#pos_273" value="N"/><!-- ⲉⲡⲉⲉⲓϣⲏⲣⲉ -->
<feat xlink:href="#pos_274" value="N"/><!-- ϣⲏⲙ -->
<feat xlink:href="#pos_275" value="ACONJ"/><!-- ⲛ -->
<feat xlink:href="#pos_276" value="PPERS"/><!-- ⲧⲉ -->
<feat xlink:href="#pos_277" value="V"/><!-- ⲧⲥⲛⲕⲟ -->
<feat xlink:href="#pos_278" value="N"/><!-- ⲛⲙⲟϥ -->
<feat xlink:href="#pos_279" value="FUT"/><!-- ⲛⲁ -->
<feat xlink:href="#pos_280" value="V"/><!-- ⲉⲓ -->
<feat xlink:href="#pos_281" value="PPERI"/><!-- ⲁⲛⲟⲕ -->
<feat xlink:href="#pos_282" value="PTC"/><!-- ⲇⲉ -->
<feat xlink:href="#pos_283" value="PPERS"/><!-- ϯ -->
<feat xlink:href="#pos_284" value="FUT"/><!-- ⲛⲁ -->
<feat xlink:href="#pos_285" value="V"/><!-- ϯ -->
<feat xlink:href="#pos_286" value="COP"/><!-- ⲛⲉ -->
<feat xlink:href="#pos_287" value="PREP"/><!-- ⲙ -->
<feat xlink:href="#pos_288" value="PPOS"/><!-- ⲡⲟⲩ -->
<feat xlink:href="#pos_289" value="N"/><!-- ⲃⲉⲕⲉ -->
<feat xlink:href="#pos_290" value="APST"/><!-- ⲁ -->
<feat xlink:href="#pos_291" value="ART"/><!-- ⲧⲉ -->
<feat xlink:href="#pos_292" value="N"/><!-- ⲥϩⲓⲙⲉ -->
<feat xlink:href="#pos_293" value="N"/><!-- ⲛⲇⲉ -->
<feat xlink:href="#pos_294" value="V"/><!-- ϫⲓ -->
<feat xlink:href="#pos_295" value="PREP"/><!-- ⲙ -->
<feat xlink:href="#pos_296" value="ART"/><!-- ⲡ -->
<feat xlink:href="#pos_297" value="N"/><!-- ϣⲏⲣⲉ -->
<feat xlink:href="#pos_298" value="N"/><!-- ϣⲏⲙ -->
<feat xlink:href="#pos_299" value="APST"/><!-- ⲁ -->
<feat xlink:href="#pos_300" value="PPERS"/><!-- ⲥ -->
<feat xlink:href="#pos_301" value="V"/><!-- ⲧⲥⲛⲕⲟ -->
<feat xlink:href="#pos_302" value="PPERO"/><!-- ϥ -->
<feat xlink:href="#pos_303" value="PREP"/><!-- ⲛⲧⲉ -->
<feat xlink:href="#pos_304" value="V"/><!-- ⲣⲉϥ...ⲣ -->
<feat xlink:href="#pos_306" value="N"/><!-- ⲛⲟϭ -->
<feat xlink:href="#pos_307" value="V"/><!-- ⲛⲇⲉ -->
<feat xlink:href="#pos_308" value="PTC"/><!-- ⲛϭⲓ -->
<feat xlink:href="#pos_309" value="ART"/><!-- ⲡ -->
<feat xlink:href="#pos_310" value="N"/><!-- ϣⲏⲣⲉ -->
<feat xlink:href="#pos_311" value="N"/><!-- ϣⲏⲙ -->
<feat xlink:href="#pos_312" value="APST"/><!-- ⲁ -->
<feat xlink:href="#pos_313" value="PPERS"/><!-- ⲥ -->
<feat xlink:href="#pos_314" value="V"/><!-- ϫⲓ -->
<feat xlink:href="#pos_315" value="PREP"/><!-- ⲙⲙⲟ -->
<feat xlink:href="#pos_316" value="PPERO"/><!-- ϥ -->
<feat xlink:href="#pos_317" value="ADV"/><!-- ⲉϩⲟⲩⲛ -->
<feat xlink:href="#pos_318" value="PREP"/><!-- ϣⲁ -->
<feat xlink:href="#pos_319" value="ART"/><!-- ⲧ -->
<feat xlink:href="#pos_320" value="N"/><!-- ϣⲉⲉⲣⲉ -->
<feat xlink:href="#pos_321" value="PREP"/><!-- ⲙ -->
<feat xlink:href="#pos_322" value="NPROP"/><!-- ⲫⲁⲣⲁⲱ -->
<feat xlink:href="#pos_323" value="APST"/><!-- ⲁ -->
<feat xlink:href="#pos_324" value="PPERS"/><!-- ϥ -->
<feat xlink:href="#pos_325" value="V"/><!-- ϣⲱⲡⲉ -->
<feat xlink:href="#pos_326" value="PREP"/><!-- ⲛⲁ -->
<feat xlink:href="#pos_327" value="PPERO"/><!-- ⲥ -->
<feat xlink:href="#pos_328" value="PREP"/><!-- ⲉ -->
<feat xlink:href="#pos_329" value="ART"/><!-- ⲩ -->
<feat xlink:href="#pos_330" value="N"/><!-- ϣⲏⲣⲉ -->
<feat xlink:href="#pos_331" value="APST"/><!-- ⲁ -->
<feat xlink:href="#pos_332" value="PPERS"/><!-- ⲥ -->
<feat xlink:href="#pos_333" value="V"/><!-- ⲙⲟⲩⲧⲉ -->
<feat xlink:href="#pos_334" value="PREP"/><!-- ⲉ -->
<feat xlink:href="#pos_335" value="PPOS"/><!-- ⲡⲉϥ -->
<feat xlink:href="#pos_336" value="N"/><!-- ⲣⲁⲛ -->
<feat xlink:href="#pos_337" value="CONJ"/><!-- ϫⲉ -->
<feat xlink:href="#pos_338" value="NPROP"/><!-- ⲙⲱⲩⲥⲏⲥ -->
<feat xlink:href="#pos_339" value="CCIRC"/><!-- ⲉ -->
<feat xlink:href="#pos_340" value="PPERS"/><!-- ⲥ -->
<feat xlink:href="#pos_341" value="V"/><!-- ϫⲱ -->
<feat xlink:href="#pos_342" value="PREP"/><!-- ⲙⲙⲟ -->
<feat xlink:href="#pos_343" value="PPERO"/><!-- ⲥ -->
<feat xlink:href="#pos_344" value="CONJ"/><!-- ϫⲉ -->
<feat xlink:href="#pos_345" value="V"/><!-- ⲛⲧⲁⲉⲓϥⲓⲧϥ -->
<feat xlink:href="#pos_346" value="ADV"/><!-- ⲉⲃⲟⲗ -->
<feat xlink:href="#pos_347" value="PREP"/><!-- ϩⲙ -->
<feat xlink:href="#pos_348" value="ART"/><!-- ⲡ -->
<feat xlink:href="#pos_349" value="NUM"/><!-- ⲙⲟⲟⲩ -->
<feat xlink:href="#pos_350" value="APST"/><!-- ⲁ -->
<feat xlink:href="#pos_351" value="PPERS"/><!-- ⲥ -->
<feat xlink:href="#pos_352" value="V"/><!-- ϣⲱⲡⲉ -->
<feat xlink:href="#pos_353" value="PTC"/><!-- ⲇⲉ -->
<feat xlink:href="#pos_354" value="PREP"/><!-- ϩⲛ -->
<feat xlink:href="#pos_355" value="ART"/><!-- ⲛⲉ -->
<feat xlink:href="#pos_356" value="N"/><!-- ϩⲟⲟⲩ -->
<feat xlink:href="#pos_357" value="CREL"/><!-- ⲉⲧ -->
<feat xlink:href="#pos_358" value="VBD"/><!-- ⲛⲁϣⲱ -->
<feat xlink:href="#pos_359" value="ART"/><!-- ⲟⲩ -->
<feat xlink:href="#pos_360" value="CREL"/><!-- ⲉⲧ -->
<feat xlink:href="#pos_361" value="ADV"/><!-- ⲙⲙⲁⲩ -->
<feat xlink:href="#pos_362" value="APREC"/><!-- ⲛⲧⲉⲣⲉ -->
<feat xlink:href="#pos_363" value="PPERS"/><!-- ϥ -->
<feat xlink:href="#pos_364" value="V"/><!-- ⲣ -->
<feat xlink:href="#pos_365" value="N"/><!-- ⲛⲟϭ -->
<feat xlink:href="#pos_366" value="PTC"/><!-- ⲛϭⲓ -->
<feat xlink:href="#pos_367" value="NPROP"/><!-- ⲙⲱⲩⲥⲏⲥ -->
<feat xlink:href="#pos_368" value="APST"/><!-- ⲁ -->
<feat xlink:href="#pos_369" value="PPERS"/><!-- ϥ -->
<feat xlink:href="#pos_370" value="V"/><!-- ⲉⲓ -->
<feat xlink:href="#pos_371" value="ADV"/><!-- ⲉⲃⲟⲗ -->
<feat xlink:href="#pos_372" value="PREP"/><!-- ϣⲁ -->
<feat xlink:href="#pos_373" value="PPOS"/><!-- ⲛⲉϥ -->
<feat xlink:href="#pos_374" value="N"/><!-- ⲥⲛⲏⲩ -->
<feat xlink:href="#pos_375" value="PREP"/><!-- ⲛ -->
<feat xlink:href="#pos_376" value="N"/><!-- ϣⲏⲣⲉ -->
<feat xlink:href="#pos_377" value="PREP"/><!-- ⲙ -->
<feat xlink:href="#pos_378" value="ART"/><!-- ⲡ -->
<feat xlink:href="#pos_379" value="NPROP"/><!-- ⲓⲥⲣⲁⲏⲗ -->
<feat xlink:href="#pos_380" value="APREC"/><!-- ⲛⲧⲉⲣⲉ -->
<feat xlink:href="#pos_381" value="PPERS"/><!-- ϥ -->
<feat xlink:href="#pos_382" value="V"/><!-- ϯ -->
<feat xlink:href="#pos_383" value="N"/><!-- ϩⲧⲏ -->
<feat xlink:href="#pos_384" value="PPERO"/><!-- ϥ -->
<feat xlink:href="#pos_385" value="PTC"/><!-- ⲇⲉ -->
<feat xlink:href="#pos_386" value="PREP"/><!-- ⲉ -->
<feat xlink:href="#pos_387" value="PPOS"/><!-- ⲡⲉⲩ -->
<feat xlink:href="#pos_388" value="N"/><!-- ϩⲓⲥⲉ -->
<feat xlink:href="#pos_389" value="APST"/><!-- ⲁ -->
<feat xlink:href="#pos_390" value="PPERS"/><!-- ϥ -->
<feat xlink:href="#pos_391" value="V"/><!-- ⲛⲁⲩ -->
<feat xlink:href="#pos_392" value="PREP"/><!-- ⲉ -->
<feat xlink:href="#pos_393" value="ART"/><!-- ⲩ -->
<feat xlink:href="#pos_394" value="N"/><!-- ⲣⲱⲙⲉ -->
<feat xlink:href="#pos_395" value="PREP"/><!-- ⲛ -->
<feat xlink:href="#pos_396" value="N"/><!-- ⲣⲙⲛⲕⲏⲙⲉ -->
<feat xlink:href="#pos_397" value="CCIRC"/><!-- ⲉ -->
<feat xlink:href="#pos_398" value="PPERS"/><!-- ϥ -->
<feat xlink:href="#pos_399" value="V"/><!-- ϩⲓⲟⲩⲉ -->
<feat xlink:href="#pos_400" value="PREP"/><!-- ⲉ -->
<feat xlink:href="#pos_401" value="ART"/><!-- ⲩ -->
<feat xlink:href="#pos_402" value="N"/><!-- ϩⲉⲃⲣⲁⲓⲟⲥ -->
<feat xlink:href="#pos_403" value="ADV"/><!-- ⲉⲃⲟⲗ -->
<feat xlink:href="#pos_404" value="PREP"/><!-- ϩⲛ -->
<feat xlink:href="#pos_405" value="PPOS"/><!-- ⲛⲉϥ -->
<feat xlink:href="#pos_406" value="N"/><!-- ⲥⲛⲏⲩ -->
<feat xlink:href="#pos_407" value="PREP"/><!-- ⲛ -->
<feat xlink:href="#pos_408" value="N"/><!-- ϣⲏⲣⲉ -->
<feat xlink:href="#pos_409" value="PREP"/><!-- ⲙ -->
<feat xlink:href="#pos_410" value="ART"/><!-- ⲡ -->
<feat xlink:href="#pos_411" value="NPROP"/><!-- ⲓⲥⲣⲁⲏⲗ -->
<feat xlink:href="#pos_412" value="APST"/><!-- ⲁ -->
<feat xlink:href="#pos_413" value="PPERS"/><!-- ϥ -->
<feat xlink:href="#pos_414" value="V"/><!-- ϭⲱϣⲧ -->
<feat xlink:href="#pos_415" value="PTC"/><!-- ⲇⲉ -->
<feat xlink:href="#pos_416" value="PREP"/><!-- ⲉ -->
<feat xlink:href="#pos_417" value="PDEM"/><!-- ⲡⲓ -->
<feat xlink:href="#pos_418" value="N"/><!-- ⲥⲁ -->
<feat xlink:href="#pos_419" value="PREP"/><!-- ⲙⲛ -->
<feat xlink:href="#pos_420" value="PDEM"/><!-- ⲡⲁⲓ -->
<feat xlink:href="#pos_421" value="ANEGPST"/><!-- ⲙⲡ -->
<feat xlink:href="#pos_422" value="PPERS"/><!-- ϥ -->
<feat xlink:href="#pos_423" value="V"/><!-- ⲛⲁⲩ -->
<feat xlink:href="#pos_424" value="PREP"/><!-- ⲉ -->
<feat xlink:href="#pos_425" value="N"/><!-- ⲗⲁⲁⲩ -->
<feat xlink:href="#pos_426" value="APST"/><!-- ⲁ -->
<feat xlink:href="#pos_427" value="PPERS"/><!-- ϥ -->
<feat xlink:href="#pos_428" value="V"/><!-- ϩⲱⲧⲃ -->
<feat xlink:href="#pos_429" value="PREP"/><!-- ⲙ -->
<feat xlink:href="#pos_430" value="ART"/><!-- ⲡ -->
<feat xlink:href="#pos_431" value="N"/><!-- ⲣⲙⲛⲕⲏⲙⲉ -->
<feat xlink:href="#pos_432" value="APST"/><!-- ⲁ -->
<feat xlink:href="#pos_433" value="PPERS"/><!-- ϥ -->
<feat xlink:href="#pos_434" value="V"/><!-- ϩⲟⲡ -->
<feat xlink:href="#pos_435" value="PPERO"/><!-- ϥ -->
<feat xlink:href="#pos_436" value="PREP"/><!-- ϩⲙ -->
<feat xlink:href="#pos_437" value="ART"/><!-- ⲡ -->
<feat xlink:href="#pos_438" value="N"/><!-- ϣⲱ -->
<feat xlink:href="#pos_439" value="APST"/><!-- ⲁ -->
<feat xlink:href="#pos_440" value="PPERS"/><!-- ϥ -->
<feat xlink:href="#pos_441" value="V"/><!-- ⲉⲓ -->
<feat xlink:href="#pos_442" value="N"/><!-- ⲛⲇⲉ -->
<feat xlink:href="#pos_443" value="ADV"/><!-- ⲉⲃⲟⲗ -->
<feat xlink:href="#pos_444" value="PREP"/><!-- ⲙ -->
<feat xlink:href="#pos_445" value="PPOS"/><!-- ⲡⲉϥ -->
<feat xlink:href="#pos_446" value="N"/><!-- ⲣⲁⲥⲧⲉ -->
<feat xlink:href="#pos_447" value="APST"/><!-- ⲁ -->
<feat xlink:href="#pos_448" value="PPERS"/><!-- ϥ -->
<feat xlink:href="#pos_449" value="V"/><!-- ⲛⲁⲩ -->
<feat xlink:href="#pos_450" value="PREP"/><!-- ⲉ -->
<feat xlink:href="#pos_451" value="N"/><!-- ⲣⲱⲙⲉ -->
<feat xlink:href="#pos_452" value="NUM"/><!-- ⲥⲛⲁⲩ -->
<feat xlink:href="#pos_453" value="PREP"/><!-- ⲛ -->
<feat xlink:href="#pos_454" value="N"/><!-- ϩⲉⲃⲣⲁⲓⲟⲥ -->
<feat xlink:href="#pos_455" value="CCIRC"/><!-- ⲉ -->
<feat xlink:href="#pos_456" value="PPERS"/><!-- ⲩ -->
<feat xlink:href="#pos_457" value="V"/><!-- ⲙⲓϣⲉ -->
<feat xlink:href="#pos_458" value="PREP"/><!-- ⲙⲛ -->
<feat xlink:href="#pos_459" value="PPOS"/><!-- ⲛⲉⲩ -->
<feat xlink:href="#pos_460" value="N"/><!-- ⲉⲣⲏⲩ -->
<feat xlink:href="#pos_461" value="VBD"/><!-- ⲡⲉϫⲁ -->
<feat xlink:href="#pos_462" value="PPERS"/><!-- ϥ -->
<feat xlink:href="#pos_463" value="PREP"/><!-- ⲙ -->
<feat xlink:href="#pos_464" value="ART"/><!-- ⲡ -->
<feat xlink:href="#pos_465" value="CREL"/><!-- ⲉⲧ -->
<feat xlink:href="#pos_466" value="V"/><!-- ϫⲓ -->
<feat xlink:href="#pos_467" value="PREP"/><!-- ⲛ -->
<feat xlink:href="#pos_468" value="N"/><!-- ϭⲟⲛⲥ -->
<feat xlink:href="#pos_469" value="CONJ"/><!-- ϫⲉ -->
<feat xlink:href="#pos_470" value="PREP"/><!-- ⲉⲧⲃⲉ -->
<feat xlink:href="#pos_471" value="PPERO"/><!-- ⲟⲩ -->
<feat xlink:href="#pos_472" value="PPERS"/><!-- ⲕ -->
<feat xlink:href="#pos_473" value="V"/><!-- ϩⲓⲟⲩⲉ -->
<feat xlink:href="#pos_474" value="PREP"/><!-- ⲉ -->
<feat xlink:href="#pos_475" value="ART"/><!-- ⲡ -->
<feat xlink:href="#pos_476" value="CREL"/><!-- ⲉⲧ -->
<feat xlink:href="#pos_477" value="PREP"/><!-- ϩⲓⲧⲟⲩⲱ -->
<feat xlink:href="#pos_478" value="PPERO"/><!-- ⲕ -->
<feat xlink:href="#pos_479" value="PPERI"/><!-- ⲛⲧⲟϥ -->
<feat xlink:href="#pos_480" value="PTC"/><!-- ⲇⲉ -->
<feat xlink:href="#pos_481" value="VBD"/><!-- ⲡⲉϫⲁ -->
<feat xlink:href="#pos_482" value="PPERS"/><!-- ϥ -->
<feat xlink:href="#pos_483" value="V"/><!-- ⲛⲁϥϫⲉ -->
<feat xlink:href="#pos_484" value="PINT"/><!-- ⲛⲓⲙ -->
<feat xlink:href="#pos_485" value="COP"/><!-- ⲡⲉ -->
<feat xlink:href="#pos_486" value="CREL"/><!-- ⲛⲧ -->
<feat xlink:href="#pos_487" value="APST"/><!-- ⲁ -->
<feat xlink:href="#pos_488" value="PPERS"/><!-- ϥ -->
<feat xlink:href="#pos_489" value="V"/><!-- ⲕⲁⲑⲓⲥⲧⲁ -->
<feat xlink:href="#pos_490" value="PREP"/><!-- ⲙⲙⲟ -->
<feat xlink:href="#pos_491" value="PPERO"/><!-- ⲕ -->
<feat xlink:href="#pos_492" value="PREP"/><!-- ⲛ -->
<feat xlink:href="#pos_493" value="N"/><!-- ⲁⲣⲭⲱⲛ -->
<feat xlink:href="#pos_494" value="CONJ"/><!-- ⲁⲩⲱ -->
<feat xlink:href="#pos_495" value="ART"/><!-- ⲛ -->
<feat xlink:href="#pos_496" value="N"/><!-- ⲣⲉϥ...ϯ -->
<feat xlink:href="#pos_498" value="PREP"/><!-- ϩⲁ -->
<feat xlink:href="#pos_499" value="ART"/><!-- ⲡ -->
<feat xlink:href="#pos_500" value="N"/><!-- ⲉϩⲣⲁⲓ -->
<feat xlink:href="#pos_501" value="PREP"/><!-- ⲉϫⲱ -->
<feat xlink:href="#pos_502" value="PPERO"/><!-- ⲛ -->
<feat xlink:href="#pos_503" value="CONJ"/><!-- ⲙⲏ -->
<feat xlink:href="#pos_504" value="CFOC"/><!-- ⲉ -->
<feat xlink:href="#pos_505" value="PPERS"/><!-- ⲕ -->
<feat xlink:href="#pos_506" value="V"/><!-- ⲟⲩⲱϣ -->
<feat xlink:href="#pos_507" value="PPERI"/><!-- ⲛⲧⲟⲕ -->
<feat xlink:href="#pos_508" value="CCIRC"/><!-- ⲉ -->
<feat xlink:href="#pos_509" value="V"/><!-- ϩⲟⲧⲃⲉ -->
<feat xlink:href="#pos_510" value="PPERO"/><!-- ⲧ -->
<feat xlink:href="#pos_511" value="PREP"/><!-- ⲛ -->
<feat xlink:href="#pos_512" value="ART"/><!-- ⲑ -->
<feat xlink:href="#pos_513" value="N"/><!-- ⲉ -->
<feat xlink:href="#pos_514" value="CREL"/><!-- ⲛⲧ -->
<feat xlink:href="#pos_515" value="APST"/><!-- ⲁ -->
<feat xlink:href="#pos_516" value="PPERS"/><!-- ⲕ -->
<feat xlink:href="#pos_517" value="V"/><!-- ϩⲱⲧⲃ -->
<feat xlink:href="#pos_518" value="PREP"/><!-- ⲙ -->
<feat xlink:href="#pos_519" value="ART"/><!-- ⲡ -->
<feat xlink:href="#pos_520" value="N"/><!-- ⲣⲙⲛⲕⲏⲙⲉ -->
<feat xlink:href="#pos_521" value="ADV"/><!-- ⲛⲥⲁϥ -->
<feat xlink:href="#pos_522" value="APST"/><!-- ⲁ -->
<feat xlink:href="#pos_523" value="PPERS"/><!-- ϥ -->
<feat xlink:href="#pos_524" value="V"/><!-- ⲣ -->
<feat xlink:href="#pos_525" value="N"/><!-- ϩⲟⲧⲉ -->
<feat xlink:href="#pos_526" value="PTC"/><!-- ⲇⲉ -->
<feat xlink:href="#pos_527" value="PTC"/><!-- ⲛϭⲓ -->
<feat xlink:href="#pos_528" value="NPROP"/><!-- ⲙⲱⲩⲥⲏⲥ -->
<feat xlink:href="#pos_529" value="CCIRC"/><!-- ⲉ -->
<feat xlink:href="#pos_530" value="PPERS"/><!-- ϥ -->
<feat xlink:href="#pos_531" value="V"/><!-- ϫⲱ -->
<feat xlink:href="#pos_532" value="PREP"/><!-- ⲙⲙⲟ -->
<feat xlink:href="#pos_533" value="PPERO"/><!-- ⲥ -->
<feat xlink:href="#pos_534" value="CONJ"/><!-- ϫⲉ -->
<feat xlink:href="#pos_535" value="N"/><!-- ⲉⲉⲓⲉ -->
<feat xlink:href="#pos_536" value="APST"/><!-- ⲁ -->
<feat xlink:href="#pos_537" value="ART"/><!-- ⲡ -->
<feat xlink:href="#pos_538" value="N"/><!-- ϣⲁ -->
<feat xlink:href="#pos_539" value="CONJ"/><!-- ϫⲉ -->
<feat xlink:href="#pos_540" value="V"/><!-- ⲟⲩⲱ...ⲛⲉϩ -->
<feat xlink:href="#pos_542" value="ADV"/><!-- ⲉⲃⲟⲗ -->
<feat xlink:href="#pos_543" value="N"/><!-- ⲛⲧⲉⲉⲓϩⲉ -->
<feat xlink:href="#pos_544" value="APST"/><!-- ⲁ -->
<feat xlink:href="#pos_545" value="NPROP"/><!-- ⲫⲁⲣⲁⲱ -->
<feat xlink:href="#pos_546" value="V"/><!-- ⲥⲱⲧⲙ -->
<feat xlink:href="#pos_547" value="N"/><!-- ⲉⲡⲉⲉⲓϣⲁϫⲉ -->
<feat xlink:href="#pos_548" value="APST"/><!-- ⲁ -->
<feat xlink:href="#pos_549" value="PPERS"/><!-- ϥ -->
<feat xlink:href="#pos_550" value="V"/><!-- ϣⲓⲛⲉ -->
<feat xlink:href="#pos_551" value="PREP"/><!-- ⲛⲥⲁ -->
<feat xlink:href="#pos_552" value="V"/><!-- ϩⲱⲧⲃ -->
<feat xlink:href="#pos_553" value="PREP"/><!-- ⲙ -->
<feat xlink:href="#pos_554" value="NPROP"/><!-- ⲙⲱⲩⲥⲏⲥ -->
<feat xlink:href="#pos_555" value="APST"/><!-- ⲁ -->
<feat xlink:href="#pos_556" value="PPERS"/><!-- ϥ -->
<feat xlink:href="#pos_557" value="V"/><!-- ⲡⲱⲧ -->
<feat xlink:href="#pos_558" value="N"/><!-- ⲛⲇⲉ -->
<feat xlink:href="#pos_559" value="PTC"/><!-- ⲛϭⲓ -->
<feat xlink:href="#pos_560" value="NPROP"/><!-- ⲙⲱⲩⲥⲏⲥ -->
<feat xlink:href="#pos_561" value="PREP"/><!-- ⲛⲛⲁϩⲣⲛ -->
<feat xlink:href="#pos_562" value="ART"/><!-- ⲡ -->
<feat xlink:href="#pos_563" value="N"/><!-- ϩⲟ -->
<feat xlink:href="#pos_564" value="PREP"/><!-- ⲙ -->
<feat xlink:href="#pos_565" value="NPROP"/><!-- ⲫⲁⲣⲁⲱ -->
<feat xlink:href="#pos_566" value="APST"/><!-- ⲁ -->
<feat xlink:href="#pos_567" value="PPERS"/><!-- ϥ -->
<feat xlink:href="#pos_568" value="V"/><!-- ⲟⲩⲱϩ -->
<feat xlink:href="#pos_569" value="ADV"/><!-- ⲉϩⲣⲁⲓ -->
<feat xlink:href="#pos_570" value="PREP"/><!-- ⲉϫⲙ -->
<feat xlink:href="#pos_571" value="ART"/><!-- ⲡ -->
<feat xlink:href="#pos_572" value="N"/><!-- ⲕⲁϩ -->
<feat xlink:href="#pos_573" value="NPROP"/><!-- ⲙⲙⲁⲇⲓϩⲁⲙ -->
<feat xlink:href="#pos_574" value="APST"/><!-- ⲁ -->
<feat xlink:href="#pos_575" value="PPERS"/><!-- ϥ -->
<feat xlink:href="#pos_576" value="V"/><!-- ϩⲙⲟⲟⲥ -->
<feat xlink:href="#pos_577" value="ADV"/><!-- ⲉϩⲣⲁⲓ -->
<feat xlink:href="#pos_578" value="PREP"/><!-- ⲉϫⲛ -->
<feat xlink:href="#pos_579" value="V"/><!-- ⲧϣⲱⲧⲉ -->
<feat xlink:href="#pos_580" value="ART"/><!-- ⲡ -->
<feat xlink:href="#pos_581" value="N"/><!-- ⲟⲩⲏⲏⲃ -->
<feat xlink:href="#pos_582" value="N"/><!-- ⲛⲇⲉ -->
<feat xlink:href="#pos_583" value="NPROP"/><!-- ⲙⲙⲁⲇⲓϩⲁⲙ -->
<feat xlink:href="#pos_584" value="CPRET"/><!-- ⲛⲉ -->
<feat xlink:href="#pos_585" value="PPERS"/><!-- ⲩ -->
<feat xlink:href="#pos_586" value="PREP"/><!-- ⲛ -->
<feat xlink:href="#pos_587" value="ART"/><!-- ⲧ -->
<feat xlink:href="#pos_588" value="N"/><!-- ⲁϥ -->
<feat xlink:href="#pos_589" value="ADV"/><!-- ⲙⲙⲁⲩ -->
<feat xlink:href="#pos_590" value="PREP"/><!-- ⲛ -->
<feat xlink:href="#pos_591" value="N"/><!-- ⲥⲁϣϥⲉ -->
<feat xlink:href="#pos_592" value="PREP"/><!-- ⲛ -->
<feat xlink:href="#pos_593" value="N"/><!-- ϣⲉⲉⲣⲉ -->
<feat xlink:href="#pos_594" value="CCIRC"/><!-- ⲉ -->
<feat xlink:href="#pos_595" value="PPERS"/><!-- ⲩ -->
<feat xlink:href="#pos_596" value="V"/><!-- ⲙⲟⲟⲛⲉ -->
<feat xlink:href="#pos_597" value="PREP"/><!-- ⲛ -->
<feat xlink:href="#pos_598" value="ART"/><!-- ⲛ -->
<feat xlink:href="#pos_599" value="N"/><!-- ⲉⲥⲟⲟⲩ -->
<feat xlink:href="#pos_600" value="PREP"/><!-- ⲙ -->
<feat xlink:href="#pos_601" value="PPOS"/><!-- ⲡⲉⲩ -->
<feat xlink:href="#pos_602" value="N"/><!-- ⲉⲓⲱⲧ -->
<feat xlink:href="#pos_603" value="APST"/><!-- ⲁ -->
<feat xlink:href="#pos_604" value="PPERS"/><!-- ⲩ -->
<feat xlink:href="#pos_605" value="V"/><!-- ⲉⲓ -->
<feat xlink:href="#pos_606" value="N"/><!-- ⲛⲇⲉ -->
<feat xlink:href="#pos_607" value="APST"/><!-- ⲁ -->
<feat xlink:href="#pos_608" value="PPERS"/><!-- ⲩ -->
<feat xlink:href="#pos_609" value="V"/><!-- ⲥⲱⲕ -->
<feat xlink:href="#pos_610" value="ALIM"/><!-- ϣⲁⲛⲧ -->
<feat xlink:href="#pos_611" value="PPERS"/><!-- ⲟⲩ -->
<feat xlink:href="#pos_612" value="V"/><!-- ⲙⲟⲩϩ -->
<feat xlink:href="#pos_613" value="N"/><!-- ⲛⲧϭⲱⲧ -->
<feat xlink:href="#pos_614" value="ACONJ"/><!-- ⲛ -->
<feat xlink:href="#pos_615" value="PPERS"/><!-- ⲥⲉ -->
<feat xlink:href="#pos_616" value="V"/><!-- ⲧⲥⲟ -->
<feat xlink:href="#pos_617" value="PREP"/><!-- ⲛ -->
<feat xlink:href="#pos_618" value="ART"/><!-- ⲛ -->
<feat xlink:href="#pos_619" value="N"/><!-- ⲉⲥⲟⲟⲩ -->
<feat xlink:href="#pos_620" value="PREP"/><!-- ⲙ -->
<feat xlink:href="#pos_621" value="PPOS"/><!-- ⲡⲉⲩ -->
<feat xlink:href="#pos_622" value="N"/><!-- ⲉⲓⲱⲧ -->
<feat xlink:href="#pos_623" value="NPROP"/><!-- ⲓⲟⲑⲟⲣ -->
<feat xlink:href="#pos_624" value="APST"/><!-- ⲁ -->
<feat xlink:href="#pos_625" value="ART"/><!-- ⲛ -->
<feat xlink:href="#pos_626" value="N"/><!-- ϣⲟⲟⲥ -->
<feat xlink:href="#pos_627" value="N"/><!-- ⲛⲇⲉ -->
<feat xlink:href="#pos_628" value="V"/><!-- ⲉⲓ -->
<feat xlink:href="#pos_629" value="APST"/><!-- ⲁ -->
<feat xlink:href="#pos_630" value="PPERS"/><!-- ⲩ -->
<feat xlink:href="#pos_631" value="V"/><!-- ⲛⲟϫ -->
<feat xlink:href="#pos_632" value="PPERO"/><!-- ⲟⲩ -->
<feat xlink:href="#pos_633" value="ADV"/><!-- ⲉⲃⲟⲗ -->
<feat xlink:href="#pos_634" value="APST"/><!-- ⲁ -->
<feat xlink:href="#pos_635" value="PPERS"/><!-- ϥ -->
<feat xlink:href="#pos_636" value="V"/><!-- ⲧⲱⲟⲩⲛ -->
<feat xlink:href="#pos_637" value="N"/><!-- ⲛⲇⲉ -->
<feat xlink:href="#pos_638" value="PTC"/><!-- ⲛϭⲓ -->
<feat xlink:href="#pos_639" value="NPROP"/><!-- ⲙⲱⲩⲥⲏⲥ -->
<feat xlink:href="#pos_640" value="APST"/><!-- ⲁ -->
<feat xlink:href="#pos_641" value="PPERS"/><!-- ϥ -->
<feat xlink:href="#pos_642" value="V"/><!-- ⲛⲁϩⲙⲟⲩ -->
<feat xlink:href="#pos_643" value="PREP"/><!-- ⲙⲛ -->
<feat xlink:href="#pos_644" value="PPOS"/><!-- ⲛⲉⲩ -->
<feat xlink:href="#pos_645" value="N"/><!-- ⲉⲥⲟⲟⲩ -->
<feat xlink:href="#pos_646" value="ADV"/><!-- ⲉⲃⲟⲗ -->
<feat xlink:href="#pos_647" value="PREP"/><!-- ϩⲓ -->
<feat xlink:href="#pos_648" value="N"/><!-- ⲧⲟⲟⲧ -->
<feat xlink:href="#pos_649" value="PINT"/><!-- ⲟⲩ -->
<feat xlink:href="#pos_650" value="PREP"/><!-- ⲛ -->
<feat xlink:href="#pos_651" value="ART"/><!-- ⲛ -->
<feat xlink:href="#pos_652" value="N"/><!-- ϣⲟⲟⲥ -->
<feat xlink:href="#pos_653" value="V"/><!-- ⲁϥⲥⲕ -->
<feat xlink:href="#pos_654" value="PPERO"/><!-- ⲙⲟⲟⲩ -->
<feat xlink:href="#pos_655" value="PREP"/><!-- ⲛⲁ -->
<feat xlink:href="#pos_656" value="PPERO"/><!-- ⲩ -->
<feat xlink:href="#pos_657" value="APST"/><!-- ⲁ -->
<feat xlink:href="#pos_658" value="PPERS"/><!-- ϥ -->
<feat xlink:href="#pos_659" value="V"/><!-- ⲧⲥⲟ -->
<feat xlink:href="#pos_660" value="PREP"/><!-- ⲛ -->
<feat xlink:href="#pos_661" value="PPOS"/><!-- ⲛⲉⲩ -->
<feat xlink:href="#pos_662" value="N"/><!-- ⲉⲥⲟⲟⲩ -->
<feat xlink:href="#pos_663" value="V"/><!-- ⲛⲧⲁⲣⲟⲩⲉⲓ -->
<feat xlink:href="#pos_664" value="N"/><!-- ⲛⲇⲉ -->
<feat xlink:href="#pos_665" value="PREP"/><!-- ϣⲁ -->
<feat xlink:href="#pos_666" value="NPROP"/><!-- ⲓⲟⲑⲟⲣ -->
<feat xlink:href="#pos_667" value="PPOS"/><!-- ⲡⲉⲩ -->
<feat xlink:href="#pos_668" value="N"/><!-- ⲉⲓⲱⲧ -->
<feat xlink:href="#pos_669" value="VBD"/><!-- ⲡⲉϫⲁ -->
<feat xlink:href="#pos_670" value="PPERS"/><!-- ϥ -->
<feat xlink:href="#pos_671" value="PREP"/><!-- ⲛⲁ -->
<feat xlink:href="#pos_672" value="PPERO"/><!-- ⲩ -->
<feat xlink:href="#pos_673" value="CONJ"/><!-- ϫⲉ -->
<feat xlink:href="#pos_674" value="PREP"/><!-- ⲉⲧⲃⲉ -->
<feat xlink:href="#pos_675" value="PPERO"/><!-- ⲟⲩ -->
<feat xlink:href="#pos_676" value="APST"/><!-- ⲁ -->
<feat xlink:href="#pos_677" value="PPERS"/><!-- ⲧⲉⲧⲛ -->
<feat xlink:href="#pos_678" value="V"/><!-- ϭⲉⲡⲏ -->
<feat xlink:href="#pos_679" value="PREP"/><!-- ⲉ -->
<feat xlink:href="#pos_680" value="V"/><!-- ⲉⲓ -->
<feat xlink:href="#pos_681" value="PREP"/><!-- ⲙ -->
<feat xlink:href="#pos_682" value="N"/><!-- ⲡⲟⲟⲩ -->
<feat xlink:href="#pos_683" value="PPERI"/><!-- ⲛⲧⲟⲟⲩ -->
<feat xlink:href="#pos_684" value="NPROP"/><!-- ⲛⲇⲉ -->
<feat xlink:href="#pos_685" value="VBD"/><!-- ⲡⲉϫⲁ -->
<feat xlink:href="#pos_686" value="PPERS"/><!-- ⲩ -->
<feat xlink:href="#pos_687" value="CONJ"/><!-- ϫⲉ -->
<feat xlink:href="#pos_688" value="ART"/><!-- ⲟⲩ -->
<feat xlink:href="#pos_689" value="N"/><!-- ⲣⲱⲙⲉ -->
<feat xlink:href="#pos_690" value="PREP"/><!-- ⲛ -->
<feat xlink:href="#pos_691" value="N"/><!-- ⲣⲙⲛⲕⲏⲙⲉ -->
<feat xlink:href="#pos_692" value="ART"/><!-- ⲡ -->
<feat xlink:href="#pos_693" value="CREL"/><!-- ⲉⲛⲧ -->
<feat xlink:href="#pos_694" value="APST"/><!-- ⲁ -->
<feat xlink:href="#pos_695" value="PPERS"/><!-- ϥ -->
<feat xlink:href="#pos_696" value="V"/><!-- ⲛⲁϩⲙ -->
<feat xlink:href="#pos_697" value="PPERO"/><!-- ⲛ -->
<feat xlink:href="#pos_698" value="ADV"/><!-- ⲉⲃⲟⲗ -->
<feat xlink:href="#pos_699" value="PREP"/><!-- ϩⲓ -->
<feat xlink:href="#pos_700" value="N"/><!-- ⲧⲟⲟⲧ -->
<feat xlink:href="#pos_701" value="PINT"/><!-- ⲟⲩ -->
<feat xlink:href="#pos_702" value="PREP"/><!-- ⲛ -->
<feat xlink:href="#pos_703" value="ART"/><!-- ⲛ -->
<feat xlink:href="#pos_704" value="N"/><!-- ϣⲟⲟⲥ -->
<feat xlink:href="#pos_705" value="V"/><!-- ⲁϥⲥⲕ -->
<feat xlink:href="#pos_706" value="PPERO"/><!-- ⲙⲟⲟⲩ -->
<feat xlink:href="#pos_707" value="PREP"/><!-- ⲛⲁ -->
<feat xlink:href="#pos_708" value="PPERO"/><!-- ⲛ -->
<feat xlink:href="#pos_709" value="APST"/><!-- ⲁ -->
<feat xlink:href="#pos_710" value="PPERS"/><!-- ϥ -->
<feat xlink:href="#pos_711" value="V"/><!-- ⲧⲥⲟ -->
<feat xlink:href="#pos_712" value="PREP"/><!-- ⲛ -->
<feat xlink:href="#pos_713" value="PPOS"/><!-- ⲛⲉⲛ -->
<feat xlink:href="#pos_714" value="N"/><!-- ⲉⲥⲟⲟⲩ -->
<feat xlink:href="#pos_715" value="PPERI"/><!-- ⲛⲧⲟϥ -->
<feat xlink:href="#pos_716" value="NPROP"/><!-- ⲛⲇⲉ -->
<feat xlink:href="#pos_717" value="VBD"/><!-- ⲡⲉϫⲁ -->
<feat xlink:href="#pos_718" value="PPERS"/><!-- ϥ -->
<feat xlink:href="#pos_719" value="PREP"/><!-- ⲛ -->
<feat xlink:href="#pos_720" value="PPOS"/><!-- ⲛⲉϥ -->
<feat xlink:href="#pos_721" value="N"/><!-- ϣⲉⲉⲣⲉ -->
<feat xlink:href="#pos_722" value="CONJ"/><!-- ϫⲉ -->
<feat xlink:href="#pos_723" value="CONJ"/><!-- ⲁⲩⲱ -->
<feat xlink:href="#pos_724" value="CFOC"/><!-- ⲉ -->
<feat xlink:href="#pos_725" value="PPERS"/><!-- ϥ -->
<feat xlink:href="#pos_726" value="N"/><!-- ⲧⲱⲛ -->
<feat xlink:href="#pos_727" value="PREP"/><!-- ⲉⲧⲃⲉ -->
<feat xlink:href="#pos_728" value="PPERO"/><!-- ⲟⲩ -->
<feat xlink:href="#pos_729" value="APST"/><!-- ⲁ -->
<feat xlink:href="#pos_730" value="PPERS"/><!-- ⲧⲉⲧⲛ -->
<feat xlink:href="#pos_731" value="V"/><!-- ⲕⲁ -->
<feat xlink:href="#pos_732" value="ART"/><!-- ⲡ -->
<feat xlink:href="#pos_733" value="N"/><!-- ⲣⲱⲙⲉ -->
<feat xlink:href="#pos_734" value="ADV"/><!-- ⲉⲃⲟⲗ -->
<feat xlink:href="#pos_735" value="N"/><!-- ⲛⲧⲉⲉⲓϩⲉ -->
<feat xlink:href="#pos_736" value="V"/><!-- ⲙⲟⲩⲧⲉ -->
<feat xlink:href="#pos_737" value="ADV"/><!-- ϭⲉ -->
<feat xlink:href="#pos_738" value="PREP"/><!-- ⲉⲣⲟ -->
<feat xlink:href="#pos_739" value="PPERO"/><!-- ϥ -->
<feat xlink:href="#pos_740" value="CONJ"/><!-- ϫⲉ -->
<feat xlink:href="#pos_741" value="AOPT_PPERS"/><!-- ⲉϥⲉ -->
<feat xlink:href="#pos_742" value="V"/><!-- ⲟⲩⲱⲙ -->
<feat xlink:href="#pos_743" value="PREP"/><!-- ⲛ -->
<feat xlink:href="#pos_744" value="ART"/><!-- ⲟⲩ -->
<feat xlink:href="#pos_745" value="N"/><!-- ⲟⲉⲓⲕ -->
<feat xlink:href="#pos_746" value="NPROP"/><!-- ⲙⲱⲩⲥⲏⲥ -->
<feat xlink:href="#pos_747" value="PTC"/><!-- ⲇⲉ -->
<feat xlink:href="#pos_748" value="APST"/><!-- ⲁ -->
<feat xlink:href="#pos_749" value="PPERS"/><!-- ϥ -->
<feat xlink:href="#pos_750" value="V"/><!-- ⲟⲩⲱϩ -->
<feat xlink:href="#pos_751" value="PREP"/><!-- ⲙⲛ -->
<feat xlink:href="#pos_752" value="ART"/><!-- ⲡ -->
<feat xlink:href="#pos_753" value="N"/><!-- ⲣⲱⲙⲉ -->
<feat xlink:href="#pos_754" value="APST"/><!-- ⲁ -->
<feat xlink:href="#pos_755" value="PPERS"/><!-- ϥ -->
<feat xlink:href="#pos_756" value="V"/><!-- ϯ -->
<feat xlink:href="#pos_757" value="N"/><!-- ⲛⲥⲉⲫⲣⲁⲛ -->
<feat xlink:href="#pos_758" value="CONJ"/><!-- ϫⲉ -->
<feat xlink:href="#pos_759" value="V"/><!-- ⲉⲗⲓⲉⲍⲉⲣ -->
<feat xlink:href="#pos_760" value="N"/><!-- ⲫⲱⲣⲁ -->
<feat xlink:href="#pos_761" value="PPOS"/><!-- ⲧⲉϥ -->
<feat xlink:href="#pos_762" value="N"/><!-- ϣⲉⲉⲣⲉ -->
<feat xlink:href="#pos_763" value="PREP"/><!-- ⲙ -->
<feat xlink:href="#pos_764" value="NPROP"/><!-- ⲙⲱⲩⲥⲏⲥ -->
<feat xlink:href="#pos_765" value="ART"/><!-- ⲛ -->
<feat xlink:href="#pos_766" value="N"/><!-- ⲥϩⲓⲙⲉ -->
<feat xlink:href="#pos_767" value="V"/><!-- ⲁⲥⲱⲱ -->
<feat xlink:href="#pos_768" value="APST"/><!-- ⲁ -->
<feat xlink:href="#pos_769" value="PPERS"/><!-- ⲥ -->
<feat xlink:href="#pos_770" value="V"/><!-- ϫⲡⲟ -->
<feat xlink:href="#pos_771" value="PREP"/><!-- ⲛ -->
<feat xlink:href="#pos_772" value="ART"/><!-- ⲟⲩ -->
<feat xlink:href="#pos_773" value="N"/><!-- ϣⲏⲣⲉ -->
<feat xlink:href="#pos_774" value="APST"/><!-- ⲁ -->
<feat xlink:href="#pos_775" value="NPROP"/><!-- ⲙⲱⲩⲥⲏⲥ -->
<feat xlink:href="#pos_776" value="V"/><!-- ⲙⲟⲩⲧⲉ -->
<feat xlink:href="#pos_777" value="PREP"/><!-- ⲉ -->
<feat xlink:href="#pos_778" value="PPOS"/><!-- ⲡⲉϥ -->
<feat xlink:href="#pos_779" value="N"/><!-- ⲣⲁⲛ -->
<feat xlink:href="#pos_780" value="CONJ"/><!-- ϫⲉ -->
<feat xlink:href="#pos_781" value="NPROP"/><!-- ⲅⲏⲣⲥⲁⲙ -->
<feat xlink:href="#pos_782" value="CCIRC"/><!-- ⲉ -->
<feat xlink:href="#pos_783" value="PPERS"/><!-- ϥ -->
<feat xlink:href="#pos_784" value="V"/><!-- ϫⲱ -->
<feat xlink:href="#pos_785" value="PREP"/><!-- ⲙⲙⲟ -->
<feat xlink:href="#pos_786" value="PPERO"/><!-- ⲥ -->
<feat xlink:href="#pos_787" value="CONJ"/><!-- ϫⲉ -->
<feat xlink:href="#pos_788" value="PPERI"/><!-- ⲁⲛⲅ -->
<feat xlink:href="#pos_789" value="N"/><!-- ⲟⲩⲣⲙⲛϭⲟⲉⲓⲗⲉ -->
<feat xlink:href="#pos_790" value="PREP"/><!-- ϩⲛ -->
<feat xlink:href="#pos_791" value="ART"/><!-- ⲟⲩ -->
<feat xlink:href="#pos_792" value="N"/><!-- ⲕⲁϩ -->
<feat xlink:href="#pos_793" value="N"/><!-- ⲉⲙⲡⲱⲓ -->
<feat xlink:href="#pos_794" value="NEG"/><!-- ⲁⲛ -->
<feat xlink:href="#pos_795" value="COP"/><!-- ⲡⲉ -->
<feat xlink:href="#pos_796" value="APST"/><!-- ⲁ -->
<feat xlink:href="#pos_797" value="PPERS"/><!-- ⲥ -->
<feat xlink:href="#pos_798" value="V"/><!-- ϫⲡⲟ -->
<feat xlink:href="#pos_799" value="PTC"/><!-- ⲇⲉ -->
<feat xlink:href="#pos_800" value="PREP"/><!-- ⲛ -->
<feat xlink:href="#pos_801" value="ART"/><!-- ⲕⲉ -->
<feat xlink:href="#pos_802" value="N"/><!-- ϣⲏⲣⲉ -->
<feat xlink:href="#pos_803" value="APST"/><!-- ⲁ -->
<feat xlink:href="#pos_804" value="PPERS"/><!-- ϥ -->
<feat xlink:href="#pos_805" value="V"/><!-- ⲙⲟⲩⲧⲉ -->
<feat xlink:href="#pos_806" value="PREP"/><!-- ⲉ -->
<feat xlink:href="#pos_807" value="PPOS"/><!-- ⲡⲉϥ -->
<feat xlink:href="#pos_808" value="N"/><!-- ⲣⲁⲛ -->
<feat xlink:href="#pos_809" value="CONJ"/><!-- ϫⲉ -->
<feat xlink:href="#pos_810" value="V"/><!-- ⲉⲗⲓⲉⲍⲉⲣ -->
<feat xlink:href="#pos_811" value="PREP"/><!-- ⲙⲙⲛⲛⲥⲁ -->
<feat xlink:href="#pos_812" value="ART"/><!-- ⲛⲉ -->
<feat xlink:href="#pos_813" value="N"/><!-- ϩⲟⲟⲩ -->
<feat xlink:href="#pos_814" value="PTC"/><!-- ⲇⲉ -->
<feat xlink:href="#pos_815" value="CREL"/><!-- ⲉⲧ -->
<feat xlink:href="#pos_816" value="VBD"/><!-- ⲛⲁϣⲱ -->
<feat xlink:href="#pos_817" value="ART"/><!-- ⲟⲩ -->
<feat xlink:href="#pos_818" value="CREL"/><!-- ⲉⲧ -->
<feat xlink:href="#pos_819" value="ADV"/><!-- ⲙⲙⲁⲩ -->
<feat xlink:href="#pos_820" value="APST"/><!-- ⲁ -->
<feat xlink:href="#pos_821" value="PPERS"/><!-- ϥ -->
<feat xlink:href="#pos_822" value="V"/><!-- ⲙⲟⲩ -->
<feat xlink:href="#pos_823" value="PTC"/><!-- ⲛϭⲓ -->
<feat xlink:href="#pos_824" value="ART"/><!-- ⲡ -->
<feat xlink:href="#pos_825" value="N"/><!-- ⲣⲣⲟ -->
<feat xlink:href="#pos_826" value="PREP"/><!-- ⲛ -->
<feat xlink:href="#pos_827" value="NPROP"/><!-- ⲕⲏⲙⲉ -->
<feat xlink:href="#pos_828" value="APST"/><!-- ⲁ -->
<feat xlink:href="#pos_829" value="ART"/><!-- ⲛ -->
<feat xlink:href="#pos_830" value="N"/><!-- ϣⲏ -->
<feat xlink:href="#pos_831" value="V"/><!-- ⲣⲉ -->
<feat xlink:href="#pos_832" value="N"/><!-- ⲛⲇⲉ -->
<feat xlink:href="#pos_833" value="PREP"/><!-- ⲙ -->
<feat xlink:href="#pos_834" value="ART"/><!-- ⲡ -->
<feat xlink:href="#pos_835" value="NPROP"/><!-- ⲓⲥⲣⲁⲏⲗ -->
<feat xlink:href="#pos_836" value="V"/><!-- ⲁϣ -->
<feat xlink:href="#pos_837" value="N"/><!-- ⲁϩⲟⲙ -->
<feat xlink:href="#pos_838" value="ADV"/><!-- ⲉⲃⲟⲗ -->
<feat xlink:href="#pos_839" value="PREP"/><!-- ϩⲛ -->
<feat xlink:href="#pos_840" value="ART"/><!-- ⲛⲉ -->
<feat xlink:href="#pos_841" value="N"/><!-- ϩⲃⲏⲩⲉ -->
<feat xlink:href="#pos_842" value="CREL"/><!-- ⲉⲧ -->
<feat xlink:href="#pos_843" value="VSTAT"/><!-- ⲛⲁϣⲧ -->
<feat xlink:href="#pos_844" value="APST"/><!-- ⲁ -->
<feat xlink:href="#pos_845" value="PPERS"/><!-- ⲩ -->
<feat xlink:href="#pos_846" value="V"/><!-- ⲱϣ -->
<feat xlink:href="#pos_847" value="ADV"/><!-- ⲉⲃⲟⲗ -->
<feat xlink:href="#pos_848" value="APST"/><!-- ⲁ -->
<feat xlink:href="#pos_849" value="PPOS"/><!-- ⲡⲉⲩ -->
<feat xlink:href="#pos_850" value="N"/><!-- ⲁϣ -->
<feat xlink:href="#pos_851" value="V"/><!-- ⲕⲁ -->
<feat xlink:href="#pos_852" value="PPERS"/><!-- ⲕ -->
<feat xlink:href="#pos_853" value="V"/><!-- ⲃⲱⲕ -->
<feat xlink:href="#pos_854" value="ADV"/><!-- ⲉϩⲣⲁⲓ -->
<feat xlink:href="#pos_855" value="PREP"/><!-- ϣⲁ -->
<feat xlink:href="#pos_856" value="ART"/><!-- ⲡ -->
<feat xlink:href="#pos_857" value="N"/><!-- ⲛⲟⲩⲧⲉ -->
<feat xlink:href="#pos_858" value="ADV"/><!-- ⲉⲃⲟⲗ -->
<feat xlink:href="#pos_859" value="PREP"/><!-- ϩⲛ -->
<feat xlink:href="#pos_860" value="ART"/><!-- ⲛⲉ -->
<feat xlink:href="#pos_861" value="N"/><!-- ϩⲃⲏⲩⲉ -->
<feat xlink:href="#pos_862" value="ART"/><!-- ⲡ -->
<feat xlink:href="#pos_863" value="N"/><!-- ⲛⲟⲩⲧⲉ -->
<feat xlink:href="#pos_864" value="N"/><!-- ⲛⲇⲉ -->
<feat xlink:href="#pos_865" value="APST"/><!-- ⲁ -->
<feat xlink:href="#pos_866" value="PPERS"/><!-- ϥ -->
<feat xlink:href="#pos_867" value="V"/><!-- ⲥⲱⲧⲙ -->
<feat xlink:href="#pos_868" value="N"/><!-- ⲉⲡⲉⲩⲁϣⲕⲁⲕ -->
<feat xlink:href="#pos_869" value="PREP"/><!-- ⲙⲛ -->
<feat xlink:href="#pos_870" value="PPOS"/><!-- ⲡⲉⲩ -->
<feat xlink:href="#pos_871" value="N"/><!-- ⲁϣ -->
<feat xlink:href="#pos_872" value="N"/><!-- ⲁϩⲟⲙ -->
<feat xlink:href="#pos_873" value="CONJ"/><!-- ⲁⲩⲱ -->
<feat xlink:href="#pos_874" value="APST"/><!-- ⲁ -->
<feat xlink:href="#pos_875" value="PPERS"/><!-- ϥ -->
<feat xlink:href="#pos_876" value="V"/><!-- ⲣ -->
<feat xlink:href="#pos_877" value="ART"/><!-- ⲡ -->
<feat xlink:href="#pos_878" value="N"/><!-- ⲙⲉⲉⲩⲉ -->
<feat xlink:href="#pos_879" value="PTC"/><!-- ⲛϭⲓ -->
<feat xlink:href="#pos_880" value="ART"/><!-- ⲡ -->
<feat xlink:href="#pos_881" value="N"/><!-- ⲛⲟⲩⲧⲉ -->
<feat xlink:href="#pos_882" value="PREP"/><!-- ⲛ -->
<feat xlink:href="#pos_883" value="PPOS"/><!-- ⲧⲉϥ -->
<feat xlink:href="#pos_884" value="N"/><!-- ⲇⲓⲁⲑⲏⲕⲏ -->
<feat xlink:href="#pos_885" value="PDEM"/><!-- ⲧⲁⲓ -->
<feat xlink:href="#pos_886" value="N"/><!-- ⲛⲧⲁϥⲥⲙⲛⲧⲥ -->
<feat xlink:href="#pos_887" value="PREP"/><!-- ⲙⲛ -->
<feat xlink:href="#pos_888" value="NPROP"/><!-- ⲁⲃⲣⲁϩⲁⲙ -->
<feat xlink:href="#pos_889" value="CONJ"/><!-- ⲁⲩⲱ -->
<feat xlink:href="#pos_890" value="NPROP"/><!-- ⲓⲥⲁⲕ -->
<feat xlink:href="#pos_891" value="PREP"/><!-- ⲙⲛ -->
<feat xlink:href="#pos_892" value="NPROP"/><!-- ⲓⲁⲕⲱⲃ -->
<feat xlink:href="#pos_893" value="APST"/><!-- ⲁ -->
<feat xlink:href="#pos_894" value="ART"/><!-- ⲡ -->
<feat xlink:href="#pos_895" value="N"/><!-- ⲛⲟⲩⲧⲉ -->
<feat xlink:href="#pos_896" value="V"/><!-- ϭⲱϣⲧ -->
<feat xlink:href="#pos_897" value="PREP"/><!-- ⲉϫⲛ -->
<feat xlink:href="#pos_898" value="ART"/><!-- ⲛ -->
<feat xlink:href="#pos_899" value="N"/><!-- ϣⲏⲣⲉ -->
<feat xlink:href="#pos_900" value="PREP"/><!-- ⲙ -->
<feat xlink:href="#pos_901" value="ART"/><!-- ⲡ -->
<feat xlink:href="#pos_902" value="NPROP"/><!-- ⲓⲥⲣⲁⲏⲗ -->
<feat xlink:href="#pos_903" value="APST"/><!-- ⲁ -->
<feat xlink:href="#pos_904" value="PPERS"/><!-- ϥ -->
<feat xlink:href="#pos_905" value="V"/><!-- ⲣ -->
<feat xlink:href="#pos_906" value="ART"/><!-- ⲡ -->
<feat xlink:href="#pos_907" value="N"/><!-- ⲙⲉⲉⲩⲉ -->
</featList>
</paula>
