<?xml version="1.0" encoding="UTF-8" standalone="no"?>

<!DOCTYPE paula SYSTEM "paula_feat.dtd">
<paula version="1.0">

<header paula_id="scriptorium.sahidic.ot.02_Exodus_02_norm_group"/>

<featList xmlns:xlink="http://www.w3.org/1999/xlink" type="norm_group" xml:base="scriptorium.sahidic.ot.02_Exodus_02.norm_groupSeg.xml">
<feat xlink:href="#norm_group_1" value="ⲛⲉⲩⲛ"/><!-- ⲛⲉ...ⲛ -->
<feat xlink:href="#norm_group_4" value="ⲟⲩⲣⲱⲙⲉ"/><!-- ⲟⲩ...ⲣⲱⲙⲉ -->
<feat xlink:href="#norm_group_6" value="ⲇⲉ"/><!-- ⲇⲉ -->
<feat xlink:href="#norm_group_7" value="ⲉⲃⲟⲗ"/><!-- ⲉⲃⲟⲗ -->
<feat xlink:href="#norm_group_8" value="ϩⲛ"/><!-- ϩⲛ -->
<feat xlink:href="#norm_group_9" value="ⲧⲉⲫⲩⲗⲏ"/><!-- ⲧⲉ...ⲫⲩⲗⲏ -->
<feat xlink:href="#norm_group_11" value="ⲛⲗⲉⲩⲉⲓ"/><!-- ⲛⲗⲉⲩⲉⲓ -->
<feat xlink:href="#norm_group_12" value="ⲡⲁⲓ"/><!-- ⲡⲁⲓ -->
<feat xlink:href="#norm_group_13" value="ⲁϥϫⲓ"/><!-- ⲁ...ϫⲓ -->
<feat xlink:href="#norm_group_16" value="ⲛⲁϥ"/><!-- ⲛⲁ...ϥ -->
<feat xlink:href="#norm_group_18" value="ⲛⲟⲩⲥϩⲓⲙⲉ"/><!-- ⲛ...ⲥϩⲓⲙⲉ -->
<feat xlink:href="#norm_group_21" value="ⲉⲃⲟⲗ"/><!-- ⲉⲃⲟⲗ -->
<feat xlink:href="#norm_group_22" value="ϩⲛ"/><!-- ϩⲛ -->
<feat xlink:href="#norm_group_23" value="ⲛϣⲉⲉⲣⲉ"/><!-- ⲛ...ϣⲉⲉⲣⲉ -->
<feat xlink:href="#norm_group_25" value="ⲛⲗⲉⲩⲉⲓ"/><!-- ⲛⲗⲉⲩⲉⲓ -->
<feat xlink:href="#norm_group_26" value="ⲁⲥϣⲱⲡⲉ"/><!-- ⲁ...ϣⲱⲡⲉ -->
<feat xlink:href="#norm_group_29" value="ⲛⲁϥ"/><!-- ⲛⲁ...ϥ -->
<feat xlink:href="#norm_group_31" value="ⲁⲥⲱⲱ"/><!-- ⲁⲥⲱⲱ -->
<feat xlink:href="#norm_group_32" value="ⲁⲥϫⲡⲟ"/><!-- ⲁ...ϫⲡⲟ -->
<feat xlink:href="#norm_group_35" value="ⲛⲟⲩϣⲏⲣⲉ"/><!-- ⲛ...ϣⲏⲣⲉ -->
<feat xlink:href="#norm_group_38" value="ⲁⲩⲛⲁⲩ"/><!-- ⲁ...ⲛⲁⲩ -->
<feat xlink:href="#norm_group_41" value="ⲉⲣⲟϥ"/><!-- ⲉⲣⲟ...ϥ -->
<feat xlink:href="#norm_group_43" value="ϫⲉ"/><!-- ϫⲉ -->
<feat xlink:href="#norm_group_44" value="ⲛⲉⲥⲱϥ"/><!-- ⲛⲉⲥⲱ...ϥ -->
<feat xlink:href="#norm_group_46" value="ⲁⲩϩⲟⲡϥ"/><!-- ⲁ...ϥ -->
<feat xlink:href="#norm_group_50" value="ⲛϣⲟⲙⲧ"/><!-- ⲛ...ϣⲟⲙⲧ -->
<feat xlink:href="#norm_group_52" value="ⲛⲉⲃⲟⲧ"/><!-- ⲛ...ⲉⲃⲟⲧ -->
<feat xlink:href="#norm_group_54" value="ⲉⲃⲟⲗ"/><!-- ⲉⲃⲟⲗ -->
<feat xlink:href="#norm_group_55" value="ⲟⲛ"/><!-- ⲟⲛ -->
<feat xlink:href="#norm_group_56" value="ϫⲉ"/><!-- ϫⲉ -->
<feat xlink:href="#norm_group_57" value="ⲙⲡⲟⲩϣ"/><!-- ⲙⲡ...ϣ -->
<feat xlink:href="#norm_group_60" value="ϭⲙϭⲟⲙ"/><!-- ϭⲙϭⲟⲙ -->
<feat xlink:href="#norm_group_61" value="ⲉϩⲟⲡϥ"/><!-- ⲉ...ϥ -->
<feat xlink:href="#norm_group_64" value="ϭⲉ"/><!-- ϭⲉ -->
<feat xlink:href="#norm_group_65" value="ⲁⲧⲉϥⲙⲁⲁⲩ"/><!-- ⲁ...ⲁⲩ -->
<feat xlink:href="#norm_group_69" value="ϫⲓ"/><!-- ϫⲓ -->
<feat xlink:href="#norm_group_70" value="ⲛⲁϥ"/><!-- ⲛⲁ...ϥ -->
<feat xlink:href="#norm_group_72" value="ⲛⲟⲩⲧⲁⲉⲓⲃⲉ"/><!-- ⲛⲟⲩⲧⲁⲉⲓⲃⲉ -->
<feat xlink:href="#norm_group_73" value="ⲁⲥϫⲁϩⲥ"/><!-- ⲁⲥϫⲁϩⲥ -->
<feat xlink:href="#norm_group_74" value="ⲛⲁⲙⲣⲏϩⲉ"/><!-- ⲛⲁⲙⲣⲏϩⲉ -->
<feat xlink:href="#norm_group_75" value="ⲁⲥⲛⲟⲩϫⲉ"/><!-- ⲁ...ⲛⲟⲩϫⲉ -->
<feat xlink:href="#norm_group_78" value="ⲙⲡϣⲏⲣⲉ"/><!-- ⲙ...ϣⲏⲣⲉ -->
<feat xlink:href="#norm_group_81" value="ϣⲏⲙ"/><!-- ϣⲏⲙ -->
<feat xlink:href="#norm_group_82" value="ⲉⲣⲟⲥ"/><!-- ⲉⲣⲟ...ⲥ -->
<feat xlink:href="#norm_group_84" value="ⲁⲥⲕⲱ"/><!-- ⲁ...ⲕⲱ -->
<feat xlink:href="#norm_group_87" value="ⲙⲙⲟⲥ"/><!-- ⲙⲙⲟ...ⲥ -->
<feat xlink:href="#norm_group_89" value="ϩⲛ"/><!-- ϩⲛ -->
<feat xlink:href="#norm_group_90" value="ⲡϩⲉⲗⲟⲥ"/><!-- ⲡ...ϩⲉⲗⲟⲥ -->
<feat xlink:href="#norm_group_92" value="ϩⲁⲧⲛ"/><!-- ϩⲁⲧⲛ -->
<feat xlink:href="#norm_group_93" value="ⲡⲓⲉⲣⲟ"/><!-- ⲡ...ⲓⲉⲣⲟ -->
<feat xlink:href="#norm_group_95" value="ⲁⲧⲉϥⲥⲱⲛⲉ"/><!-- ⲁ...ⲥⲱⲛⲉ -->
<feat xlink:href="#norm_group_98" value="ϣⲱⲡⲉ"/><!-- ϣⲱⲡⲉ -->
<feat xlink:href="#norm_group_99" value="ⲉⲥϭⲱϣⲧ"/><!-- ⲉ...ϭⲱϣⲧ -->
<feat xlink:href="#norm_group_102" value="ⲙⲡⲟⲩⲉ"/><!-- ⲙ...ⲟⲩⲉ -->
<feat xlink:href="#norm_group_105" value="ⲉⲉⲓⲙⲉ"/><!-- ⲉ...ⲉⲓⲙⲉ -->
<feat xlink:href="#norm_group_107" value="ⲉⲛⲉⲧⲛⲁϣⲱⲡⲉ"/><!-- ⲉ...ϣⲱⲡⲉ -->
<feat xlink:href="#norm_group_112" value="ⲙⲙⲟϥ"/><!-- ⲙⲙⲟ...ϥ -->
<feat xlink:href="#norm_group_114" value="ⲁⲧϣⲉⲉⲣⲉ"/><!-- ⲁ...ϣⲉⲉⲣⲉ -->
<feat xlink:href="#norm_group_117" value="ⲇⲉ"/><!-- ⲇⲉ -->
<feat xlink:href="#norm_group_118" value="ⲙⲫⲁⲣⲁⲱ"/><!-- ⲙ...ⲫⲁⲣⲁⲱ -->
<feat xlink:href="#norm_group_120" value="ⲉⲓ"/><!-- ⲉⲓ -->
<feat xlink:href="#norm_group_121" value="ⲉⲡⲉⲥⲏⲧ"/><!-- ⲉⲡⲉⲥⲏⲧ -->
<feat xlink:href="#norm_group_122" value="ⲉϫⲙ"/><!-- ⲉϫⲙ -->
<feat xlink:href="#norm_group_123" value="ⲡⲓⲉⲣⲟ"/><!-- ⲡ...ⲓⲉⲣⲟ -->
<feat xlink:href="#norm_group_125" value="ⲉϫⲱⲕⲙ"/><!-- ⲉ...ϫⲱⲕⲙ -->
<feat xlink:href="#norm_group_127" value="ⲁⲩⲱ"/><!-- ⲁⲩⲱ -->
<feat xlink:href="#norm_group_128" value="ⲛⲉⲥϩⲙϩⲁⲗ"/><!-- ⲛⲉⲥ...ϩⲙϩⲁⲗ -->
<feat xlink:href="#norm_group_130" value="ⲛⲉⲩⲙⲟⲟϣⲉ"/><!-- ⲛⲉ...ⲙⲟⲟϣⲉ -->
<feat xlink:href="#norm_group_133" value="ϩⲁⲧⲛ"/><!-- ϩⲁⲧⲛ -->
<feat xlink:href="#norm_group_134" value="ⲡⲓⲉⲣⲟ"/><!-- ⲡ...ⲓⲉⲣⲟ -->
<feat xlink:href="#norm_group_136" value="ⲁⲥⲛⲁⲩ"/><!-- ⲁ...ⲛⲁⲩ -->
<feat xlink:href="#norm_group_139" value="ⲇⲉ"/><!-- ⲇⲉ -->
<feat xlink:href="#norm_group_140" value="ⲉⲧⲧⲁⲉⲓⲃⲉ"/><!-- ⲉⲧ...ⲉⲓⲃⲉ -->
<feat xlink:href="#norm_group_144" value="ϩⲛ"/><!-- ϩⲛ -->
<feat xlink:href="#norm_group_145" value="ⲡϩⲉⲗⲟⲥ"/><!-- ⲡ...ϩⲉⲗⲟⲥ -->
<feat xlink:href="#norm_group_147" value="ⲁⲥϫⲟⲟⲩ"/><!-- ⲁ...ϫⲟⲟⲩ -->
<feat xlink:href="#norm_group_150" value="ⲛⲧⲉⲥϩⲙϩⲁⲗ"/><!-- ⲛ...ϩⲙϩⲁⲗ -->
<feat xlink:href="#norm_group_153" value="ⲁⲥⲛⲧⲥ"/><!-- ⲁ...ⲥ -->
<feat xlink:href="#norm_group_157" value="ⲁⲥⲟⲩⲱⲛ"/><!-- ⲁ...ⲛ -->
<feat xlink:href="#norm_group_161" value="ⲉⲣⲟⲥ"/><!-- ⲉⲣⲟ...ⲥ -->
<feat xlink:href="#norm_group_163" value="ⲁⲥⲛⲁⲩ"/><!-- ⲁ...ⲛⲁⲩ -->
<feat xlink:href="#norm_group_166" value="ⲉⲡϣⲏⲣⲉ"/><!-- ⲉ...ϣⲏⲣⲉ -->
<feat xlink:href="#norm_group_169" value="ϣⲏⲙ"/><!-- ϣⲏⲙ -->
<feat xlink:href="#norm_group_170" value="ⲉϥⲣⲓⲙⲉ"/><!-- ⲉ...ⲣⲓⲙⲉ -->
<feat xlink:href="#norm_group_173" value="ϩⲛ"/><!-- ϩⲛ -->
<feat xlink:href="#norm_group_174" value="ⲧⲧⲁⲉⲓⲃⲉ"/><!-- ⲧⲧⲁⲉⲓⲃⲉ -->
<feat xlink:href="#norm_group_175" value="ⲁⲥϯ"/><!-- ⲁ...ϯ -->
<feat xlink:href="#norm_group_178" value="ⲥⲟ"/><!-- ⲥⲟ -->
<feat xlink:href="#norm_group_179" value="ⲇⲉ"/><!-- ⲇⲉ -->
<feat xlink:href="#norm_group_180" value="ⲉⲣⲟϥ"/><!-- ⲉⲣⲟ...ϥ -->
<feat xlink:href="#norm_group_182" value="ⲛϭⲓ"/><!-- ⲛϭⲓ -->
<feat xlink:href="#norm_group_183" value="ⲧϣⲉⲉⲣⲉ"/><!-- ⲧ...ϣⲉⲉⲣⲉ -->
<feat xlink:href="#norm_group_185" value="ⲙⲫⲁⲣⲁⲱ"/><!-- ⲙ...ⲫⲁⲣⲁⲱ -->
<feat xlink:href="#norm_group_187" value="ⲉⲥϫⲱ"/><!-- ⲉ...ϫⲱ -->
<feat xlink:href="#norm_group_190" value="ⲙⲙⲟⲥ"/><!-- ⲙⲙⲟ...ⲥ -->
<feat xlink:href="#norm_group_192" value="ϫⲉ"/><!-- ϫⲉ -->
<feat xlink:href="#norm_group_193" value="ⲟⲩ"/><!-- ⲟⲩ -->
<feat xlink:href="#norm_group_194" value="ⲉⲃⲟⲗ"/><!-- ⲉⲃⲟⲗ -->
<feat xlink:href="#norm_group_195" value="ϩⲛ"/><!-- ϩⲛ -->
<feat xlink:href="#norm_group_196" value="ⲛϣⲏⲣⲉ"/><!-- ⲛ...ϣⲏⲣⲉ -->
<feat xlink:href="#norm_group_198" value="ⲛⲛϩⲉⲃⲣⲁⲓⲟⲥ"/><!-- ⲛ...ϩⲉⲃⲣⲁⲓⲟⲥ -->
<feat xlink:href="#norm_group_201" value="ⲡⲉ"/><!-- ⲡⲉ -->
<feat xlink:href="#norm_group_202" value="ⲡⲁⲓ"/><!-- ⲡⲁⲓ -->
<feat xlink:href="#norm_group_203" value="ⲡⲉϫⲉ"/><!-- ⲡⲉϫⲉ -->
<feat xlink:href="#norm_group_204" value="ⲧⲉϥⲥⲱⲛⲉ"/><!-- ⲧⲉϥ...ⲥⲱⲛⲉ -->
<feat xlink:href="#norm_group_206" value="ⲛⲧϣⲉⲉⲣⲉ"/><!-- ⲛ...ϣⲉⲉⲣⲉ -->
<feat xlink:href="#norm_group_209" value="ⲙⲫⲁⲣⲁⲱ"/><!-- ⲙ...ⲫⲁⲣⲁⲱ -->
<feat xlink:href="#norm_group_211" value="ϫⲉ"/><!-- ϫⲉ -->
<feat xlink:href="#norm_group_212" value="ⲧⲉⲟⲩⲱϣ"/><!-- ⲧⲉ...ⲟⲩⲱϣ -->
<feat xlink:href="#norm_group_214" value="ⲉⲧⲣⲁⲙⲟⲩⲧⲉ"/><!-- ⲉ...ⲁⲙⲟⲩⲧⲉ -->
<feat xlink:href="#norm_group_218" value="ⲛⲉ"/><!-- ⲛⲉ -->
<feat xlink:href="#norm_group_219" value="ⲉⲩⲥϩⲓⲙⲉ"/><!-- ⲉ...ⲥϩⲓⲙⲉ -->
<feat xlink:href="#norm_group_222" value="ⲙⲙⲟⲛⲉ"/><!-- ⲙⲙⲟⲛⲉ -->
<feat xlink:href="#norm_group_223" value="ⲉⲃⲟⲗ"/><!-- ⲉⲃⲟⲗ -->
<feat xlink:href="#norm_group_224" value="ϩⲛ"/><!-- ϩⲛ -->
<feat xlink:href="#norm_group_225" value="ⲛϩⲉⲃⲣⲁⲓⲟⲥ"/><!-- ⲛ...ϩⲉⲃⲣⲁⲓⲟⲥ -->
<feat xlink:href="#norm_group_227" value="ⲛⲥⲧⲥⲛⲕⲟ"/><!-- ⲛ...ⲧⲥⲛⲕⲟ -->
<feat xlink:href="#norm_group_230" value="ⲛⲉ"/><!-- ⲛⲉ -->
<feat xlink:href="#norm_group_231" value="ⲙⲡϣⲏⲣⲉ"/><!-- ⲙ...ϣⲏⲣⲉ -->
<feat xlink:href="#norm_group_234" value="ϣⲏⲙ"/><!-- ϣⲏⲙ -->
<feat xlink:href="#norm_group_235" value="ⲡⲉϫⲁⲥ"/><!-- ⲡⲉϫⲁ...ⲥ -->
<feat xlink:href="#norm_group_237" value="ⲛⲁⲥ"/><!-- ⲛⲁ...ⲥ -->
<feat xlink:href="#norm_group_239" value="ⲛϭⲓ"/><!-- ⲛϭⲓ -->
<feat xlink:href="#norm_group_240" value="ⲧϣⲉⲉⲣⲉ"/><!-- ⲧ...ϣⲉⲉⲣⲉ -->
<feat xlink:href="#norm_group_242" value="ⲙⲫⲁⲣⲁⲱ"/><!-- ⲙ...ⲫⲁⲣⲁⲱ -->
<feat xlink:href="#norm_group_244" value="ϫⲉ"/><!-- ϫⲉ -->
<feat xlink:href="#norm_group_245" value="ⲃⲱⲕ"/><!-- ⲃⲱⲕ -->
<feat xlink:href="#norm_group_246" value="ⲁⲧϣⲉⲉⲣⲉ"/><!-- ⲁ...ϣⲉⲉⲣⲉ -->
<feat xlink:href="#norm_group_249" value="ⲇⲉ"/><!-- ⲇⲉ -->
<feat xlink:href="#norm_group_250" value="ϣⲏⲙ"/><!-- ϣⲏⲙ -->
<feat xlink:href="#norm_group_251" value="ⲃⲱⲕ"/><!-- ⲃⲱⲕ -->
<feat xlink:href="#norm_group_252" value="ⲁⲥⲙⲟⲩⲧⲉ"/><!-- ⲁ...ⲙⲟⲩⲧⲉ -->
<feat xlink:href="#norm_group_255" value="ⲉⲧⲙⲁⲁⲩ"/><!-- ⲉ...ⲙⲁⲁⲩ -->
<feat xlink:href="#norm_group_258" value="ⲙⲡϣⲏⲣⲉ"/><!-- ⲙ...ϣⲏⲣⲉ -->
<feat xlink:href="#norm_group_261" value="ϣⲏⲙ"/><!-- ϣⲏⲙ -->
<feat xlink:href="#norm_group_262" value="ⲡⲉϫⲁⲥ"/><!-- ⲡⲉϫⲁ...ⲥ -->
<feat xlink:href="#norm_group_264" value="ⲛⲁⲥ"/><!-- ⲛⲁ...ⲥ -->
<feat xlink:href="#norm_group_266" value="ⲛϭⲓ"/><!-- ⲛϭⲓ -->
<feat xlink:href="#norm_group_267" value="ⲧϣⲉⲉⲣⲉ"/><!-- ⲧ...ϣⲉⲉⲣⲉ -->
<feat xlink:href="#norm_group_269" value="ⲙⲫⲁⲣⲁⲱ"/><!-- ⲙ...ⲫⲁⲣⲁⲱ -->
<feat xlink:href="#norm_group_271" value="ϫⲉ"/><!-- ϫⲉ -->
<feat xlink:href="#norm_group_272" value="ϩⲁⲣⲉϩ"/><!-- ϩⲁⲣⲉϩ -->
<feat xlink:href="#norm_group_273" value="ⲉⲡⲉⲉⲓϣⲏⲣⲉ"/><!-- ⲉⲡⲉⲉⲓϣⲏⲣⲉ -->
<feat xlink:href="#norm_group_274" value="ϣⲏⲙ"/><!-- ϣⲏⲙ -->
<feat xlink:href="#norm_group_275" value="ⲛⲧⲉⲧⲥⲛⲕⲟ"/><!-- ⲛ...ⲧⲥⲛⲕⲟ -->
<feat xlink:href="#norm_group_278" value="ⲛⲙⲟϥ"/><!-- ⲛⲙⲟϥ -->
<feat xlink:href="#norm_group_279" value="ⲛⲁⲉⲓ"/><!-- ⲛⲁ...ⲉⲓ -->
<feat xlink:href="#norm_group_281" value="ⲁⲛⲟⲕ"/><!-- ⲁⲛⲟⲕ -->
<feat xlink:href="#norm_group_282" value="ⲇⲉ"/><!-- ⲇⲉ -->
<feat xlink:href="#norm_group_283" value="ϯⲛⲁϯ"/><!-- ϯ...ϯ -->
<feat xlink:href="#norm_group_286" value="ⲛⲉ"/><!-- ⲛⲉ -->
<feat xlink:href="#norm_group_287" value="ⲙⲡⲟⲩⲃⲉⲕⲉ"/><!-- ⲙ...ⲃⲉⲕⲉ -->
<feat xlink:href="#norm_group_290" value="ⲁⲧⲉⲥϩⲓⲙⲉ"/><!-- ⲁ...ⲥϩⲓⲙⲉ -->
<feat xlink:href="#norm_group_293" value="ⲛⲇⲉ"/><!-- ⲛⲇⲉ -->
<feat xlink:href="#norm_group_294" value="ϫⲓ"/><!-- ϫⲓ -->
<feat xlink:href="#norm_group_295" value="ⲙⲡϣⲏⲣⲉ"/><!-- ⲙ...ϣⲏⲣⲉ -->
<feat xlink:href="#norm_group_298" value="ϣⲏⲙ"/><!-- ϣⲏⲙ -->
<feat xlink:href="#norm_group_299" value="ⲁⲥⲧⲥⲛⲕⲟϥ"/><!-- ⲁ...ϥ -->
<feat xlink:href="#norm_group_303" value="ⲛⲧⲉ"/><!-- ⲛⲧⲉ -->
<feat xlink:href="#norm_group_304" value="ⲣⲉϥⲣ"/><!-- ⲣⲉϥ...ⲣ -->
<feat xlink:href="#norm_group_306" value="ⲛⲟϭ"/><!-- ⲛⲟϭ -->
<feat xlink:href="#norm_group_307" value="ⲛⲇⲉ"/><!-- ⲛⲇⲉ -->
<feat xlink:href="#norm_group_308" value="ⲛϭⲓ"/><!-- ⲛϭⲓ -->
<feat xlink:href="#norm_group_309" value="ⲡϣⲏⲣⲉ"/><!-- ⲡ...ϣⲏⲣⲉ -->
<feat xlink:href="#norm_group_311" value="ϣⲏⲙ"/><!-- ϣⲏⲙ -->
<feat xlink:href="#norm_group_312" value="ⲁⲥϫⲓ"/><!-- ⲁ...ϫⲓ -->
<feat xlink:href="#norm_group_315" value="ⲙⲙⲟϥ"/><!-- ⲙⲙⲟ...ϥ -->
<feat xlink:href="#norm_group_317" value="ⲉϩⲟⲩⲛ"/><!-- ⲉϩⲟⲩⲛ -->
<feat xlink:href="#norm_group_318" value="ϣⲁ"/><!-- ϣⲁ -->
<feat xlink:href="#norm_group_319" value="ⲧϣⲉⲉⲣⲉ"/><!-- ⲧ...ϣⲉⲉⲣⲉ -->
<feat xlink:href="#norm_group_321" value="ⲙⲫⲁⲣⲁⲱ"/><!-- ⲙ...ⲫⲁⲣⲁⲱ -->
<feat xlink:href="#norm_group_323" value="ⲁϥϣⲱⲡⲉ"/><!-- ⲁ...ϣⲱⲡⲉ -->
<feat xlink:href="#norm_group_326" value="ⲛⲁⲥ"/><!-- ⲛⲁ...ⲥ -->
<feat xlink:href="#norm_group_328" value="ⲉⲩϣⲏⲣⲉ"/><!-- ⲉ...ϣⲏⲣⲉ -->
<feat xlink:href="#norm_group_331" value="ⲁⲥⲙⲟⲩⲧⲉ"/><!-- ⲁ...ⲙⲟⲩⲧⲉ -->
<feat xlink:href="#norm_group_334" value="ⲉⲡⲉϥⲣⲁⲛ"/><!-- ⲉ...ⲣⲁⲛ -->
<feat xlink:href="#norm_group_337" value="ϫⲉ"/><!-- ϫⲉ -->
<feat xlink:href="#norm_group_338" value="ⲙⲱⲩⲥⲏⲥ"/><!-- ⲙⲱⲩⲥⲏⲥ -->
<feat xlink:href="#norm_group_339" value="ⲉⲥϫⲱ"/><!-- ⲉ...ϫⲱ -->
<feat xlink:href="#norm_group_342" value="ⲙⲙⲟⲥ"/><!-- ⲙⲙⲟ...ⲥ -->
<feat xlink:href="#norm_group_344" value="ϫⲉ"/><!-- ϫⲉ -->
<feat xlink:href="#norm_group_345" value="ⲛⲧⲁⲉⲓϥⲓⲧϥ"/><!-- ⲛⲧⲁⲉⲓϥⲓⲧϥ -->
<feat xlink:href="#norm_group_346" value="ⲉⲃⲟⲗ"/><!-- ⲉⲃⲟⲗ -->
<feat xlink:href="#norm_group_347" value="ϩⲙ"/><!-- ϩⲙ -->
<feat xlink:href="#norm_group_348" value="ⲡⲟⲩ"/><!-- ⲡ...ⲙⲟⲟⲩ -->
<feat xlink:href="#norm_group_350" value="ⲁⲥϣⲱⲡⲉ"/><!-- ⲁ...ϣⲱⲡⲉ -->
<feat xlink:href="#norm_group_353" value="ⲇⲉ"/><!-- ⲇⲉ -->
<feat xlink:href="#norm_group_354" value="ϩⲛ"/><!-- ϩⲛ -->
<feat xlink:href="#norm_group_355" value="ⲛⲉϩⲟⲟⲩ"/><!-- ⲛⲉ...ϩⲟⲟⲩ -->
<feat xlink:href="#norm_group_357" value="ⲉⲧⲛⲁϣⲱⲟⲩ"/><!-- ⲉⲧ...ⲟⲩ -->
<feat xlink:href="#norm_group_360" value="ⲉⲧⲙⲙⲁⲩ"/><!-- ⲉⲧ...ⲙⲙⲁⲩ -->
<feat xlink:href="#norm_group_362" value="ⲛⲧⲉⲣⲉϥⲣ"/><!-- ⲛⲧⲉⲣⲉ...ⲣ -->
<feat xlink:href="#norm_group_365" value="ⲛⲟϭ"/><!-- ⲛⲟϭ -->
<feat xlink:href="#norm_group_366" value="ⲛϭⲓ"/><!-- ⲛϭⲓ -->
<feat xlink:href="#norm_group_367" value="ⲙⲱⲩⲥⲏⲥ"/><!-- ⲙⲱⲩⲥⲏⲥ -->
<feat xlink:href="#norm_group_368" value="ⲁϥⲉⲓ"/><!-- ⲁ...ⲉⲓ -->
<feat xlink:href="#norm_group_371" value="ⲉⲃⲟⲗ"/><!-- ⲉⲃⲟⲗ -->
<feat xlink:href="#norm_group_372" value="ϣⲁ"/><!-- ϣⲁ -->
<feat xlink:href="#norm_group_373" value="ⲛⲉϥⲥⲛⲏⲩ"/><!-- ⲛⲉϥ...ⲥⲛⲏⲩ -->
<feat xlink:href="#norm_group_375" value="ⲛϣⲏⲣⲉ"/><!-- ⲛ...ϣⲏⲣⲉ -->
<feat xlink:href="#norm_group_377" value="ⲙⲡⲓⲥⲣⲁⲏⲗ"/><!-- ⲙ...ⲓⲥⲣⲁⲏⲗ -->
<feat xlink:href="#norm_group_380" value="ⲛⲧⲉⲣⲉϥϯ"/><!-- ⲛⲧⲉⲣⲉ...ϯ -->
<feat xlink:href="#norm_group_383" value="ϩⲧⲏϥ"/><!-- ϩⲧⲏ...ϥ -->
<feat xlink:href="#norm_group_385" value="ⲇⲉ"/><!-- ⲇⲉ -->
<feat xlink:href="#norm_group_386" value="ⲉⲡⲉⲩϩⲓⲥⲉ"/><!-- ⲉ...ϩⲓⲥⲉ -->
<feat xlink:href="#norm_group_389" value="ⲁϥⲛⲁⲩ"/><!-- ⲁ...ⲛⲁⲩ -->
<feat xlink:href="#norm_group_392" value="ⲉⲩⲣⲱⲙⲉ"/><!-- ⲉ...ⲣⲱⲙⲉ -->
<feat xlink:href="#norm_group_395" value="ⲛⲣⲙⲛⲕⲏⲙⲉ"/><!-- ⲛ...ⲣⲙⲛⲕⲏⲙⲉ -->
<feat xlink:href="#norm_group_397" value="ⲉϥϩⲓⲟⲩⲉ"/><!-- ⲉ...ϩⲓⲟⲩⲉ -->
<feat xlink:href="#norm_group_400" value="ⲉⲩϩⲉⲃⲣⲁⲓⲟⲥ"/><!-- ⲉ...ϩⲉⲃⲣⲁⲓⲟⲥ -->
<feat xlink:href="#norm_group_403" value="ⲉⲃⲟⲗ"/><!-- ⲉⲃⲟⲗ -->
<feat xlink:href="#norm_group_404" value="ϩⲛ"/><!-- ϩⲛ -->
<feat xlink:href="#norm_group_405" value="ⲛⲉϥⲥⲛⲏⲩ"/><!-- ⲛⲉϥ...ⲥⲛⲏⲩ -->
<feat xlink:href="#norm_group_407" value="ⲛϣⲏⲣⲉ"/><!-- ⲛ...ϣⲏⲣⲉ -->
<feat xlink:href="#norm_group_409" value="ⲙⲡⲓⲥⲣⲁⲏⲗ"/><!-- ⲙ...ⲓⲥⲣⲁⲏⲗ -->
<feat xlink:href="#norm_group_412" value="ⲁϥϭⲱϣⲧ"/><!-- ⲁ...ϭⲱϣⲧ -->
<feat xlink:href="#norm_group_415" value="ⲇⲉ"/><!-- ⲇⲉ -->
<feat xlink:href="#norm_group_416" value="ⲉⲡⲓⲥⲁ"/><!-- ⲉ...ⲥⲁ -->
<feat xlink:href="#norm_group_419" value="ⲙⲛ"/><!-- ⲙⲛ -->
<feat xlink:href="#norm_group_420" value="ⲡⲁⲓ"/><!-- ⲡⲁⲓ -->
<feat xlink:href="#norm_group_421" value="ⲙⲡϥⲛⲁⲩ"/><!-- ⲙⲡ...ⲛⲁⲩ -->
<feat xlink:href="#norm_group_424" value="ⲉⲗⲁⲁⲩ"/><!-- ⲉ...ⲗⲁⲁⲩ -->
<feat xlink:href="#norm_group_426" value="ⲁϥϩⲱⲧⲃ"/><!-- ⲁ...ϩⲱⲧⲃ -->
<feat xlink:href="#norm_group_429" value="ⲙⲡⲣⲙⲛⲕⲏⲙⲉ"/><!-- ⲙ...ⲣⲙⲛⲕⲏⲙⲉ -->
<feat xlink:href="#norm_group_432" value="ⲁϥϩⲟⲡϥ"/><!-- ⲁ...ϥ -->
<feat xlink:href="#norm_group_436" value="ϩⲙ"/><!-- ϩⲙ -->
<feat xlink:href="#norm_group_437" value="ⲡϣⲱ"/><!-- ⲡ...ϣⲱ -->
<feat xlink:href="#norm_group_439" value="ⲁϥⲉⲓ"/><!-- ⲁ...ⲉⲓ -->
<feat xlink:href="#norm_group_442" value="ⲛⲇⲉ"/><!-- ⲛⲇⲉ -->
<feat xlink:href="#norm_group_443" value="ⲉⲃⲟⲗ"/><!-- ⲉⲃⲟⲗ -->
<feat xlink:href="#norm_group_444" value="ⲙⲡⲉϥⲣⲁⲥⲧⲉ"/><!-- ⲙ...ⲣⲁⲥⲧⲉ -->
<feat xlink:href="#norm_group_447" value="ⲁϥⲛⲁⲩ"/><!-- ⲁ...ⲛⲁⲩ -->
<feat xlink:href="#norm_group_450" value="ⲉⲣⲱⲙⲉ"/><!-- ⲉ...ⲣⲱⲙⲉ -->
<feat xlink:href="#norm_group_452" value="ⲥⲛⲁⲩ"/><!-- ⲥⲛⲁⲩ -->
<feat xlink:href="#norm_group_453" value="ⲛϩⲉⲃⲣⲁⲓⲟⲥ"/><!-- ⲛ...ϩⲉⲃⲣⲁⲓⲟⲥ -->
<feat xlink:href="#norm_group_455" value="ⲉⲩⲙⲓϣⲉ"/><!-- ⲉ...ⲙⲓϣⲉ -->
<feat xlink:href="#norm_group_458" value="ⲙⲛ"/><!-- ⲙⲛ -->
<feat xlink:href="#norm_group_459" value="ⲛⲉⲩⲉⲣⲏⲩ"/><!-- ⲛⲉⲩ...ⲉⲣⲏⲩ -->
<feat xlink:href="#norm_group_461" value="ⲡⲉϫⲁϥ"/><!-- ⲡⲉϫⲁ...ϥ -->
<feat xlink:href="#norm_group_463" value="ⲙⲡⲉⲧϫⲓ"/><!-- ⲙ...ϫⲓ -->
<feat xlink:href="#norm_group_467" value="ⲛϭⲟⲛⲥ"/><!-- ⲛ...ϭⲟⲛⲥ -->
<feat xlink:href="#norm_group_469" value="ϫⲉ"/><!-- ϫⲉ -->
<feat xlink:href="#norm_group_470" value="ⲉⲧⲃⲉ"/><!-- ⲉⲧⲃⲉ -->
<feat xlink:href="#norm_group_471" value="ⲟⲩ"/><!-- ⲟⲩ -->
<feat xlink:href="#norm_group_472" value="ⲕϩⲓⲟⲩⲉ"/><!-- ⲕ...ϩⲓⲟⲩⲉ -->
<feat xlink:href="#norm_group_474" value="ⲉⲡⲉⲧϩⲓⲧⲟⲩⲱⲕ"/><!-- ⲉ...ⲕ -->
<feat xlink:href="#norm_group_479" value="ⲛⲧⲟϥ"/><!-- ⲛⲧⲟϥ -->
<feat xlink:href="#norm_group_480" value="ⲇⲉ"/><!-- ⲇⲉ -->
<feat xlink:href="#norm_group_481" value="ⲡⲉϫⲁϥ"/><!-- ⲡⲉϫⲁ...ϥ -->
<feat xlink:href="#norm_group_483" value="ⲛⲁϥϫⲉ"/><!-- ⲛⲁϥϫⲉ -->
<feat xlink:href="#norm_group_484" value="ⲛⲓⲙ"/><!-- ⲛⲓⲙ -->
<feat xlink:href="#norm_group_485" value="ⲡⲉ"/><!-- ⲡⲉ -->
<feat xlink:href="#norm_group_486" value="ⲛⲧⲁϥⲕⲁⲑⲓⲥⲧⲁ"/><!-- ⲛⲧ...ⲕⲁⲑⲓⲥⲧⲁ -->
<feat xlink:href="#norm_group_490" value="ⲙⲙⲟⲕ"/><!-- ⲙⲙⲟ...ⲕ -->
<feat xlink:href="#norm_group_492" value="ⲛⲁⲣⲭⲱⲛ"/><!-- ⲛ...ⲁⲣⲭⲱⲛ -->
<feat xlink:href="#norm_group_494" value="ⲁⲩⲱ"/><!-- ⲁⲩⲱ -->
<feat xlink:href="#norm_group_495" value="ⲛⲣⲉϥϯ"/><!-- ⲛ...ϯ -->
<feat xlink:href="#norm_group_498" value="ϩⲁⲡ"/><!-- ϩⲁ...ⲡ -->
<feat xlink:href="#norm_group_500" value="ⲉϩⲣⲁⲓ"/><!-- ⲉϩⲣⲁⲓ -->
<feat xlink:href="#norm_group_501" value="ⲉϫⲱⲛ"/><!-- ⲉϫⲱ...ⲛ -->
<feat xlink:href="#norm_group_503" value="ⲙⲏ"/><!-- ⲙⲏ -->
<feat xlink:href="#norm_group_504" value="ⲉⲕⲟⲩⲱϣ"/><!-- ⲉ...ⲟⲩⲱϣ -->
<feat xlink:href="#norm_group_507" value="ⲛⲧⲟⲕ"/><!-- ⲛⲧⲟⲕ -->
<feat xlink:href="#norm_group_508" value="ⲉϩⲟⲧⲃⲉⲧ"/><!-- ⲉ...ⲧ -->
<feat xlink:href="#norm_group_511" value="ⲛⲧϩⲉ"/><!-- ⲛ...ⲉ -->
<feat xlink:href="#norm_group_514" value="ⲛⲧⲁⲕϩⲱⲧⲃ"/><!-- ⲛⲧ...ϩⲱⲧⲃ -->
<feat xlink:href="#norm_group_518" value="ⲙⲡⲣⲙⲛⲕⲏⲙⲉ"/><!-- ⲙ...ⲣⲙⲛⲕⲏⲙⲉ -->
<feat xlink:href="#norm_group_521" value="ⲛⲥⲁϥ"/><!-- ⲛⲥⲁϥ -->
<feat xlink:href="#norm_group_522" value="ⲁϥⲣ"/><!-- ⲁ...ⲣ -->
<feat xlink:href="#norm_group_525" value="ϩⲟⲧⲉ"/><!-- ϩⲟⲧⲉ -->
<feat xlink:href="#norm_group_526" value="ⲇⲉ"/><!-- ⲇⲉ -->
<feat xlink:href="#norm_group_527" value="ⲛϭⲓ"/><!-- ⲛϭⲓ -->
<feat xlink:href="#norm_group_528" value="ⲙⲱⲩⲥⲏⲥ"/><!-- ⲙⲱⲩⲥⲏⲥ -->
<feat xlink:href="#norm_group_529" value="ⲉϥϫⲱ"/><!-- ⲉ...ϫⲱ -->
<feat xlink:href="#norm_group_532" value="ⲙⲙⲟⲥ"/><!-- ⲙⲙⲟ...ⲥ -->
<feat xlink:href="#norm_group_534" value="ϫⲉ"/><!-- ϫⲉ -->
<feat xlink:href="#norm_group_535" value="ⲉⲉⲓⲉ"/><!-- ⲉⲉⲓⲉ -->
<feat xlink:href="#norm_group_536" value="ⲁⲡϣⲁϫⲉ"/><!-- ⲁ...ϫⲉ -->
<feat xlink:href="#norm_group_540" value="ⲟⲩⲱⲛⲉϩ"/><!-- ⲟⲩⲱ...ⲛⲉϩ -->
<feat xlink:href="#norm_group_542" value="ⲉⲃⲟⲗ"/><!-- ⲉⲃⲟⲗ -->
<feat xlink:href="#norm_group_543" value="ⲛⲧⲉⲉⲓϩⲉ"/><!-- ⲛⲧⲉⲉⲓϩⲉ -->
<feat xlink:href="#norm_group_544" value="ⲁⲫⲁⲣⲁⲱ"/><!-- ⲁ...ⲫⲁⲣⲁⲱ -->
<feat xlink:href="#norm_group_546" value="ⲥⲱⲧⲙ"/><!-- ⲥⲱⲧⲙ -->
<feat xlink:href="#norm_group_547" value="ⲉⲡⲉⲉⲓϣⲁϫⲉ"/><!-- ⲉⲡⲉⲉⲓϣⲁϫⲉ -->
<feat xlink:href="#norm_group_548" value="ⲁϥϣⲓⲛⲉ"/><!-- ⲁ...ϣⲓⲛⲉ -->
<feat xlink:href="#norm_group_551" value="ⲛⲥⲁ"/><!-- ⲛⲥⲁ -->
<feat xlink:href="#norm_group_552" value="ϩⲱⲧⲃ"/><!-- ϩⲱⲧⲃ -->
<feat xlink:href="#norm_group_553" value="ⲙⲙⲱⲩⲥⲏⲥ"/><!-- ⲙ...ⲙⲱⲩⲥⲏⲥ -->
<feat xlink:href="#norm_group_555" value="ⲁϥⲡⲱⲧ"/><!-- ⲁ...ⲡⲱⲧ -->
<feat xlink:href="#norm_group_558" value="ⲛⲇⲉ"/><!-- ⲛⲇⲉ -->
<feat xlink:href="#norm_group_559" value="ⲛϭⲓ"/><!-- ⲛϭⲓ -->
<feat xlink:href="#norm_group_560" value="ⲙⲱⲩⲥⲏⲥ"/><!-- ⲙⲱⲩⲥⲏⲥ -->
<feat xlink:href="#norm_group_561" value="ⲛⲛⲁϩⲣⲛ"/><!-- ⲛⲛⲁϩⲣⲛ -->
<feat xlink:href="#norm_group_562" value="ⲡϩⲟ"/><!-- ⲡ...ϩⲟ -->
<feat xlink:href="#norm_group_564" value="ⲙⲫⲁⲣⲁⲱ"/><!-- ⲙ...ⲫⲁⲣⲁⲱ -->
<feat xlink:href="#norm_group_566" value="ⲁϥⲟⲩⲱϩ"/><!-- ⲁ...ⲟⲩⲱϩ -->
<feat xlink:href="#norm_group_569" value="ⲉϩⲣⲁⲓ"/><!-- ⲉϩⲣⲁⲓ -->
<feat xlink:href="#norm_group_570" value="ⲉϫⲙ"/><!-- ⲉϫⲙ -->
<feat xlink:href="#norm_group_571" value="ⲡⲕⲁϩ"/><!-- ⲡ...ⲕⲁϩ -->
<feat xlink:href="#norm_group_573" value="ⲙⲙⲁⲇⲓϩⲁⲙ"/><!-- ⲙⲙⲁⲇⲓϩⲁⲙ -->
<feat xlink:href="#norm_group_574" value="ⲁϥϩⲙⲟⲟⲥ"/><!-- ⲁ...ϩⲙⲟⲟⲥ -->
<feat xlink:href="#norm_group_577" value="ⲉϩⲣⲁⲓ"/><!-- ⲉϩⲣⲁⲓ -->
<feat xlink:href="#norm_group_578" value="ⲉϫⲛ"/><!-- ⲉϫⲛ -->
<feat xlink:href="#norm_group_579" value="ⲧϣⲱⲧⲉ"/><!-- ⲧϣⲱⲧⲉ -->
<feat xlink:href="#norm_group_580" value="ⲡⲟⲩⲏⲏⲃ"/><!-- ⲡ...ⲟⲩⲏⲏⲃ -->
<feat xlink:href="#norm_group_582" value="ⲛⲇⲉ"/><!-- ⲛⲇⲉ -->
<feat xlink:href="#norm_group_583" value="ⲙⲙⲁⲇⲓϩⲁⲙ"/><!-- ⲙⲙⲁⲇⲓϩⲁⲙ -->
<feat xlink:href="#norm_group_584" value="ⲛⲉⲩⲛⲧⲁϥ"/><!-- ⲛⲉ...ⲁϥ -->
<feat xlink:href="#norm_group_589" value="ⲙⲙⲁⲩ"/><!-- ⲙⲙⲁⲩ -->
<feat xlink:href="#norm_group_590" value="ⲛⲥⲁϣϥⲉ"/><!-- ⲛ...ⲥⲁϣϥⲉ -->
<feat xlink:href="#norm_group_592" value="ⲛϣⲉⲉⲣⲉ"/><!-- ⲛ...ϣⲉⲉⲣⲉ -->
<feat xlink:href="#norm_group_594" value="ⲉⲩⲙⲟⲟⲛⲉ"/><!-- ⲉ...ⲙⲟⲟⲛⲉ -->
<feat xlink:href="#norm_group_597" value="ⲛⲛⲉⲥⲟⲟⲩ"/><!-- ⲛ...ⲉⲥⲟⲟⲩ -->
<feat xlink:href="#norm_group_600" value="ⲙⲡⲉⲩⲉⲓⲱⲧ"/><!-- ⲙ...ⲉⲓⲱⲧ -->
<feat xlink:href="#norm_group_603" value="ⲁⲩⲉⲓ"/><!-- ⲁ...ⲉⲓ -->
<feat xlink:href="#norm_group_606" value="ⲛⲇⲉ"/><!-- ⲛⲇⲉ -->
<feat xlink:href="#norm_group_607" value="ⲁⲩⲥⲱⲕ"/><!-- ⲁ...ⲥⲱⲕ -->
<feat xlink:href="#norm_group_610" value="ϣⲁⲛⲧⲟⲩⲙⲟⲩϩ"/><!-- ϣⲁⲛⲧ...ⲙⲟⲩϩ -->
<feat xlink:href="#norm_group_613" value="ⲛⲧϭⲱⲧ"/><!-- ⲛⲧϭⲱⲧ -->
<feat xlink:href="#norm_group_614" value="ⲛⲥⲉⲧⲥⲟ"/><!-- ⲛ...ⲧⲥⲟ -->
<feat xlink:href="#norm_group_617" value="ⲛⲛⲉⲥⲟⲟⲩ"/><!-- ⲛ...ⲉⲥⲟⲟⲩ -->
<feat xlink:href="#norm_group_620" value="ⲙⲡⲉⲩⲉⲓⲱⲧ"/><!-- ⲙ...ⲉⲓⲱⲧ -->
<feat xlink:href="#norm_group_623" value="ⲓⲟⲑⲟⲣ"/><!-- ⲓⲟⲑⲟⲣ -->
<feat xlink:href="#norm_group_624" value="ⲁⲛϣⲟⲟⲥ"/><!-- ⲁ...ϣⲟⲟⲥ -->
<feat xlink:href="#norm_group_627" value="ⲛⲇⲉ"/><!-- ⲛⲇⲉ -->
<feat xlink:href="#norm_group_628" value="ⲉⲓ"/><!-- ⲉⲓ -->
<feat xlink:href="#norm_group_629" value="ⲁⲩⲛⲟϫⲟⲩ"/><!-- ⲁ...ⲟⲩ -->
<feat xlink:href="#norm_group_633" value="ⲉⲃⲟⲗ"/><!-- ⲉⲃⲟⲗ -->
<feat xlink:href="#norm_group_634" value="ⲁϥⲧⲱⲟⲩⲛ"/><!-- ⲁ...ⲧⲱⲟⲩⲛ -->
<feat xlink:href="#norm_group_637" value="ⲛⲇⲉ"/><!-- ⲛⲇⲉ -->
<feat xlink:href="#norm_group_638" value="ⲛϭⲓ"/><!-- ⲛϭⲓ -->
<feat xlink:href="#norm_group_639" value="ⲙⲱⲩⲥⲏⲥ"/><!-- ⲙⲱⲩⲥⲏⲥ -->
<feat xlink:href="#norm_group_640" value="ⲁϥⲛⲁϩⲙⲟⲩ"/><!-- ⲁ...ⲛⲁϩⲙⲟⲩ -->
<feat xlink:href="#norm_group_643" value="ⲙⲛ"/><!-- ⲙⲛ -->
<feat xlink:href="#norm_group_644" value="ⲛⲉⲩⲉⲥⲟⲟⲩ"/><!-- ⲛⲉⲩ...ⲉⲥⲟⲟⲩ -->
<feat xlink:href="#norm_group_646" value="ⲉⲃⲟⲗ"/><!-- ⲉⲃⲟⲗ -->
<feat xlink:href="#norm_group_647" value="ϩⲓⲧⲟⲟⲧⲟⲩ"/><!-- ϩⲓ...ⲟⲩ -->
<feat xlink:href="#norm_group_650" value="ⲛⲛϣⲟⲟⲥ"/><!-- ⲛ...ϣⲟⲟⲥ -->
<feat xlink:href="#norm_group_653" value="ⲁϥⲥⲕ"/><!-- ⲁϥⲥⲕ -->
<feat xlink:href="#norm_group_654" value="ⲟⲩ"/><!-- ⲙⲟⲟⲩ -->
<feat xlink:href="#norm_group_655" value="ⲛⲁⲩ"/><!-- ⲛⲁ...ⲩ -->
<feat xlink:href="#norm_group_657" value="ⲁϥⲧⲥⲟ"/><!-- ⲁ...ⲧⲥⲟ -->
<feat xlink:href="#norm_group_660" value="ⲛⲛⲉⲩⲉⲥⲟⲟⲩ"/><!-- ⲛ...ⲉⲥⲟⲟⲩ -->
<feat xlink:href="#norm_group_663" value="ⲛⲧⲁⲣⲟⲩⲉⲓ"/><!-- ⲛⲧⲁⲣⲟⲩⲉⲓ -->
<feat xlink:href="#norm_group_664" value="ⲛⲇⲉ"/><!-- ⲛⲇⲉ -->
<feat xlink:href="#norm_group_665" value="ϣⲁ"/><!-- ϣⲁ -->
<feat xlink:href="#norm_group_666" value="ⲓⲟⲑⲟⲣ"/><!-- ⲓⲟⲑⲟⲣ -->
<feat xlink:href="#norm_group_667" value="ⲡⲉⲩⲉⲓⲱⲧ"/><!-- ⲡⲉⲩ...ⲉⲓⲱⲧ -->
<feat xlink:href="#norm_group_669" value="ⲡⲉϫⲁϥ"/><!-- ⲡⲉϫⲁ...ϥ -->
<feat xlink:href="#norm_group_671" value="ⲛⲁⲩ"/><!-- ⲛⲁ...ⲩ -->
<feat xlink:href="#norm_group_673" value="ϫⲉ"/><!-- ϫⲉ -->
<feat xlink:href="#norm_group_674" value="ⲉⲧⲃⲉ"/><!-- ⲉⲧⲃⲉ -->
<feat xlink:href="#norm_group_675" value="ⲟⲩ"/><!-- ⲟⲩ -->
<feat xlink:href="#norm_group_676" value="ⲁⲧⲉⲧⲛϭⲉⲡⲏ"/><!-- ⲁ...ϭⲉⲡⲏ -->
<feat xlink:href="#norm_group_679" value="ⲉⲉⲓ"/><!-- ⲉ...ⲉⲓ -->
<feat xlink:href="#norm_group_681" value="ⲙⲡⲟⲟⲩ"/><!-- ⲙ...ⲡⲟⲟⲩ -->
<feat xlink:href="#norm_group_683" value="ⲛⲧⲟⲟⲩ"/><!-- ⲛⲧⲟⲟⲩ -->
<feat xlink:href="#norm_group_684" value="ⲛⲇⲉ"/><!-- ⲛⲇⲉ -->
<feat xlink:href="#norm_group_685" value="ⲡⲉϫⲁⲩ"/><!-- ⲡⲉϫⲁ...ⲩ -->
<feat xlink:href="#norm_group_687" value="ϫⲉ"/><!-- ϫⲉ -->
<feat xlink:href="#norm_group_688" value="ⲟⲩⲣⲱⲙⲉ"/><!-- ⲟⲩ...ⲣⲱⲙⲉ -->
<feat xlink:href="#norm_group_690" value="ⲛⲣⲙⲛⲕⲏⲙⲉ"/><!-- ⲛ...ⲣⲙⲛⲕⲏⲙⲉ -->
<feat xlink:href="#norm_group_692" value="ⲡⲉⲛⲧⲁϥⲛⲁϩⲙⲛ"/><!-- ⲡ...ⲛ -->
<feat xlink:href="#norm_group_698" value="ⲉⲃⲟⲗ"/><!-- ⲉⲃⲟⲗ -->
<feat xlink:href="#norm_group_699" value="ϩⲓⲧⲟⲟⲧⲟⲩ"/><!-- ϩⲓ...ⲟⲩ -->
<feat xlink:href="#norm_group_702" value="ⲛⲛϣⲟⲟⲥ"/><!-- ⲛ...ϣⲟⲟⲥ -->
<feat xlink:href="#norm_group_705" value="ⲁϥⲥⲕ"/><!-- ⲁϥⲥⲕ -->
<feat xlink:href="#norm_group_706" value="ⲟⲩ"/><!-- ⲙⲟⲟⲩ -->
<feat xlink:href="#norm_group_707" value="ⲛⲁⲛ"/><!-- ⲛⲁ...ⲛ -->
<feat xlink:href="#norm_group_709" value="ⲁϥⲧⲥⲟ"/><!-- ⲁ...ⲧⲥⲟ -->
<feat xlink:href="#norm_group_712" value="ⲛⲛⲉⲛⲉⲥⲟⲟⲩ"/><!-- ⲛ...ⲉⲥⲟⲟⲩ -->
<feat xlink:href="#norm_group_715" value="ⲛⲧⲟϥ"/><!-- ⲛⲧⲟϥ -->
<feat xlink:href="#norm_group_716" value="ⲛⲇⲉ"/><!-- ⲛⲇⲉ -->
<feat xlink:href="#norm_group_717" value="ⲡⲉϫⲁϥ"/><!-- ⲡⲉϫⲁ...ϥ -->
<feat xlink:href="#norm_group_719" value="ⲛⲛⲉϥϣⲉⲉⲣⲉ"/><!-- ⲛ...ϣⲉⲉⲣⲉ -->
<feat xlink:href="#norm_group_722" value="ϫⲉ"/><!-- ϫⲉ -->
<feat xlink:href="#norm_group_723" value="ⲁⲩⲱ"/><!-- ⲁⲩⲱ -->
<feat xlink:href="#norm_group_724" value="ⲉϥⲧⲱⲛ"/><!-- ⲉ...ⲧⲱⲛ -->
<feat xlink:href="#norm_group_727" value="ⲉⲧⲃⲉ"/><!-- ⲉⲧⲃⲉ -->
<feat xlink:href="#norm_group_728" value="ⲟⲩ"/><!-- ⲟⲩ -->
<feat xlink:href="#norm_group_729" value="ⲁⲧⲉⲧⲛⲕⲁ"/><!-- ⲁ...ⲕⲁ -->
<feat xlink:href="#norm_group_732" value="ⲡⲣⲱⲙⲉ"/><!-- ⲡ...ⲣⲱⲙⲉ -->
<feat xlink:href="#norm_group_734" value="ⲉⲃⲟⲗ"/><!-- ⲉⲃⲟⲗ -->
<feat xlink:href="#norm_group_735" value="ⲛⲧⲉⲉⲓϩⲉ"/><!-- ⲛⲧⲉⲉⲓϩⲉ -->
<feat xlink:href="#norm_group_736" value="ⲙⲟⲩⲧⲉ"/><!-- ⲙⲟⲩⲧⲉ -->
<feat xlink:href="#norm_group_737" value="ϭⲉ"/><!-- ϭⲉ -->
<feat xlink:href="#norm_group_738" value="ⲉⲣⲟϥ"/><!-- ⲉⲣⲟ...ϥ -->
<feat xlink:href="#norm_group_740" value="ϫⲉ"/><!-- ϫⲉ -->
<feat xlink:href="#norm_group_741" value="ⲉϥⲉⲟⲩⲱⲙ"/><!-- ⲉϥⲉ...ⲟⲩⲱⲙ -->
<feat xlink:href="#norm_group_743" value="ⲛⲟⲩⲟⲉⲓⲕ"/><!-- ⲛ...ⲟⲉⲓⲕ -->
<feat xlink:href="#norm_group_746" value="ⲙⲱⲩⲥⲏⲥ"/><!-- ⲙⲱⲩⲥⲏⲥ -->
<feat xlink:href="#norm_group_747" value="ⲇⲉ"/><!-- ⲇⲉ -->
<feat xlink:href="#norm_group_748" value="ⲁϥⲟⲩⲱϩ"/><!-- ⲁ...ⲟⲩⲱϩ -->
<feat xlink:href="#norm_group_751" value="ⲙⲛ"/><!-- ⲙⲛ -->
<feat xlink:href="#norm_group_752" value="ⲡⲣⲱⲙⲉ"/><!-- ⲡ...ⲣⲱⲙⲉ -->
<feat xlink:href="#norm_group_754" value="ⲁϥϯ"/><!-- ⲁ...ϯ -->
<feat xlink:href="#norm_group_757" value="ⲛⲥⲉⲫⲣⲁⲛ"/><!-- ⲛⲥⲉⲫⲣⲁⲛ -->
<feat xlink:href="#norm_group_758" value="ϫⲉ"/><!-- ϫⲉ -->
<feat xlink:href="#norm_group_759" value="ⲉⲗⲓⲉⲍⲉⲣ"/><!-- ⲉⲗⲓⲉⲍⲉⲣ -->
<feat xlink:href="#norm_group_760" value="ⲫⲱⲣⲁ"/><!-- ⲫⲱⲣⲁ -->
<feat xlink:href="#norm_group_761" value="ⲧⲉϥϣⲉⲉⲣⲉ"/><!-- ⲧⲉϥ...ϣⲉⲉⲣⲉ -->
<feat xlink:href="#norm_group_763" value="ⲙⲙⲱⲩⲥⲏⲥ"/><!-- ⲙ...ⲙⲱⲩⲥⲏⲥ -->
<feat xlink:href="#norm_group_765" value="ⲛⲥϩⲓⲙⲉ"/><!-- ⲛ...ⲥϩⲓⲙⲉ -->
<feat xlink:href="#norm_group_767" value="ⲁⲥⲱⲱ"/><!-- ⲁⲥⲱⲱ -->
<feat xlink:href="#norm_group_768" value="ⲁⲥϫⲡⲟ"/><!-- ⲁ...ϫⲡⲟ -->
<feat xlink:href="#norm_group_771" value="ⲛⲟⲩϣⲏⲣⲉ"/><!-- ⲛ...ϣⲏⲣⲉ -->
<feat xlink:href="#norm_group_774" value="ⲁⲙⲱⲩⲥⲏⲥ"/><!-- ⲁ...ⲙⲱⲩⲥⲏⲥ -->
<feat xlink:href="#norm_group_776" value="ⲙⲟⲩⲧⲉ"/><!-- ⲙⲟⲩⲧⲉ -->
<feat xlink:href="#norm_group_777" value="ⲉⲡⲉϥⲣⲁⲛ"/><!-- ⲉ...ⲣⲁⲛ -->
<feat xlink:href="#norm_group_780" value="ϫⲉ"/><!-- ϫⲉ -->
<feat xlink:href="#norm_group_781" value="ⲅⲏⲣⲥⲁⲙ"/><!-- ⲅⲏⲣⲥⲁⲙ -->
<feat xlink:href="#norm_group_782" value="ⲉϥϫⲱ"/><!-- ⲉ...ϫⲱ -->
<feat xlink:href="#norm_group_785" value="ⲙⲙⲟⲥ"/><!-- ⲙⲙⲟ...ⲥ -->
<feat xlink:href="#norm_group_787" value="ϫⲉ"/><!-- ϫⲉ -->
<feat xlink:href="#norm_group_788" value="ⲁⲛⲅ"/><!-- ⲁⲛⲅ -->
<feat xlink:href="#norm_group_789" value="ⲟⲩⲣⲙⲛϭⲟⲉⲓⲗⲉ"/><!-- ⲟⲩⲣⲙⲛϭⲟⲉⲓⲗⲉ -->
<feat xlink:href="#norm_group_790" value="ϩⲛ"/><!-- ϩⲛ -->
<feat xlink:href="#norm_group_791" value="ⲟⲩⲕⲁϩ"/><!-- ⲟⲩ...ⲕⲁϩ -->
<feat xlink:href="#norm_group_793" value="ⲉⲙⲡⲱⲓ"/><!-- ⲉⲙⲡⲱⲓ -->
<feat xlink:href="#norm_group_794" value="ⲁⲛ"/><!-- ⲁⲛ -->
<feat xlink:href="#norm_group_795" value="ⲡⲉ"/><!-- ⲡⲉ -->
<feat xlink:href="#norm_group_796" value="ⲁⲥϫⲡⲟ"/><!-- ⲁ...ϫⲡⲟ -->
<feat xlink:href="#norm_group_799" value="ⲇⲉ"/><!-- ⲇⲉ -->
<feat xlink:href="#norm_group_800" value="ⲛⲕⲉϣⲏⲣⲉ"/><!-- ⲛ...ϣⲏⲣⲉ -->
<feat xlink:href="#norm_group_803" value="ⲁϥⲙⲟⲩⲧⲉ"/><!-- ⲁ...ⲙⲟⲩⲧⲉ -->
<feat xlink:href="#norm_group_806" value="ⲉⲡⲉϥⲣⲁⲛ"/><!-- ⲉ...ⲣⲁⲛ -->
<feat xlink:href="#norm_group_809" value="ϫⲉ"/><!-- ϫⲉ -->
<feat xlink:href="#norm_group_810" value="ⲉⲗⲓⲉⲍⲉⲣ"/><!-- ⲉⲗⲓⲉⲍⲉⲣ -->
<feat xlink:href="#norm_group_811" value="ⲙⲙⲛⲛⲥⲁ"/><!-- ⲙⲙⲛⲛⲥⲁ -->
<feat xlink:href="#norm_group_812" value="ⲛⲉϩⲟⲟⲩ"/><!-- ⲛⲉ...ϩⲟⲟⲩ -->
<feat xlink:href="#norm_group_814" value="ⲇⲉ"/><!-- ⲇⲉ -->
<feat xlink:href="#norm_group_815" value="ⲉⲧⲛⲁϣⲱⲟⲩ"/><!-- ⲉⲧ...ⲟⲩ -->
<feat xlink:href="#norm_group_818" value="ⲉⲧⲙⲙⲁⲩ"/><!-- ⲉⲧ...ⲙⲙⲁⲩ -->
<feat xlink:href="#norm_group_820" value="ⲁϥⲙⲟⲩ"/><!-- ⲁ...ⲙⲟⲩ -->
<feat xlink:href="#norm_group_823" value="ⲛϭⲓ"/><!-- ⲛϭⲓ -->
<feat xlink:href="#norm_group_824" value="ⲡⲣⲣⲟ"/><!-- ⲡ...ⲣⲣⲟ -->
<feat xlink:href="#norm_group_826" value="ⲛⲕⲏⲙⲉ"/><!-- ⲛ...ⲕⲏⲙⲉ -->
<feat xlink:href="#norm_group_828" value="ⲁⲛϣⲏⲣⲉ"/><!-- ⲁ...ⲣⲉ -->
<feat xlink:href="#norm_group_832" value="ⲛⲇⲉ"/><!-- ⲛⲇⲉ -->
<feat xlink:href="#norm_group_833" value="ⲙⲡⲓⲥⲣⲁⲏⲗ"/><!-- ⲙ...ⲓⲥⲣⲁⲏⲗ -->
<feat xlink:href="#norm_group_836" value="ⲁϣϣⲕⲁⲕ"/><!-- ⲁϣ -->
<feat xlink:href="#norm_group_837" value="ⲁϩⲟⲙ"/><!-- ⲁϩⲟⲙ -->
<feat xlink:href="#norm_group_838" value="ⲉⲃⲟⲗ"/><!-- ⲉⲃⲟⲗ -->
<feat xlink:href="#norm_group_839" value="ϩⲛ"/><!-- ϩⲛ -->
<feat xlink:href="#norm_group_840" value="ⲛⲉϩⲃⲏⲩⲉ"/><!-- ⲛⲉ...ϩⲃⲏⲩⲉ -->
<feat xlink:href="#norm_group_842" value="ⲉⲧⲛⲁϣⲧ"/><!-- ⲉⲧ...ⲛⲁϣⲧ -->
<feat xlink:href="#norm_group_844" value="ⲁⲩⲱϣ"/><!-- ⲁ...ⲱϣ -->
<feat xlink:href="#norm_group_847" value="ⲉⲃⲟⲗ"/><!-- ⲉⲃⲟⲗ -->
<feat xlink:href="#norm_group_848" value="ⲁⲡⲉⲩⲁϣϣⲕⲁⲕⲕⲁⲕ"/><!-- ⲁ...ⲕ -->
<feat xlink:href="#norm_group_853" value="ⲃⲱⲕ"/><!-- ⲃⲱⲕ -->
<feat xlink:href="#norm_group_854" value="ⲉϩⲣⲁⲓ"/><!-- ⲉϩⲣⲁⲓ -->
<feat xlink:href="#norm_group_855" value="ϣⲁ"/><!-- ϣⲁ -->
<feat xlink:href="#norm_group_856" value="ⲡⲛⲟⲩⲧⲉ"/><!-- ⲡ...ⲛⲟⲩⲧⲉ -->
<feat xlink:href="#norm_group_858" value="ⲉⲃⲟⲗ"/><!-- ⲉⲃⲟⲗ -->
<feat xlink:href="#norm_group_859" value="ϩⲛ"/><!-- ϩⲛ -->
<feat xlink:href="#norm_group_860" value="ⲛⲉϩⲃⲏⲩⲉ"/><!-- ⲛⲉ...ϩⲃⲏⲩⲉ -->
<feat xlink:href="#norm_group_862" value="ⲡⲛⲟⲩⲧⲉ"/><!-- ⲡ...ⲛⲟⲩⲧⲉ -->
<feat xlink:href="#norm_group_864" value="ⲛⲇⲉ"/><!-- ⲛⲇⲉ -->
<feat xlink:href="#norm_group_865" value="ⲁϥⲥⲱⲧⲙ"/><!-- ⲁ...ⲥⲱⲧⲙ -->
<feat xlink:href="#norm_group_868" value="ⲉⲡⲉⲩⲁϣⲕⲁⲕ"/><!-- ⲉⲡⲉⲩⲁϣⲕⲁⲕ -->
<feat xlink:href="#norm_group_869" value="ⲙⲛ"/><!-- ⲙⲛ -->
<feat xlink:href="#norm_group_870" value="ⲡⲉⲩⲁϣϣⲕⲁⲕ"/><!-- ⲡⲉⲩ...ⲁϣ -->
<feat xlink:href="#norm_group_872" value="ⲁϩⲟⲙ"/><!-- ⲁϩⲟⲙ -->
<feat xlink:href="#norm_group_873" value="ⲁⲩⲱ"/><!-- ⲁⲩⲱ -->
<feat xlink:href="#norm_group_874" value="ⲁϥⲣ"/><!-- ⲁ...ⲣ -->
<feat xlink:href="#norm_group_877" value="ⲡⲙⲉⲉⲩⲉ"/><!-- ⲡ...ⲙⲉⲉⲩⲉ -->
<feat xlink:href="#norm_group_879" value="ⲛϭⲓ"/><!-- ⲛϭⲓ -->
<feat xlink:href="#norm_group_880" value="ⲡⲛⲟⲩⲧⲉ"/><!-- ⲡ...ⲛⲟⲩⲧⲉ -->
<feat xlink:href="#norm_group_882" value="ⲛⲧⲉϥⲇⲓⲁⲑⲏⲕⲏ"/><!-- ⲛ...ⲇⲓⲁⲑⲏⲕⲏ -->
<feat xlink:href="#norm_group_885" value="ⲧⲁⲓ"/><!-- ⲧⲁⲓ -->
<feat xlink:href="#norm_group_886" value="ⲛⲧⲁϥⲥⲙⲛⲧⲥ"/><!-- ⲛⲧⲁϥⲥⲙⲛⲧⲥ -->
<feat xlink:href="#norm_group_887" value="ⲙⲛ"/><!-- ⲙⲛ -->
<feat xlink:href="#norm_group_888" value="ⲁⲃⲣⲁϩⲁⲙ"/><!-- ⲁⲃⲣⲁϩⲁⲙ -->
<feat xlink:href="#norm_group_889" value="ⲁⲩⲱ"/><!-- ⲁⲩⲱ -->
<feat xlink:href="#norm_group_890" value="ⲓⲥⲁⲕ"/><!-- ⲓⲥⲁⲕ -->
<feat xlink:href="#norm_group_891" value="ⲙⲛ"/><!-- ⲙⲛ -->
<feat xlink:href="#norm_group_892" value="ⲓⲁⲕⲱⲃ"/><!-- ⲓⲁⲕⲱⲃ -->
<feat xlink:href="#norm_group_893" value="ⲁⲡⲛⲟⲩⲧⲉ"/><!-- ⲁ...ⲛⲟⲩⲧⲉ -->
<feat xlink:href="#norm_group_896" value="ϭⲱϣⲧ"/><!-- ϭⲱϣⲧ -->
<feat xlink:href="#norm_group_897" value="ⲉϫⲛ"/><!-- ⲉϫⲛ -->
<feat xlink:href="#norm_group_898" value="ⲛϣⲏⲣⲉ"/><!-- ⲛ...ϣⲏⲣⲉ -->
<feat xlink:href="#norm_group_900" value="ⲙⲡⲓⲥⲣⲁⲏⲗ"/><!-- ⲙ...ⲓⲥⲣⲁⲏⲗ -->
<feat xlink:href="#norm_group_903" value="ⲁϥⲣ"/><!-- ⲁ...ⲣ -->
<feat xlink:href="#norm_group_906" value="ⲡⲙⲉⲉⲩⲉ"/><!-- ⲡ...ⲙⲉⲉⲩⲉ -->
</featList>
</paula>
