<?xml version='1.0' encoding='UTF-8'?><!DOCTYPE paula SYSTEM "paula_feat.dtd">
<paula version="1.1">
	<header paula_id="scriptorium.pseudo.basil.temple.mark_multiword"/>
	<featList xmlns:xlink="http://www.w3.org/1999/xlink" type="multiword" xml:base="scriptorium.pseudo.basil.temple.mark.xml">
		<feat xlink:href="#sSpan58" value="ⲉ ⲁ"/>
		<feat xlink:href="#sSpan130" value="ⲉⲃⲟⲗ ϩⲛ"/>
		<feat xlink:href="#sSpan440" value="ⲃⲱⲗ ⲉⲃⲟⲗ"/>
		<feat xlink:href="#sSpan549" value="ⲃⲱⲗ ⲉⲃⲟⲗ"/>
		<feat xlink:href="#sSpan589" value="ⲉ ⲁ"/>
		<feat xlink:href="#sSpan769" value="ⲙⲛ ⲟⲩⲟⲛ"/>
		<feat xlink:href="#sSpan789" value="ⲉⲓⲛⲉ ⲙⲙⲟ"/>
		<feat xlink:href="#sSpan975" value="ⲱϣ ⲉⲃⲟⲗ"/>
		<feat xlink:href="#sSpan1395" value="ⲃⲱⲗ ⲉⲃⲟⲗ"/>
		<feat xlink:href="#sSpan1810" value="ⲉⲧⲃⲉ ⲟⲩ"/>
		<feat xlink:href="#sSpan1827" value="ⲉⲃⲟⲗ ϫⲉ"/>
		<feat xlink:href="#sSpan1890" value="ⲟⲩⲱⲛϩ ⲉⲃⲟⲗ"/>
		<feat xlink:href="#sSpan1919" value="ⲉⲃⲟⲗ ϫⲉ"/>
		<feat xlink:href="#sSpan1977" value="ⲉ ⲁ"/>
		<feat xlink:href="#sSpan2165" value="ⲉⲃⲟⲗ ϫⲉ"/>
		<feat xlink:href="#sSpan2405" value="ⲉⲧⲃⲉ ⲡⲁⲓ"/>
		<feat xlink:href="#sSpan2523" value="ⲛⲕⲁ ⲛⲓⲙ"/>
		<feat xlink:href="#sSpan3281" value="ⲱϣ ⲉⲃⲟⲗ"/>
		<feat xlink:href="#sSpan3629" value="ⲉⲧⲃⲉ ⲡⲁⲓ"/>
		<feat xlink:href="#sSpan4090" value="ϩⲱⲃ ⲛⲓⲙ"/>
		<feat xlink:href="#sSpan4255" value="ⲉⲃⲟⲗ ϩⲛ"/>
		<feat xlink:href="#sSpan4423" value="ⲉⲓ ⲉⲃⲟⲗ"/>
		<feat xlink:href="#sSpan4587" value="ⲉⲧⲃⲉ ⲟⲩ"/>
		<feat xlink:href="#sSpan4616" value="ⲃⲱⲗ ⲉⲃⲟⲗ"/>
		<feat xlink:href="#sSpan5350" value="ⲃⲱⲗ ⲉⲃⲟⲗ"/>
		<feat xlink:href="#sSpan5555" value="ⲉⲃⲟⲗ ϫⲉ"/>
		<feat xlink:href="#sSpan5936" value="ⲉⲧⲃⲉ ⲟⲩ"/>
		<feat xlink:href="#sSpan5978" value="ⲉⲓⲣⲉ ⲛ"/>
		<feat xlink:href="#sSpan7202" value="ⲉ ⲁ"/>
		<feat xlink:href="#sSpan7270" value="ⲉ ⲁ"/>
		<feat xlink:href="#sSpan7314" value="ⲃⲣⲃⲣ ⲉϩⲣⲁⲓ"/>
		<feat xlink:href="#sSpan7374" value="ϥⲱⲧⲉ ⲉⲃⲟⲗ"/>
		<feat xlink:href="#sSpan7716" value="ⲙⲏⲏϣⲉ ⲛ"/>
		<feat xlink:href="#sSpan7771" value="ϥⲱⲧⲉ ⲉⲃⲟⲗ"/>
		<feat xlink:href="#sSpan7935" value="ⲉⲃⲟⲗ ϫⲉ"/>
		<feat xlink:href="#sSpan8044" value="ⲱϣ ⲉⲃⲟⲗ"/>
		<feat xlink:href="#sSpan8063" value="ⲉⲓⲥ ϩⲏⲏⲧⲉ"/>
		<feat xlink:href="#sSpan8163" value="ⲉⲃⲟⲗ ϫⲉ"/>
		<feat xlink:href="#sSpan9000" value="ⲉⲃⲟⲗ ϫⲉ"/>
		<feat xlink:href="#sSpan9105" value="ⲉⲧⲃⲉ ⲡⲁⲓ"/>
		<feat xlink:href="#sSpan9199" value="ⲃⲱⲕ ⲉⲃⲟⲗ"/>
		<feat xlink:href="#sSpan9268" value="ϭⲱ ⲉ"/>
		<feat xlink:href="#sSpan9334" value="ⲉⲧⲃⲉ ⲡⲁⲓ"/>
		<feat xlink:href="#sSpan9406" value="ϭⲱ ⲉ"/>
		<feat xlink:href="#sSpan9557" value="ⲃⲱⲕ ⲉϩⲟⲩⲛ"/>
		<feat xlink:href="#sSpan9703" value="ϩⲉ ⲉ"/>
		<feat xlink:href="#sSpan9823" value="ⲛⲏⲩ ⲛ"/>
		<feat xlink:href="#sSpan10446" value="ⲉⲧⲃⲉ ⲟⲩ"/>
		<feat xlink:href="#sSpan10502" value="ⲉⲃⲟⲗ ϫⲉ"/>
		<feat xlink:href="#sSpan10735" value="ⲉ ⲁ"/>
		<feat xlink:href="#sSpan11290" value="ⲉⲧⲃⲉ ⲡⲁⲓ"/>
		<feat xlink:href="#sSpan11323" value="ⲃⲱⲗ ⲉⲃⲟⲗ"/>
		<feat xlink:href="#sSpan12245" value="ⲉⲓ ⲉⲃⲟⲗ"/>
		<feat xlink:href="#sSpan12297" value="ⲉ ⲁ"/>
		<feat xlink:href="#sSpan12696" value="ⲉⲃⲟⲗ ϩⲓⲧⲟⲟⲧ"/></featList></paula>