<?xml version='1.0' encoding='UTF-8'?><!DOCTYPE paula SYSTEM "paula_feat.dtd">
<paula version="1.1">
	<header paula_id="scriptorium.1Cor_04.dep_func"/>
	<featList xmlns:xlink="http://www.w3.org/1999/xlink" type="func" xml:base="scriptorium.1Cor_04.dep.xml">
		<feat xlink:href="#sPointingRel1" value="aux"/>
		<feat xlink:href="#sPointingRel3" value="nsubj"/>
		<feat xlink:href="#sPointingRel5" value="nsubj"/>
		<feat xlink:href="#sPointingRel7" value="aux"/>
		<feat xlink:href="#sPointingRel9" value="parataxis"/>
		<feat xlink:href="#sPointingRel11" value="case"/>
		<feat xlink:href="#sPointingRel13" value="cop"/>
		<feat xlink:href="#sPointingRel15" value="fixed"/>
		<feat xlink:href="#sPointingRel17" value="det"/>
		<feat xlink:href="#sPointingRel19" value="case"/>
		<feat xlink:href="#sPointingRel21" value="det"/>
		<feat xlink:href="#sPointingRel23" value="nsubj"/>
		<feat xlink:href="#sPointingRel25" value="case"/>
		<feat xlink:href="#sPointingRel27" value="nmod:poss"/>
		<feat xlink:href="#sPointingRel29" value="nsubj"/>
		<feat xlink:href="#sPointingRel31" value="advcl"/>
		<feat xlink:href="#sPointingRel33" value="mark"/>
		<feat xlink:href="#sPointingRel35" value="obj"/>
		<feat xlink:href="#sPointingRel37" value="det"/>
		<feat xlink:href="#sPointingRel39" value="mark"/>
		<feat xlink:href="#sPointingRel41" value="nmod:poss"/>
		<feat xlink:href="#sPointingRel43" value="nmod"/>
		<feat xlink:href="#sPointingRel45" value="case"/>
		<feat xlink:href="#sPointingRel47" value="det"/>
		<feat xlink:href="#sPointingRel49" value="nsubj"/>
		<feat xlink:href="#sPointingRel51" value="det"/>
		<feat xlink:href="#sPointingRel53" value="obj"/>
		<feat xlink:href="#sPointingRel55" value="case"/>
		<feat xlink:href="#sPointingRel57" value="punct"/>
		<feat xlink:href="#sPointingRel59" value="nsubj"/>
		<feat xlink:href="#sPointingRel61" value="case"/>
		<feat xlink:href="#sPointingRel63" value="parataxis"/>
		<feat xlink:href="#sPointingRel65" value="advmod"/>
		<feat xlink:href="#sPointingRel67" value="obl"/>
		<feat xlink:href="#sPointingRel69" value="obj"/>
		<feat xlink:href="#sPointingRel71" value="advmod"/>
		<feat xlink:href="#sPointingRel73" value="case"/>
		<feat xlink:href="#sPointingRel75" value="mark"/>
		<feat xlink:href="#sPointingRel77" value="nsubj"/>
		<feat xlink:href="#sPointingRel79" value="obl"/>
		<feat xlink:href="#sPointingRel81" value="det"/>
		<feat xlink:href="#sPointingRel83" value="advmod"/>
		<feat xlink:href="#sPointingRel85" value="nsubj"/>
		<feat xlink:href="#sPointingRel87" value="punct"/>
		<feat xlink:href="#sPointingRel89" value="mark"/>
		<feat xlink:href="#sPointingRel91" value="case"/>
		<feat xlink:href="#sPointingRel93" value="det"/>
		<feat xlink:href="#sPointingRel95" value="case"/>
		<feat xlink:href="#sPointingRel97" value="aux"/>
		<feat xlink:href="#sPointingRel99" value="mark"/>
		<feat xlink:href="#sPointingRel101" value="advmod"/>
		<feat xlink:href="#sPointingRel103" value="obl"/>
		<feat xlink:href="#sPointingRel105" value="case"/>
		<feat xlink:href="#sPointingRel107" value="det"/>
		<feat xlink:href="#sPointingRel109" value="case"/>
		<feat xlink:href="#sPointingRel111" value="det"/>
		<feat xlink:href="#sPointingRel113" value="advmod"/>
		<feat xlink:href="#sPointingRel115" value="mark"/>
		<feat xlink:href="#sPointingRel117" value="conj"/>
		<feat xlink:href="#sPointingRel119" value="case"/>
		<feat xlink:href="#sPointingRel121" value="advmod"/>
		<feat xlink:href="#sPointingRel123" value="obj"/>
		<feat xlink:href="#sPointingRel125" value="obl"/>
		<feat xlink:href="#sPointingRel127" value="case"/>
		<feat xlink:href="#sPointingRel129" value="det"/>
		<feat xlink:href="#sPointingRel131" value="det"/>
		<feat xlink:href="#sPointingRel133" value="advmod"/>
		<feat xlink:href="#sPointingRel135" value="det"/>
		<feat xlink:href="#sPointingRel137" value="det"/>
		<feat xlink:href="#sPointingRel139" value="obj"/>
		<feat xlink:href="#sPointingRel141" value="det"/>
		<feat xlink:href="#sPointingRel143" value="case"/>
		<feat xlink:href="#sPointingRel145" value="nsubj"/>
		<feat xlink:href="#sPointingRel147" value="advcl"/>
		<feat xlink:href="#sPointingRel149" value="case"/>
		<feat xlink:href="#sPointingRel151" value="mark"/>
		<feat xlink:href="#sPointingRel153" value="case"/>
		<feat xlink:href="#sPointingRel155" value="det"/>
		<feat xlink:href="#sPointingRel157" value="cc"/>
		<feat xlink:href="#sPointingRel159" value="mark"/>
		<feat xlink:href="#sPointingRel161" value="obl"/>
		<feat xlink:href="#sPointingRel163" value="nmod"/>
		<feat xlink:href="#sPointingRel165" value="obj"/>
		<feat xlink:href="#sPointingRel167" value="cop"/>
		<feat xlink:href="#sPointingRel169" value="case"/>
		<feat xlink:href="#sPointingRel171" value="obj"/>
		<feat xlink:href="#sPointingRel173" value="nsubj"/>
		<feat xlink:href="#sPointingRel175" value="mark"/>
		<feat xlink:href="#sPointingRel177" value="parataxis"/>
		<feat xlink:href="#sPointingRel179" value="punct"/>
		<feat xlink:href="#sPointingRel181" value="advmod"/>
		<feat xlink:href="#sPointingRel183" value="acl:relcl"/>
		<feat xlink:href="#sPointingRel185" value="det"/>
		<feat xlink:href="#sPointingRel187" value="appos"/>
		<feat xlink:href="#sPointingRel189" value="det"/>
		<feat xlink:href="#sPointingRel191" value="nsubj"/>
		<feat xlink:href="#sPointingRel193" value="advmod"/>
		<feat xlink:href="#sPointingRel195" value="mark"/>
		<feat xlink:href="#sPointingRel197" value="obl"/>
		<feat xlink:href="#sPointingRel199" value="det"/>
		<feat xlink:href="#sPointingRel201" value="case"/>
		<feat xlink:href="#sPointingRel203" value="obl"/>
		<feat xlink:href="#sPointingRel205" value="obl"/>
		<feat xlink:href="#sPointingRel207" value="dislocated"/>
		<feat xlink:href="#sPointingRel209" value="obl"/>
		<feat xlink:href="#sPointingRel211" value="case"/>
		<feat xlink:href="#sPointingRel213" value="advmod"/>
		<feat xlink:href="#sPointingRel215" value="case"/>
		<feat xlink:href="#sPointingRel217" value="advmod"/>
		<feat xlink:href="#sPointingRel219" value="case"/>
		<feat xlink:href="#sPointingRel221" value="aux"/>
		<feat xlink:href="#sPointingRel223" value="obl"/>
		<feat xlink:href="#sPointingRel225" value="det"/>
		<feat xlink:href="#sPointingRel227" value="mark"/>
		<feat xlink:href="#sPointingRel229" value="nsubj"/>
		<feat xlink:href="#sPointingRel231" value="aux"/>
		<feat xlink:href="#sPointingRel233" value="punct"/>
		<feat xlink:href="#sPointingRel235" value="obl"/>
		<feat xlink:href="#sPointingRel237" value="parataxis"/>
		<feat xlink:href="#sPointingRel239" value="obl"/>
		<feat xlink:href="#sPointingRel241" value="obl"/>
		<feat xlink:href="#sPointingRel243" value="acl:relcl"/>
		<feat xlink:href="#sPointingRel245" value="acl:relcl"/>
		<feat xlink:href="#sPointingRel247" value="acl:relcl"/>
		<feat xlink:href="#sPointingRel249" value="cc"/>
		<feat xlink:href="#sPointingRel251" value="conj"/>
		<feat xlink:href="#sPointingRel253" value="xcomp"/>
		<feat xlink:href="#sPointingRel255" value="obl"/>
		<feat xlink:href="#sPointingRel257" value="conj"/>
		<feat xlink:href="#sPointingRel259" value="advcl"/>
		<feat xlink:href="#sPointingRel261" value="nmod"/>
		<feat xlink:href="#sPointingRel263" value="punct"/>
		<feat xlink:href="#sPointingRel265" value="mark"/>
		<feat xlink:href="#sPointingRel267" value="obl"/>
		<feat xlink:href="#sPointingRel269" value="mark"/>
		<feat xlink:href="#sPointingRel271" value="punct"/>
		<feat xlink:href="#sPointingRel273" value="nmod"/>
		<feat xlink:href="#sPointingRel275" value="det"/>
		<feat xlink:href="#sPointingRel277" value="nsubj"/>
		<feat xlink:href="#sPointingRel279" value="mark"/>
		<feat xlink:href="#sPointingRel281" value="mark"/>
		<feat xlink:href="#sPointingRel283" value="obj"/>
		<feat xlink:href="#sPointingRel285" value="nsubj"/>
		<feat xlink:href="#sPointingRel287" value="nmod"/>
		<feat xlink:href="#sPointingRel289" value="obl"/>
		<feat xlink:href="#sPointingRel291" value="nmod:unmarked"/>
		<feat xlink:href="#sPointingRel293" value="nsubj"/>
		<feat xlink:href="#sPointingRel295" value="obl"/>
		<feat xlink:href="#sPointingRel297" value="det"/>
		<feat xlink:href="#sPointingRel299" value="nmod:poss"/>
		<feat xlink:href="#sPointingRel301" value="det"/>
		<feat xlink:href="#sPointingRel303" value="obj"/>
		<feat xlink:href="#sPointingRel305" value="advcl"/>
		<feat xlink:href="#sPointingRel307" value="cop"/>
		<feat xlink:href="#sPointingRel309" value="nmod"/>
		<feat xlink:href="#sPointingRel311" value="obj"/>
		<feat xlink:href="#sPointingRel313" value="advcl"/>
		<feat xlink:href="#sPointingRel315" value="obl"/>
		<feat xlink:href="#sPointingRel317" value="obl"/>
		<feat xlink:href="#sPointingRel319" value="case"/>
		<feat xlink:href="#sPointingRel321" value="aux"/>
		<feat xlink:href="#sPointingRel323" value="obl"/>
		<feat xlink:href="#sPointingRel325" value="cop"/>
		<feat xlink:href="#sPointingRel327" value="det"/>
		<feat xlink:href="#sPointingRel329" value="case"/>
		<feat xlink:href="#sPointingRel331" value="cc"/>
		<feat xlink:href="#sPointingRel333" value="advmod"/>
		<feat xlink:href="#sPointingRel335" value="acl:relcl"/>
		<feat xlink:href="#sPointingRel337" value="mark"/>
		<feat xlink:href="#sPointingRel339" value="case"/>
		<feat xlink:href="#sPointingRel341" value="case"/>
		<feat xlink:href="#sPointingRel343" value="ccomp"/>
		<feat xlink:href="#sPointingRel345" value="cc"/>
		<feat xlink:href="#sPointingRel347" value="obl"/>
		<feat xlink:href="#sPointingRel349" value="xcomp"/>
		<feat xlink:href="#sPointingRel351" value="obl"/>
		<feat xlink:href="#sPointingRel353" value="conj"/>
		<feat xlink:href="#sPointingRel355" value="aux"/>
		<feat xlink:href="#sPointingRel357" value="case"/>
		<feat xlink:href="#sPointingRel359" value="dislocated"/>
		<feat xlink:href="#sPointingRel361" value="mark"/>
		<feat xlink:href="#sPointingRel363" value="case"/>
		<feat xlink:href="#sPointingRel365" value="case"/>
		<feat xlink:href="#sPointingRel367" value="mark"/>
		<feat xlink:href="#sPointingRel369" value="advcl"/>
		<feat xlink:href="#sPointingRel371" value="det"/>
		<feat xlink:href="#sPointingRel373" value="appos"/>
		<feat xlink:href="#sPointingRel375" value="aux"/>
		<feat xlink:href="#sPointingRel377" value="case"/>
		<feat xlink:href="#sPointingRel379" value="punct"/>
		<feat xlink:href="#sPointingRel381" value="case"/>
		<feat xlink:href="#sPointingRel383" value="dislocated"/>
		<feat xlink:href="#sPointingRel385" value="nsubj"/>
		<feat xlink:href="#sPointingRel387" value="case"/>
		<feat xlink:href="#sPointingRel389" value="case"/>
		<feat xlink:href="#sPointingRel391" value="det"/>
		<feat xlink:href="#sPointingRel393" value="nsubj"/>
		<feat xlink:href="#sPointingRel395" value="nsubj"/>
		<feat xlink:href="#sPointingRel397" value="obl"/>
		<feat xlink:href="#sPointingRel399" value="punct"/>
		<feat xlink:href="#sPointingRel401" value="case"/>
		<feat xlink:href="#sPointingRel403" value="advcl"/>
		<feat xlink:href="#sPointingRel405" value="nsubj"/>
		<feat xlink:href="#sPointingRel407" value="case"/>
		<feat xlink:href="#sPointingRel409" value="conj"/>
		<feat xlink:href="#sPointingRel411" value="case"/>
		<feat xlink:href="#sPointingRel413" value="det"/>
		<feat xlink:href="#sPointingRel415" value="case"/>
		<feat xlink:href="#sPointingRel417" value="acl:relcl"/>
		<feat xlink:href="#sPointingRel419" value="nmod:unmarked"/>
		<feat xlink:href="#sPointingRel421" value="conj"/>
		<feat xlink:href="#sPointingRel423" value="case"/>
		<feat xlink:href="#sPointingRel425" value="case"/>
		<feat xlink:href="#sPointingRel427" value="advcl"/>
		<feat xlink:href="#sPointingRel429" value="punct"/>
		<feat xlink:href="#sPointingRel431" value="punct"/>
		<feat xlink:href="#sPointingRel433" value="case"/>
		<feat xlink:href="#sPointingRel435" value="case"/>
		<feat xlink:href="#sPointingRel437" value="nmod"/>
		<feat xlink:href="#sPointingRel439" value="aux"/>
		<feat xlink:href="#sPointingRel441" value="mark"/>
		<feat xlink:href="#sPointingRel443" value="parataxis"/>
		<feat xlink:href="#sPointingRel445" value="det"/>
		<feat xlink:href="#sPointingRel447" value="advmod"/>
		<feat xlink:href="#sPointingRel449" value="nsubj"/>
		<feat xlink:href="#sPointingRel451" value="case"/>
		<feat xlink:href="#sPointingRel453" value="advmod"/>
		<feat xlink:href="#sPointingRel455" value="nsubj"/>
		<feat xlink:href="#sPointingRel457" value="punct"/>
		<feat xlink:href="#sPointingRel459" value="case"/>
		<feat xlink:href="#sPointingRel461" value="advmod"/>
		<feat xlink:href="#sPointingRel463" value="dislocated"/>
		<feat xlink:href="#sPointingRel465" value="case"/>
		<feat xlink:href="#sPointingRel467" value="acl:relcl"/>
		<feat xlink:href="#sPointingRel469" value="vocative"/>
		<feat xlink:href="#sPointingRel471" value="cc"/>
		<feat xlink:href="#sPointingRel473" value="punct"/>
		<feat xlink:href="#sPointingRel475" value="aux"/>
		<feat xlink:href="#sPointingRel477" value="dislocated"/>
		<feat xlink:href="#sPointingRel479" value="nmod:poss"/>
		<feat xlink:href="#sPointingRel481" value="parataxis"/>
		<feat xlink:href="#sPointingRel483" value="punct"/>
		<feat xlink:href="#sPointingRel485" value="punct"/>
		<feat xlink:href="#sPointingRel487" value="obl"/>
		<feat xlink:href="#sPointingRel489" value="case"/>
		<feat xlink:href="#sPointingRel491" value="advcl"/>
		<feat xlink:href="#sPointingRel493" value="acl:relcl"/>
		<feat xlink:href="#sPointingRel495" value="nsubj"/>
		<feat xlink:href="#sPointingRel497" value="nsubj"/>
		<feat xlink:href="#sPointingRel499" value="nsubj"/>
		<feat xlink:href="#sPointingRel501" value="punct"/>
		<feat xlink:href="#sPointingRel503" value="case"/>
		<feat xlink:href="#sPointingRel505" value="cop"/>
		<feat xlink:href="#sPointingRel507" value="det"/>
		<feat xlink:href="#sPointingRel509" value="parataxis"/>
		<feat xlink:href="#sPointingRel511" value="advmod"/>
		<feat xlink:href="#sPointingRel513" value="parataxis"/>
		<feat xlink:href="#sPointingRel515" value="case"/>
		<feat xlink:href="#sPointingRel517" value="det"/>
		<feat xlink:href="#sPointingRel519" value="obl"/>
		<feat xlink:href="#sPointingRel521" value="det"/>
		<feat xlink:href="#sPointingRel523" value="obl"/>
		<feat xlink:href="#sPointingRel525" value="det"/>
		<feat xlink:href="#sPointingRel527" value="mark"/>
		<feat xlink:href="#sPointingRel529" value="case"/>
		<feat xlink:href="#sPointingRel531" value="nmod"/>
		<feat xlink:href="#sPointingRel533" value="mark"/>
		<feat xlink:href="#sPointingRel535" value="obj"/>
		<feat xlink:href="#sPointingRel537" value="advcl"/>
		<feat xlink:href="#sPointingRel539" value="case"/>
		<feat xlink:href="#sPointingRel541" value="advmod"/>
		<feat xlink:href="#sPointingRel543" value="nsubj"/>
		<feat xlink:href="#sPointingRel545" value="obj"/>
		<feat xlink:href="#sPointingRel547" value="acl:relcl"/>
		<feat xlink:href="#sPointingRel549" value="obl"/>
		<feat xlink:href="#sPointingRel551" value="mark"/>
		<feat xlink:href="#sPointingRel553" value="advcl"/>
		<feat xlink:href="#sPointingRel555" value="nmod:poss"/>
		<feat xlink:href="#sPointingRel557" value="aux"/>
		<feat xlink:href="#sPointingRel559" value="obl"/>
		<feat xlink:href="#sPointingRel561" value="det"/>
		<feat xlink:href="#sPointingRel563" value="det"/>
		<feat xlink:href="#sPointingRel565" value="nsubj"/>
		<feat xlink:href="#sPointingRel567" value="nsubj"/>
		<feat xlink:href="#sPointingRel569" value="conj"/>
		<feat xlink:href="#sPointingRel571" value="nsubj"/>
		<feat xlink:href="#sPointingRel573" value="case"/>
		<feat xlink:href="#sPointingRel575" value="conj"/>
		<feat xlink:href="#sPointingRel577" value="nmod:poss"/>
		<feat xlink:href="#sPointingRel579" value="nsubj"/>
		<feat xlink:href="#sPointingRel581" value="nmod"/>
		<feat xlink:href="#sPointingRel583" value="nsubj"/>
		<feat xlink:href="#sPointingRel585" value="acl:relcl"/>
		<feat xlink:href="#sPointingRel587" value="punct"/>
		<feat xlink:href="#sPointingRel589" value="det"/>
		<feat xlink:href="#sPointingRel591" value="mark"/>
		<feat xlink:href="#sPointingRel593" value="advcl"/>
		<feat xlink:href="#sPointingRel595" value="obj"/>
		<feat xlink:href="#sPointingRel597" value="advcl"/>
		<feat xlink:href="#sPointingRel599" value="det"/>
		<feat xlink:href="#sPointingRel601" value="advmod"/>
		<feat xlink:href="#sPointingRel603" value="nsubj"/>
		<feat xlink:href="#sPointingRel605" value="dislocated"/>
		<feat xlink:href="#sPointingRel607" value="case"/>
		<feat xlink:href="#sPointingRel609" value="advmod"/>
		<feat xlink:href="#sPointingRel611" value="advmod"/>
		<feat xlink:href="#sPointingRel613" value="det"/>
		<feat xlink:href="#sPointingRel615" value="punct"/>
		<feat xlink:href="#sPointingRel617" value="parataxis"/>
		<feat xlink:href="#sPointingRel619" value="punct"/>
		<feat xlink:href="#sPointingRel621" value="nmod"/>
		<feat xlink:href="#sPointingRel623" value="nsubj"/>
		<feat xlink:href="#sPointingRel625" value="aux"/>
		<feat xlink:href="#sPointingRel627" value="advmod"/>
		<feat xlink:href="#sPointingRel629" value="punct"/>
		<feat xlink:href="#sPointingRel631" value="obl:unmarked"/>
		<feat xlink:href="#sPointingRel633" value="nmod"/>
		<feat xlink:href="#sPointingRel635" value="case"/>
		<feat xlink:href="#sPointingRel637" value="ccomp"/>
		<feat xlink:href="#sPointingRel639" value="case"/>
		<feat xlink:href="#sPointingRel641" value="obl"/>
		<feat xlink:href="#sPointingRel643" value="advcl"/>
		<feat xlink:href="#sPointingRel645" value="advmod"/>
		<feat xlink:href="#sPointingRel647" value="nsubj"/>
		<feat xlink:href="#sPointingRel649" value="nmod"/>
		<feat xlink:href="#sPointingRel651" value="nmod"/>
		<feat xlink:href="#sPointingRel653" value="advmod"/>
		<feat xlink:href="#sPointingRel655" value="case"/>
		<feat xlink:href="#sPointingRel657" value="obl"/>
		<feat xlink:href="#sPointingRel659" value="cc"/>
		<feat xlink:href="#sPointingRel661" value="nsubj"/>
		<feat xlink:href="#sPointingRel663" value="case"/>
		<feat xlink:href="#sPointingRel665" value="nmod"/>
		<feat xlink:href="#sPointingRel667" value="mark"/>
		<feat xlink:href="#sPointingRel669" value="case"/>
		<feat xlink:href="#sPointingRel671" value="nmod"/>
		<feat xlink:href="#sPointingRel673" value="nmod"/>
		<feat xlink:href="#sPointingRel675" value="nsubj"/>
		<feat xlink:href="#sPointingRel677" value="nsubj"/>
		<feat xlink:href="#sPointingRel679" value="case"/>
		<feat xlink:href="#sPointingRel681" value="mark"/>
		<feat xlink:href="#sPointingRel683" value="det"/>
		<feat xlink:href="#sPointingRel685" value="obl"/>
		<feat xlink:href="#sPointingRel687" value="iobj"/>
		<feat xlink:href="#sPointingRel689" value="case"/>
		<feat xlink:href="#sPointingRel691" value="advcl"/>
		<feat xlink:href="#sPointingRel693" value="case"/>
		<feat xlink:href="#sPointingRel695" value="obl"/>
		<feat xlink:href="#sPointingRel697" value="obl"/>
		<feat xlink:href="#sPointingRel699" value="det"/>
		<feat xlink:href="#sPointingRel701" value="parataxis"/>
		<feat xlink:href="#sPointingRel703" value="aux"/>
		<feat xlink:href="#sPointingRel705" value="det"/>
		<feat xlink:href="#sPointingRel707" value="mark"/>
		<feat xlink:href="#sPointingRel709" value="punct"/>
		<feat xlink:href="#sPointingRel711" value="parataxis"/>
		<feat xlink:href="#sPointingRel713" value="det"/>
		<feat xlink:href="#sPointingRel715" value="nsubj"/>
		<feat xlink:href="#sPointingRel717" value="mark"/>
		<feat xlink:href="#sPointingRel719" value="punct"/>
		<feat xlink:href="#sPointingRel721" value="det"/>
		<feat xlink:href="#sPointingRel723" value="nsubj"/>
		<feat xlink:href="#sPointingRel725" value="case"/>
		<feat xlink:href="#sPointingRel727" value="obl"/>
		<feat xlink:href="#sPointingRel729" value="obl"/>
		<feat xlink:href="#sPointingRel731" value="det"/>
		<feat xlink:href="#sPointingRel733" value="obj"/>
		<feat xlink:href="#sPointingRel735" value="obl"/>
		<feat xlink:href="#sPointingRel737" value="mark"/>
		<feat xlink:href="#sPointingRel739" value="obl"/>
		<feat xlink:href="#sPointingRel741" value="obj"/>
		<feat xlink:href="#sPointingRel743" value="advmod"/>
		<feat xlink:href="#sPointingRel745" value="case"/>
		<feat xlink:href="#sPointingRel747" value="nmod:poss"/>
		<feat xlink:href="#sPointingRel749" value="parataxis"/>
		<feat xlink:href="#sPointingRel751" value="nsubj"/>
		<feat xlink:href="#sPointingRel753" value="punct"/>
		<feat xlink:href="#sPointingRel755" value="parataxis"/>
		<feat xlink:href="#sPointingRel757" value="nsubj"/>
		<feat xlink:href="#sPointingRel759" value="mark"/>
		<feat xlink:href="#sPointingRel761" value="advmod"/>
		<feat xlink:href="#sPointingRel763" value="mark"/>
		<feat xlink:href="#sPointingRel765" value="nsubj"/>
		<feat xlink:href="#sPointingRel767" value="mark"/>
		<feat xlink:href="#sPointingRel769" value="punct"/>
		<feat xlink:href="#sPointingRel771" value="nsubj"/>
		<feat xlink:href="#sPointingRel773" value="case"/>
		<feat xlink:href="#sPointingRel775" value="nsubj"/>
		<feat xlink:href="#sPointingRel777" value="mark"/>
		<feat xlink:href="#sPointingRel779" value="mark"/>
		<feat xlink:href="#sPointingRel781" value="nsubj"/>
		<feat xlink:href="#sPointingRel783" value="dislocated"/>
		<feat xlink:href="#sPointingRel785" value="obj"/>
		<feat xlink:href="#sPointingRel787" value="obl"/>
		<feat xlink:href="#sPointingRel789" value="det"/>
		<feat xlink:href="#sPointingRel791" value="punct"/>
		<feat xlink:href="#sPointingRel793" value="case"/>
		<feat xlink:href="#sPointingRel795" value="nmod:poss"/>
		<feat xlink:href="#sPointingRel797" value="case"/>
		<feat xlink:href="#sPointingRel799" value="det"/>
		<feat xlink:href="#sPointingRel801" value="case"/>
		<feat xlink:href="#sPointingRel803" value="punct"/>
		<feat xlink:href="#sPointingRel805" value="obl"/>
		<feat xlink:href="#sPointingRel807" value="advmod"/>
		<feat xlink:href="#sPointingRel809" value="advmod"/>
		<feat xlink:href="#sPointingRel811" value="case"/>
		<feat xlink:href="#sPointingRel813" value="det"/>
		<feat xlink:href="#sPointingRel815" value="mark"/>
		<feat xlink:href="#sPointingRel817" value="dislocated"/>
		<feat xlink:href="#sPointingRel819" value="advmod"/>
		<feat xlink:href="#sPointingRel821" value="case"/>
		<feat xlink:href="#sPointingRel823" value="obl"/>
		<feat xlink:href="#sPointingRel825" value="punct"/>
		<feat xlink:href="#sPointingRel827" value="det"/>
		<feat xlink:href="#sPointingRel829" value="case"/>
		<feat xlink:href="#sPointingRel831" value="parataxis"/>
		<feat xlink:href="#sPointingRel833" value="nmod"/>
		<feat xlink:href="#sPointingRel835" value="mark"/>
		<feat xlink:href="#sPointingRel837" value="det"/>
		<feat xlink:href="#sPointingRel839" value="advcl"/>
		<feat xlink:href="#sPointingRel841" value="parataxis"/>
		<feat xlink:href="#sPointingRel843" value="advmod"/>
		<feat xlink:href="#sPointingRel845" value="aux"/>
		<feat xlink:href="#sPointingRel847" value="case"/>
		<feat xlink:href="#sPointingRel849" value="aux"/>
		<feat xlink:href="#sPointingRel851" value="case"/>
		<feat xlink:href="#sPointingRel853" value="advmod"/>
		<feat xlink:href="#sPointingRel855" value="nsubj"/>
		<feat xlink:href="#sPointingRel857" value="aux"/>
		<feat xlink:href="#sPointingRel859" value="punct"/>
		<feat xlink:href="#sPointingRel861" value="mark"/>
		<feat xlink:href="#sPointingRel863" value="nmod"/>
		<feat xlink:href="#sPointingRel865" value="case"/>
		<feat xlink:href="#sPointingRel867" value="obl"/>
		<feat xlink:href="#sPointingRel869" value="advcl"/>
		<feat xlink:href="#sPointingRel871" value="punct"/>
		<feat xlink:href="#sPointingRel873" value="case"/>
		<feat xlink:href="#sPointingRel875" value="nsubj"/>
		<feat xlink:href="#sPointingRel877" value="cc"/>
		<feat xlink:href="#sPointingRel879" value="aux"/>
		<feat xlink:href="#sPointingRel881" value="mark"/>
		<feat xlink:href="#sPointingRel883" value="obj"/>
		<feat xlink:href="#sPointingRel885" value="obj"/>
		<feat xlink:href="#sPointingRel887" value="case"/>
		<feat xlink:href="#sPointingRel889" value="aux"/>
		<feat xlink:href="#sPointingRel891" value="advmod"/>
		<feat xlink:href="#sPointingRel893" value="case"/>
		<feat xlink:href="#sPointingRel895" value="advmod"/>
		<feat xlink:href="#sPointingRel897" value="nmod:unmarked"/>
		<feat xlink:href="#sPointingRel899" value="det"/>
		<feat xlink:href="#sPointingRel901" value="nummod"/>
		<feat xlink:href="#sPointingRel903" value="obj"/>
		<feat xlink:href="#sPointingRel905" value="nsubj"/>
		<feat xlink:href="#sPointingRel907" value="case"/>
		<feat xlink:href="#sPointingRel909" value="case"/>
		<feat xlink:href="#sPointingRel911" value="dislocated"/>
		<feat xlink:href="#sPointingRel913" value="parataxis"/>
		<feat xlink:href="#sPointingRel915" value="acl:relcl"/>
		<feat xlink:href="#sPointingRel917" value="case"/>
		<feat xlink:href="#sPointingRel919" value="aux"/>
		<feat xlink:href="#sPointingRel921" value="obj"/>
		<feat xlink:href="#sPointingRel923" value="nsubj"/>
		<feat xlink:href="#sPointingRel925" value="case"/>
		<feat xlink:href="#sPointingRel927" value="mark"/>
		<feat xlink:href="#sPointingRel929" value="cc"/>
		<feat xlink:href="#sPointingRel931" value="mark"/>
		<feat xlink:href="#sPointingRel933" value="obl"/>
		<feat xlink:href="#sPointingRel935" value="nsubj"/>
		<feat xlink:href="#sPointingRel937" value="det"/>
		<feat xlink:href="#sPointingRel939" value="det"/>
		<feat xlink:href="#sPointingRel941" value="obl"/>
		<feat xlink:href="#sPointingRel943" value="case"/>
		<feat xlink:href="#sPointingRel945" value="xcomp"/>
		<feat xlink:href="#sPointingRel947" value="det"/>
		<feat xlink:href="#sPointingRel949" value="conj"/>
		<feat xlink:href="#sPointingRel951" value="case"/>
		<feat xlink:href="#sPointingRel953" value="obl"/>
		<feat xlink:href="#sPointingRel955" value="aux"/>
		<feat xlink:href="#sPointingRel957" value="punct"/>
		<feat xlink:href="#sPointingRel959" value="conj"/>
		<feat xlink:href="#sPointingRel961" value="mark"/>
		<feat xlink:href="#sPointingRel963" value="case"/>
		<feat xlink:href="#sPointingRel965" value="punct"/>
		<feat xlink:href="#sPointingRel967" value="punct"/>
		<feat xlink:href="#sPointingRel969" value="advmod"/>
		<feat xlink:href="#sPointingRel971" value="obl"/>
		<feat xlink:href="#sPointingRel973" value="advmod"/>
		<feat xlink:href="#sPointingRel975" value="case"/>
		<feat xlink:href="#sPointingRel977" value="nsubj"/>
		<feat xlink:href="#sPointingRel979" value="nsubj"/>
		<feat xlink:href="#sPointingRel981" value="obj"/>
		<feat xlink:href="#sPointingRel983" value="nmod"/>
		<feat xlink:href="#sPointingRel985" value="mark"/>
		<feat xlink:href="#sPointingRel987" value="det"/>
		<feat xlink:href="#sPointingRel989" value="advmod"/>
		<feat xlink:href="#sPointingRel991" value="case"/>
		<feat xlink:href="#sPointingRel993" value="cc"/>
		<feat xlink:href="#sPointingRel995" value="mark"/>
		<feat xlink:href="#sPointingRel997" value="nsubj"/>
		<feat xlink:href="#sPointingRel999" value="cc"/>
		<feat xlink:href="#sPointingRel1001" value="advmod"/>
		<feat xlink:href="#sPointingRel1003" value="advmod"/>
		<feat xlink:href="#sPointingRel1005" value="dislocated"/>
		<feat xlink:href="#sPointingRel1007" value="det"/>
		<feat xlink:href="#sPointingRel1009" value="nmod:poss"/>
		<feat xlink:href="#sPointingRel1011" value="conj"/>
		<feat xlink:href="#sPointingRel1013" value="nsubj"/>
		<feat xlink:href="#sPointingRel1015" value="obj"/>
		<feat xlink:href="#sPointingRel1017" value="case"/>
		<feat xlink:href="#sPointingRel1019" value="case"/>
		<feat xlink:href="#sPointingRel1021" value="case"/>
		<feat xlink:href="#sPointingRel1023" value="mark"/>
		<feat xlink:href="#sPointingRel1025" value="mark"/>
		<feat xlink:href="#sPointingRel1027" value="det"/>
		<feat xlink:href="#sPointingRel1029" value="punct"/>
		<feat xlink:href="#sPointingRel1031" value="det"/>
		<feat xlink:href="#sPointingRel1033" value="advcl"/>
		<feat xlink:href="#sPointingRel1035" value="mark"/>
		<feat xlink:href="#sPointingRel1037" value="advmod"/>
		<feat xlink:href="#sPointingRel1039" value="conj"/>
		<feat xlink:href="#sPointingRel1041" value="advmod"/>
		<feat xlink:href="#sPointingRel1043" value="obj"/>
		<feat xlink:href="#sPointingRel1045" value="nsubj"/>
		<feat xlink:href="#sPointingRel1047" value="conj"/>
		<feat xlink:href="#sPointingRel1049" value="case"/>
		<feat xlink:href="#sPointingRel1051" value="advmod"/>
		<feat xlink:href="#sPointingRel1053" value="advcl"/>
		<feat xlink:href="#sPointingRel1055" value="advcl"/>
		<feat xlink:href="#sPointingRel1057" value="case"/>
		<feat xlink:href="#sPointingRel1059" value="obl"/>
		<feat xlink:href="#sPointingRel1061" value="aux"/>
		<feat xlink:href="#sPointingRel1063" value="det"/>
		<feat xlink:href="#sPointingRel1065" value="aux"/>
		<feat xlink:href="#sPointingRel1067" value="nsubj"/>
		<feat xlink:href="#sPointingRel1069" value="obl"/>
		<feat xlink:href="#sPointingRel1071" value="acl:relcl"/>
		<feat xlink:href="#sPointingRel1073" value="punct"/>
		<feat xlink:href="#sPointingRel1075" value="case"/>
		<feat xlink:href="#sPointingRel1077" value="ccomp"/>
		<feat xlink:href="#sPointingRel1079" value="det"/>
		<feat xlink:href="#sPointingRel1081" value="nsubj"/>
		<feat xlink:href="#sPointingRel1083" value="advmod"/>
		<feat xlink:href="#sPointingRel1085" value="nsubj"/>
		<feat xlink:href="#sPointingRel1087" value="mark"/>
		<feat xlink:href="#sPointingRel1089" value="obl"/>
		<feat xlink:href="#sPointingRel1091" value="aux"/>
		<feat xlink:href="#sPointingRel1093" value="punct"/>
		<feat xlink:href="#sPointingRel1095" value="obl"/>
		<feat xlink:href="#sPointingRel1097" value="cc"/>
		<feat xlink:href="#sPointingRel1099" value="nsubj"/>
		<feat xlink:href="#sPointingRel1101" value="nsubj"/>
		<feat xlink:href="#sPointingRel1103" value="det"/>
		<feat xlink:href="#sPointingRel1105" value="det"/>
		<feat xlink:href="#sPointingRel1107" value="obj"/>
		<feat xlink:href="#sPointingRel1109" value="parataxis"/>
		<feat xlink:href="#sPointingRel1111" value="csubj"/>
		<feat xlink:href="#sPointingRel1113" value="parataxis"/>
		<feat xlink:href="#sPointingRel1115" value="mark"/>
		<feat xlink:href="#sPointingRel1117" value="case"/>
		<feat xlink:href="#sPointingRel1119" value="case"/>
		<feat xlink:href="#sPointingRel1121" value="dislocated"/>
		<feat xlink:href="#sPointingRel1123" value="parataxis"/>
		<feat xlink:href="#sPointingRel1125" value="cc"/>
		<feat xlink:href="#sPointingRel1127" value="dislocated"/>
		<feat xlink:href="#sPointingRel1129" value="cc"/>
		<feat xlink:href="#sPointingRel1131" value="advmod"/>
		<feat xlink:href="#sPointingRel1133" value="case"/>
		<feat xlink:href="#sPointingRel1135" value="punct"/>
		<feat xlink:href="#sPointingRel1137" value="advcl"/>
		<feat xlink:href="#sPointingRel1139" value="obl"/>
		<feat xlink:href="#sPointingRel1141" value="nsubj"/>
		<feat xlink:href="#sPointingRel1143" value="det"/>
		<feat xlink:href="#sPointingRel1145" value="xcomp"/>
		<feat xlink:href="#sPointingRel1147" value="obl"/>
		<feat xlink:href="#sPointingRel1149" value="nmod"/>
		<feat xlink:href="#sPointingRel1151" value="case"/>
		<feat xlink:href="#sPointingRel1153" value="conj"/>
		<feat xlink:href="#sPointingRel1155" value="case"/>
		<feat xlink:href="#sPointingRel1157" value="cc"/>
		<feat xlink:href="#sPointingRel1159" value="nsubj"/>
		<feat xlink:href="#sPointingRel1161" value="case"/>
		<feat xlink:href="#sPointingRel1163" value="obl"/>
		<feat xlink:href="#sPointingRel1165" value="aux"/>
		<feat xlink:href="#sPointingRel1167" value="acl:relcl"/>
		<feat xlink:href="#sPointingRel1169" value="nsubj"/>
		<feat xlink:href="#sPointingRel1171" value="conj"/>
		<feat xlink:href="#sPointingRel1173" value="appos"/>
		<feat xlink:href="#sPointingRel1175" value="case"/>
		<feat xlink:href="#sPointingRel1177" value="nsubj"/>
		<feat xlink:href="#sPointingRel1179" value="parataxis"/>
		<feat xlink:href="#sPointingRel1181" value="cc"/>
		<feat xlink:href="#sPointingRel1183" value="advcl"/>
		<feat xlink:href="#sPointingRel1185" value="obl"/>
		<feat xlink:href="#sPointingRel1187" value="obl"/>
		<feat xlink:href="#sPointingRel1189" value="nsubj"/>
		<feat xlink:href="#sPointingRel1191" value="case"/>
		<feat xlink:href="#sPointingRel1193" value="punct"/>
		<feat xlink:href="#sPointingRel1195" value="nsubj"/>
		<feat xlink:href="#sPointingRel1197" value="csubj"/>
		<feat xlink:href="#sPointingRel1199" value="nsubj"/></featList></paula>