<?xml version='1.0' encoding='UTF-8'?><!DOCTYPE paula SYSTEM "paula_feat.dtd">
<paula version="1.1">
	<header paula_id="scriptorium.1Cor_04.mark_lemma"/>
	<featList xmlns:xlink="http://www.w3.org/1999/xlink" type="lemma" xml:base="scriptorium.1Cor_04.mark.xml">
		<feat xlink:href="#sSpan1" value="ⲡⲁⲓ"/>
		<feat xlink:href="#sSpan12" value="ⲡⲉ"/>
		<feat xlink:href="#sSpan16" value="ⲡ"/>
		<feat xlink:href="#sSpan21" value="ϩⲉ"/>
		<feat xlink:href="#sSpan23" value="ⲙⲁⲣⲉ"/>
		<feat xlink:href="#sSpan27" value="ⲡ"/>
		<feat xlink:href="#sSpan30" value="ⲣⲱⲙⲉ"/>
		<feat xlink:href="#sSpan32" value="ⲱⲡ"/>
		<feat xlink:href="#sSpan36" value="ⲁⲛⲟⲛ"/>
		<feat xlink:href="#sSpan39" value="ϩⲱⲥ"/>
		<feat xlink:href="#sSpan44" value="ϩⲩⲡⲏⲣⲉⲧⲏⲥ"/>
		<feat xlink:href="#sSpan49" value="ⲛ"/>
		<feat xlink:href="#sSpan53" value="ⲡ"/>
		<feat xlink:href="#sSpan57" value="ⲭⲣⲓⲥⲧⲟⲥ"/>
		<feat xlink:href="#sSpan59" value="."/>
		<feat xlink:href="#sSpan63" value="ⲁⲩⲱ"/>
		<feat xlink:href="#sSpan67" value="ⲡ"/>
		<feat xlink:href="#sSpan73" value="ⲟⲓⲕⲟⲛⲟⲙⲟⲥ"/>
		<feat xlink:href="#sSpan75" value="ⲛ"/>
		<feat xlink:href="#sSpan79" value="ⲡ"/>
		<feat xlink:href="#sSpan83" value="ⲙⲩⲥⲧⲏⲣⲓⲟⲛ"/>
		<feat xlink:href="#sSpan85" value="ⲛ"/>
		<feat xlink:href="#sSpan89" value="ⲡ"/>
		<feat xlink:href="#sSpan92" value="ⲛⲟⲩⲧⲉ"/>
		<feat xlink:href="#sSpan94" value="."/>
		<feat xlink:href="#sSpan98" value="ⲉⲣⲉ"/>
		<feat xlink:href="#sSpan108" value="ⲛⲧⲟⲟⲩ"/>
		<feat xlink:href="#sSpan110" value="ϣⲓⲛⲉ"/>
		<feat xlink:href="#sSpan112" value="ϭⲉ"/>
		<feat xlink:href="#sSpan116" value="ⲛ"/>
		<feat xlink:href="#sSpan120" value="ⲡⲉⲓ"/>
		<feat xlink:href="#sSpan123" value="ⲙⲁ"/>
		<feat xlink:href="#sSpan125" value="ϩⲛ"/>
		<feat xlink:href="#sSpan129" value="ⲡ"/>
		<feat xlink:href="#sSpan135" value="ⲟⲓⲕⲟⲛⲟⲙⲟⲥ"/>
		<feat xlink:href="#sSpan137" value="ϫⲉ"/>
		<feat xlink:href="#sSpan141" value="ⲉⲣⲉ_ⲛⲧⲟⲟⲩ"/>
		<feat xlink:href="#sSpan145" value="ϩⲉ"/>
		<feat xlink:href="#sSpan148" value="ⲉⲣⲉ"/>
		<feat xlink:href="#sSpan152" value="ⲛⲧⲟⲟⲩ"/>
		<feat xlink:href="#sSpan156" value="ⲡⲓⲥⲧⲟⲥ"/>
		<feat xlink:href="#sSpan158" value="."/>
		<feat xlink:href="#sSpan162" value="ⲁⲛⲟⲕ"/>
		<feat xlink:href="#sSpan172" value="ⲇⲉ"/>
		<feat xlink:href="#sSpan176" value="ⲟⲩ"/>
		<feat xlink:href="#sSpan182" value="ⲉⲗⲁⲭⲓⲥⲧⲟⲛ"/>
		<feat xlink:href="#sSpan184" value="ⲛⲁ"/>
		<feat xlink:href="#sSpan188" value="ⲁⲛⲟⲕ"/>
		<feat xlink:href="#sSpan190" value="ⲡⲉ"/>
		<feat xlink:href="#sSpan194" value="ⲉ"/>
		<feat xlink:href="#sSpan198" value="ⲧⲣⲉ"/>
		<feat xlink:href="#sSpan200" value="ⲛⲧⲟⲟⲩ"/>
		<feat xlink:href="#sSpan203" value="ⲁⲛⲁⲕⲣⲓⲛⲉ"/>
		<feat xlink:href="#sSpan205" value="ⲛ"/>
		<feat xlink:href="#sSpan209" value="ⲁⲛⲟⲕ"/>
		<feat xlink:href="#sSpan211" value="ϩⲓⲧⲛ"/>
		<feat xlink:href="#sSpan215" value="ⲛⲧⲱⲧⲛ"/>
		<feat xlink:href="#sSpan217" value="."/>
		<feat xlink:href="#sSpan222" value="ⲏ"/>
		<feat xlink:href="#sSpan226" value="ϩⲓⲧⲛ"/>
		<feat xlink:href="#sSpan230" value="ⲟⲩ"/>
		<feat xlink:href="#sSpan233" value="ϩⲟⲟⲩ"/>
		<feat xlink:href="#sSpan235" value="ⲛ"/>
		<feat xlink:href="#sSpan239" value="ⲣⲱⲙⲉ"/>
		<feat xlink:href="#sSpan242" value="."/>
		<feat xlink:href="#sSpan247" value="ⲁⲗⲗⲁ"/>
		<feat xlink:href="#sSpan252" value="ⲟⲩⲇⲉ"/>
		<feat xlink:href="#sSpan256" value="ⲁⲛⲟⲕ"/>
		<feat xlink:href="#sSpan260" value="ⲛ"/>
		<feat xlink:href="#sSpan264" value="ⲁⲛⲟⲕ"/>
		<feat xlink:href="#sSpan267" value="ⲁⲛⲁⲕⲣⲓⲛⲉ"/>
		<feat xlink:href="#sSpan269" value="ⲛ"/>
		<feat xlink:href="#sSpan273" value="ⲁⲛⲟⲕ"/>
		<feat xlink:href="#sSpan275" value="ⲁⲛ"/>
		<feat xlink:href="#sSpan279" value="."/>
		<feat xlink:href="#sSpan283" value="ⲛ"/>
		<feat xlink:href="#sSpan292" value="ⲁⲛⲟⲕ"/>
		<feat xlink:href="#sSpan294" value="ⲥⲟⲟⲩⲛ"/>
		<feat xlink:href="#sSpan297" value="ⲅⲁⲣ"/>
		<feat xlink:href="#sSpan301" value="ⲁⲛ"/>
		<feat xlink:href="#sSpan305" value="ⲛ"/>
		<feat xlink:href="#sSpan309" value="ⲗⲁⲁⲩ"/>
		<feat xlink:href="#sSpan312" value="ⲉⲧⲉⲣⲉ"/>
		<feat xlink:href="#sSpan316" value="ⲁ"/>
		<feat xlink:href="#sSpan318" value="ⲁⲛⲟⲕ"/>
		<feat xlink:href="#sSpan320" value="ⲉⲓⲣⲉ"/>
		<feat xlink:href="#sSpan322" value="ⲛⲧⲟϥ"/>
		<feat xlink:href="#sSpan324" value="."/>
		<feat xlink:href="#sSpan329" value="ⲁⲗⲗⲁ"/>
		<feat xlink:href="#sSpan333" value="ⲛ"/>
		<feat xlink:href="#sSpan337" value="ⲉⲣⲉ"/>
		<feat xlink:href="#sSpan339" value="ⲁⲛⲟⲕ"/>
		<feat xlink:href="#sSpan341" value="ⲧⲙⲁⲉⲓⲟ"/>
		<feat xlink:href="#sSpan343" value="ⲁⲛ"/>
		<feat xlink:href="#sSpan347" value="ϩⲛ"/>
		<feat xlink:href="#sSpan351" value="ⲡⲁⲓ"/>
		<feat xlink:href="#sSpan354" value="."/>
		<feat xlink:href="#sSpan358" value="ⲡ"/>
		<feat xlink:href="#sSpan363" value="ⲉⲧⲉⲣⲉ"/>
		<feat xlink:href="#sSpan366" value="ⲁⲛⲁⲕⲣⲓⲛⲉ"/>
		<feat xlink:href="#sSpan369" value="ⲇⲉ"/>
		<feat xlink:href="#sSpan373" value="ⲛ"/>
		<feat xlink:href="#sSpan377" value="ⲁⲛⲟⲕ"/>
		<feat xlink:href="#sSpan379" value="ⲡⲉ"/>
		<feat xlink:href="#sSpan383" value="ⲡ"/>
		<feat xlink:href="#sSpan388" value="ϫⲟⲉⲓⲥ"/>
		<feat xlink:href="#sSpan390" value="."/>
		<feat xlink:href="#sSpan395" value="ϩⲱⲥⲧⲉ"/>
		<feat xlink:href="#sSpan404" value="ⲙⲡⲣ"/>
		<feat xlink:href="#sSpan409" value="ⲕⲣⲓⲛⲉ"/>
		<feat xlink:href="#sSpan411" value="ⲛ"/>
		<feat xlink:href="#sSpan415" value="ⲗⲁⲁⲩ"/>
		<feat xlink:href="#sSpan418" value="ϩⲁ"/>
		<feat xlink:href="#sSpan422" value="ⲡ"/>
		<feat xlink:href="#sSpan425" value="ϩⲏ"/>
		<feat xlink:href="#sSpan427" value="ⲛ"/>
		<feat xlink:href="#sSpan431" value="ⲡ"/>
		<feat xlink:href="#sSpan434" value="ⲟⲩⲟⲉⲓϣ"/>
		<feat xlink:href="#sSpan436" value="ϣⲁⲛⲧⲉ"/>
		<feat xlink:href="#sSpan440" value="ⲡ"/>
		<feat xlink:href="#sSpan443" value="ϫⲟⲉⲓⲥ"/>
		<feat xlink:href="#sSpan445" value="ⲉⲓ"/>
		<feat xlink:href="#sSpan449" value="."/>
		<feat xlink:href="#sSpan453" value="ⲡⲁⲓ"/>
		<feat xlink:href="#sSpan458" value="ⲉⲧⲉⲣⲉ"/>
		<feat xlink:href="#sSpan462" value="ⲛⲁ"/>
		<feat xlink:href="#sSpan465" value="ⲣⲟⲩⲟⲉⲓⲛ"/>
		<feat xlink:href="#sSpan468" value="ⲉ"/>
		<feat xlink:href="#sSpan472" value="ⲡ"/>
		<feat xlink:href="#sSpan475" value="ⲉⲧⲉⲣⲉ"/>
		<feat xlink:href="#sSpan477" value="ϩⲱⲡ"/>
		<feat xlink:href="#sSpan479" value="ϩⲛ"/>
		<feat xlink:href="#sSpan483" value="ⲡ"/>
		<feat xlink:href="#sSpan487" value="ⲕⲁⲕⲉ"/>
		<feat xlink:href="#sSpan489" value="ⲁⲩⲱ"/>
		<feat xlink:href="#sSpan493" value="ⲛⲧⲉ"/>
		<feat xlink:href="#sSpan497" value="ⲛⲧⲟϥ"/>
		<feat xlink:href="#sSpan499" value="ⲟⲩⲱⲛϩ"/>
		<feat xlink:href="#sSpan502" value="ⲉⲃⲟⲗ"/>
		<feat xlink:href="#sSpan506" value="ⲛ"/>
		<feat xlink:href="#sSpan510" value="ⲡ"/>
		<feat xlink:href="#sSpan513" value="ϣⲟϫⲛⲉ"/>
		<feat xlink:href="#sSpan515" value="ⲛ"/>
		<feat xlink:href="#sSpan519" value="ⲡ"/>
		<feat xlink:href="#sSpan522" value="ϩⲏⲧ"/>
		<feat xlink:href="#sSpan524" value="."/>
		<feat xlink:href="#sSpan529" value="ⲧⲟⲧⲉ"/>
		<feat xlink:href="#sSpan533" value="ⲡ"/>
		<feat xlink:href="#sSpan538" value="ⲧⲁⲉⲓⲟ"/>
		<feat xlink:href="#sSpan540" value="ⲛ"/>
		<feat xlink:href="#sSpan544" value="ⲡ"/>
		<feat xlink:href="#sSpan547" value="ⲟⲩⲁ"/>
		<feat xlink:href="#sSpan549" value="ⲡ"/>
		<feat xlink:href="#sSpan553" value="ⲟⲩⲁ"/>
		<feat xlink:href="#sSpan555" value="ⲛⲁ"/>
		<feat xlink:href="#sSpan559" value="ϣⲱⲡⲉ"/>
		<feat xlink:href="#sSpan561" value="ⲉⲃⲟⲗ"/>
		<feat xlink:href="#sSpan565" value="ϩⲓⲧⲛ"/>
		<feat xlink:href="#sSpan569" value="ⲡ"/>
		<feat xlink:href="#sSpan572" value="ⲛⲟⲩⲧⲉ"/>
		<feat xlink:href="#sSpan574" value="."/>
		<feat xlink:href="#sSpan578" value="ⲡⲁⲓ"/>
		<feat xlink:href="#sSpan590" value="ⲇⲉ"/>
		<feat xlink:href="#sSpan594" value="ⲡⲁ"/>
		<feat xlink:href="#sSpan599" value="ⲥⲟⲛ"/>
		<feat xlink:href="#sSpan601" value="ⲉⲧⲉⲣⲉ"/>
		<feat xlink:href="#sSpan605" value="ⲁ"/>
		<feat xlink:href="#sSpan607" value="ⲁⲛⲟⲕ"/>
		<feat xlink:href="#sSpan609" value="ϫⲓ"/>
		<feat xlink:href="#sSpan611" value="ⲛⲧⲟⲟⲩ"/>
		<feat xlink:href="#sSpan613" value="ⲛ"/>
		<feat xlink:href="#sSpan617" value="ⲥⲙⲟⲧ"/>
		<feat xlink:href="#sSpan620" value="ⲉϩⲣⲁⲓ"/>
		<feat xlink:href="#sSpan624" value="ⲉϫⲛ"/>
		<feat xlink:href="#sSpan628" value="ⲁⲛⲟⲕ"/>
		<feat xlink:href="#sSpan630" value="ⲙⲛ"/>
		<feat xlink:href="#sSpan635" value="ⲁⲡⲟⲗⲗⲱ"/>
		<feat xlink:href="#sSpan638" value="ⲉⲧⲃⲉ"/>
		<feat xlink:href="#sSpan642" value="ⲛⲧⲱⲧⲛ"/>
		<feat xlink:href="#sSpan644" value="."/>
		<feat xlink:href="#sSpan648" value="ϫⲉⲕⲁⲁⲥ"/>
		<feat xlink:href="#sSpan652" value="ⲉⲣⲉ_ⲛⲧⲱⲧⲛ"/>
		<feat xlink:href="#sSpan656" value="ⲥⲃⲟ"/>
		<feat xlink:href="#sSpan658" value="ϩⲛ"/>
		<feat xlink:href="#sSpan662" value="ⲁⲛⲟⲛ"/>
		<feat xlink:href="#sSpan664" value="ⲉ"/>
		<feat xlink:href="#sSpan668" value="ⲧⲙ"/>
		<feat xlink:href="#sSpan671" value="ⲣϩⲟⲩⲟ"/>
		<feat xlink:href="#sSpan674" value="ⲉ"/>
		<feat xlink:href="#sSpan678" value="ⲡ"/>
		<feat xlink:href="#sSpan681" value="ⲉⲧⲉⲣⲉ"/>
		<feat xlink:href="#sSpan683" value="ⲥϩⲁⲓ"/>
		<feat xlink:href="#sSpan685" value="ϫⲉ"/>
		<feat xlink:href="#sSpan689" value="ⲛⲛⲉ"/>
		<feat xlink:href="#sSpan691" value="ⲟⲩⲁ"/>
		<feat xlink:href="#sSpan694" value="ϣⲟⲩϣⲟⲩ"/>
		<feat xlink:href="#sSpan698" value="ⲛ"/>
		<feat xlink:href="#sSpan702" value="ⲛⲧⲟϥ"/>
		<feat xlink:href="#sSpan704" value="ⲉϫⲛ"/>
		<feat xlink:href="#sSpan708" value="ⲟⲩⲁ"/>
		<feat xlink:href="#sSpan711" value="ϩⲁ"/>
		<feat xlink:href="#sSpan715" value="ⲟⲩⲁ"/>
		<feat xlink:href="#sSpan718" value="."/>
		<feat xlink:href="#sSpan722" value="ⲛⲓⲙ"/>
		<feat xlink:href="#sSpan732" value="ⲅⲁⲣ"/>
		<feat xlink:href="#sSpan736" value="ⲡ"/>
		<feat xlink:href="#sSpan741" value="ⲉⲧⲉⲣⲉ"/>
		<feat xlink:href="#sSpan744" value="ⲇⲓⲁⲕⲣⲓⲛⲉ"/>
		<feat xlink:href="#sSpan746" value="ⲛ"/>
		<feat xlink:href="#sSpan750" value="ⲛⲧⲟⲕ"/>
		<feat xlink:href="#sSpan753" value="ⲟⲩⲇⲉ"/>
		<feat xlink:href="#sSpan757" value="ⲡ"/>
		<feat xlink:href="#sSpan762" value="ⲉⲧⲉⲣⲉ"/>
		<feat xlink:href="#sSpan764" value="ⲛⲧⲛ"/>
		<feat xlink:href="#sSpan766" value="ⲛⲧⲟⲕ"/>
		<feat xlink:href="#sSpan768" value="ⲉⲣⲉ"/>
		<feat xlink:href="#sSpan772" value="ⲙⲡⲉ"/>
		<feat xlink:href="#sSpan774" value="ⲛⲧⲟⲕ"/>
		<feat xlink:href="#sSpan776" value="ϫⲓ"/>
		<feat xlink:href="#sSpan778" value="ⲛⲧⲟϥ"/>
		<feat xlink:href="#sSpan780" value="ⲉϣϫⲉ"/>
		<feat xlink:href="#sSpan784" value="ⲁ"/>
		<feat xlink:href="#sSpan788" value="ⲛⲧⲟⲕ"/>
		<feat xlink:href="#sSpan790" value="ⲉⲓⲣⲉ"/>
		<feat xlink:href="#sSpan793" value="ⲡ"/>
		<feat xlink:href="#sSpan796" value="ⲕⲉ"/>
		<feat xlink:href="#sSpan798" value="ϫⲓ"/>
		<feat xlink:href="#sSpan800" value="ⲁϩⲣⲟ"/>
		<feat xlink:href="#sSpan804" value="ⲛⲧⲟⲕ"/>
		<feat xlink:href="#sSpan806" value="ⲛⲧⲟⲕ"/>
		<feat xlink:href="#sSpan810" value="ϣⲟⲩϣⲟⲩ"/>
		<feat xlink:href="#sSpan812" value="ⲛ"/>
		<feat xlink:href="#sSpan816" value="ⲛⲧⲟⲕ"/>
		<feat xlink:href="#sSpan819" value="ϩⲱⲥ"/>
		<feat xlink:href="#sSpan823" value="ⲉⲣⲉ"/>
		<feat xlink:href="#sSpan827" value="ⲙⲡⲉ"/>
		<feat xlink:href="#sSpan829" value="ⲛⲧⲟⲕ"/>
		<feat xlink:href="#sSpan831" value="ϫⲓ"/>
		<feat xlink:href="#sSpan833" value="."/>
		<feat xlink:href="#sSpan838" value="ⲏⲇⲏ"/>
		<feat xlink:href="#sSpan847" value="ⲛⲧⲱⲧⲛ"/>
		<feat xlink:href="#sSpan851" value="ⲥⲓ"/>
		<feat xlink:href="#sSpan854" value="ⲏⲇⲏ"/>
		<feat xlink:href="#sSpan858" value="ⲁ"/>
		<feat xlink:href="#sSpan862" value="ⲛⲧⲱⲧⲛ"/>
		<feat xlink:href="#sSpan865" value="ⲣⲣⲙⲙⲁⲟ"/>
		<feat xlink:href="#sSpan868" value="ⲁϫⲛ"/>
		<feat xlink:href="#sSpan872" value="ⲁⲛⲟⲛ"/>
		<feat xlink:href="#sSpan874" value="ⲁ"/>
		<feat xlink:href="#sSpan878" value="ⲛⲧⲱⲧⲛ"/>
		<feat xlink:href="#sSpan881" value="ⲣⲣⲣⲟ"/>
		<feat xlink:href="#sSpan884" value="ⲛⲁⲛⲟⲩ"/>
		<feat xlink:href="#sSpan888" value="ⲛⲧⲟⲥ"/>
		<feat xlink:href="#sSpan891" value="ⲇⲉ"/>
		<feat xlink:href="#sSpan895" value="ⲉϣϫⲉ"/>
		<feat xlink:href="#sSpan899" value="ⲁ"/>
		<feat xlink:href="#sSpan901" value="ⲛⲧⲱⲧⲛ"/>
		<feat xlink:href="#sSpan904" value="ⲣⲣⲣⲟ"/>
		<feat xlink:href="#sSpan907" value="ϫⲉⲕⲁⲁⲥ"/>
		<feat xlink:href="#sSpan911" value="ⲉⲛⲉ"/>
		<feat xlink:href="#sSpan916" value="ⲣⲣⲣⲟ"/>
		<feat xlink:href="#sSpan919" value="ϩⲱⲱ"/>
		<feat xlink:href="#sSpan923" value="ⲁⲛⲟⲛ"/>
		<feat xlink:href="#sSpan925" value="ⲙⲛ"/>
		<feat xlink:href="#sSpan929" value="ⲛⲧⲱⲧⲛ"/>
		<feat xlink:href="#sSpan931" value="."/>
		<feat xlink:href="#sSpan935" value="ⲁⲣⲏⲩ"/>
		<feat xlink:href="#sSpan946" value="ⲅⲁⲣ"/>
		<feat xlink:href="#sSpan950" value="ⲉⲣⲉ"/>
		<feat xlink:href="#sSpan954" value="ⲁ"/>
		<feat xlink:href="#sSpan956" value="ⲡ"/>
		<feat xlink:href="#sSpan959" value="ⲛⲟⲩⲧⲉ"/>
		<feat xlink:href="#sSpan961" value="ⲕⲱ"/>
		<feat xlink:href="#sSpan965" value="ⲛ"/>
		<feat xlink:href="#sSpan967" value="ⲡ"/>
		<feat xlink:href="#sSpan973" value="ⲁⲡⲟⲥⲧⲟⲗⲟⲥ"/>
		<feat xlink:href="#sSpan975" value="ⲛ"/>
		<feat xlink:href="#sSpan979" value="ϩⲁⲉ"/>
		<feat xlink:href="#sSpan982" value="ⲛ"/>
		<feat xlink:href="#sSpan986" value="ⲡ"/>
		<feat xlink:href="#sSpan988" value="ϩⲉ"/>
		<feat xlink:href="#sSpan990" value="ⲛ"/>
		<feat xlink:href="#sSpan994" value="ⲡⲉⲓ"/>
		<feat xlink:href="#sSpan998" value="ⲉⲡⲓⲑⲁⲛⲁⲧⲏⲥ"/>
		<feat xlink:href="#sSpan1000" value="."/>
		<feat xlink:href="#sSpan1004" value="ϫⲉ"/>
		<feat xlink:href="#sSpan1008" value="ⲁ"/>
		<feat xlink:href="#sSpan1010" value="ⲁⲛⲟⲛ"/>
		<feat xlink:href="#sSpan1012" value="ϣⲱⲡⲉ"/>
		<feat xlink:href="#sSpan1014" value="ⲛ"/>
		<feat xlink:href="#sSpan1019" value="ⲑⲉⲁⲧⲣⲟⲛ"/>
		<feat xlink:href="#sSpan1022" value="ⲛ"/>
		<feat xlink:href="#sSpan1026" value="ⲡ"/>
		<feat xlink:href="#sSpan1030" value="ⲕⲟⲥⲙⲟⲥ"/>
		<feat xlink:href="#sSpan1032" value="ⲁⲩⲱ"/>
		<feat xlink:href="#sSpan1036" value="ⲛ"/>
		<feat xlink:href="#sSpan1040" value="ⲡ"/>
		<feat xlink:href="#sSpan1044" value="ⲁⲅⲅⲉⲗⲟⲥ"/>
		<feat xlink:href="#sSpan1046" value="ⲙⲛ"/>
		<feat xlink:href="#sSpan1050" value="ⲡ"/>
		<feat xlink:href="#sSpan1053" value="ⲣⲱⲙⲉ"/>
		<feat xlink:href="#sSpan1055" value="."/>
		<feat xlink:href="#sSpan1059" value="ⲁⲛⲟⲛ"/>
		<feat xlink:href="#sSpan1068" value="ⲁ"/>
		<feat xlink:href="#sSpan1072" value="ⲁⲛⲟⲛ"/>
		<feat xlink:href="#sSpan1075" value="ⲣⲥⲟϭ"/>
		<feat xlink:href="#sSpan1078" value="ⲉⲧⲃⲉ"/>
		<feat xlink:href="#sSpan1082" value="ⲡ"/>
		<feat xlink:href="#sSpan1086" value="ⲭⲣⲓⲥⲧⲟⲥ"/>
		<feat xlink:href="#sSpan1088" value="ⲛⲧⲱⲧⲛ"/>
		<feat xlink:href="#sSpan1093" value="ⲇⲉ"/>
		<feat xlink:href="#sSpan1097" value="ⲛⲧⲱⲧⲛ"/>
		<feat xlink:href="#sSpan1101" value="ⲟⲩ"/>
		<feat xlink:href="#sSpan1106" value="ⲥⲁⲃⲉ"/>
		<feat xlink:href="#sSpan1108" value="ϩⲛ"/>
		<feat xlink:href="#sSpan1112" value="ⲡ"/>
		<feat xlink:href="#sSpan1116" value="ⲭⲣⲓⲥⲧⲟⲥ"/>
		<feat xlink:href="#sSpan1118" value="ⲁⲛⲟⲛ"/>
		<feat xlink:href="#sSpan1122" value="ⲁⲛⲟⲛ"/>
		<feat xlink:href="#sSpan1126" value="ϭⲃⲃⲉ"/>
		<feat xlink:href="#sSpan1128" value="ⲛⲧⲱⲧⲛ"/>
		<feat xlink:href="#sSpan1133" value="ⲇⲉ"/>
		<feat xlink:href="#sSpan1137" value="ⲛⲧⲱⲧⲛ"/>
		<feat xlink:href="#sSpan1141" value="ϫⲣⲟ"/>
		<feat xlink:href="#sSpan1143" value="ⲛⲧⲱⲧⲛ"/>
		<feat xlink:href="#sSpan1147" value="ⲛⲧⲱⲧⲛ"/>
		<feat xlink:href="#sSpan1151" value="ⲧⲁⲉⲓⲟ"/>
		<feat xlink:href="#sSpan1153" value="ⲁⲛⲟⲛ"/>
		<feat xlink:href="#sSpan1158" value="ⲇⲉ"/>
		<feat xlink:href="#sSpan1162" value="ⲁⲛⲟⲛ"/>
		<feat xlink:href="#sSpan1166" value="ⲥⲱϣ"/>
		<feat xlink:href="#sSpan1169" value="ϣⲁϩⲣⲁⲓ"/>
		<feat xlink:href="#sSpan1178" value="ⲉ"/>
		<feat xlink:href="#sSpan1182" value="ⲡⲉⲓ"/>
		<feat xlink:href="#sSpan1185" value="ⲟⲩⲛⲟⲩ"/>
		<feat xlink:href="#sSpan1187" value="ⲁⲛⲟⲛ"/>
		<feat xlink:href="#sSpan1191" value="ϩⲕⲟ"/>
		<feat xlink:href="#sSpan1193" value="ⲁⲛⲟⲛ"/>
		<feat xlink:href="#sSpan1197" value="ⲱϥⲉ"/>
		<feat xlink:href="#sSpan1199" value="ⲁⲛⲟⲛ"/>
		<feat xlink:href="#sSpan1204" value="ⲕⲏⲕⲁϩⲏⲩ"/>
		<feat xlink:href="#sSpan1207" value="ⲛⲧⲟⲟⲩ"/>
		<feat xlink:href="#sSpan1212" value="ϯⲕⲗⲯ"/>
		<feat xlink:href="#sSpan1216" value="ⲉϫⲛ"/>
		<feat xlink:href="#sSpan1220" value="ⲁⲛⲟⲛ"/>
		<feat xlink:href="#sSpan1222" value="ⲁⲛⲟⲛ"/>
		<feat xlink:href="#sSpan1226" value="ϣⲧⲟⲣⲧⲣ"/>
		<feat xlink:href="#sSpan1228" value="."/>
		<feat xlink:href="#sSpan1232" value="ⲁⲛⲟⲛ"/>
		<feat xlink:href="#sSpan1241" value="ϩⲓⲥⲉ"/>
		<feat xlink:href="#sSpan1243" value="ⲉⲣⲉ"/>
		<feat xlink:href="#sSpan1247" value="ⲁⲛⲟⲛ"/>
		<feat xlink:href="#sSpan1250" value="ⲣϩⲱⲃ"/>
		<feat xlink:href="#sSpan1253" value="ϩⲛ"/>
		<feat xlink:href="#sSpan1257" value="ⲡⲉⲛ"/>
		<feat xlink:href="#sSpan1260" value="ϭⲓϫ"/>
		<feat xlink:href="#sSpan1262" value="ⲙⲙⲓⲛⲙⲙⲟ"/>
		<feat xlink:href="#sSpan1266" value="ⲁⲛⲟⲛ"/>
		<feat xlink:href="#sSpan1270" value="ⲉⲣⲉ"/>
		<feat xlink:href="#sSpan1274" value="ⲛⲧⲟⲟⲩ"/>
		<feat xlink:href="#sSpan1276" value="ⲥⲁϩⲟⲩ"/>
		<feat xlink:href="#sSpan1278" value="ⲛ"/>
		<feat xlink:href="#sSpan1282" value="ⲁⲛⲟⲛ"/>
		<feat xlink:href="#sSpan1284" value="ⲁⲛⲟⲛ"/>
		<feat xlink:href="#sSpan1288" value="ⲥⲙⲟⲩ"/>
		<feat xlink:href="#sSpan1290" value="ⲉ"/>
		<feat xlink:href="#sSpan1294" value="ⲛⲧⲟⲟⲩ"/>
		<feat xlink:href="#sSpan1296" value="ⲉⲣⲉ"/>
		<feat xlink:href="#sSpan1300" value="ⲛⲧⲟⲟⲩ"/>
		<feat xlink:href="#sSpan1302" value="ⲡⲱⲧ"/>
		<feat xlink:href="#sSpan1304" value="ⲛⲥⲁ"/>
		<feat xlink:href="#sSpan1308" value="ⲁⲛⲟⲛ"/>
		<feat xlink:href="#sSpan1310" value="ⲁⲛⲟⲛ"/>
		<feat xlink:href="#sSpan1315" value="ⲁⲛⲉⲭⲉ"/>
		<feat xlink:href="#sSpan1317" value="ⲛ"/>
		<feat xlink:href="#sSpan1321" value="ⲛⲧⲟⲟⲩ"/>
		<feat xlink:href="#sSpan1323" value="."/>
		<feat xlink:href="#sSpan1327" value="ⲉⲣⲉ"/>
		<feat xlink:href="#sSpan1337" value="ⲛⲧⲟⲟⲩ"/>
		<feat xlink:href="#sSpan1340" value="ϫⲓⲟⲩⲁ"/>
		<feat xlink:href="#sSpan1343" value="ⲉ"/>
		<feat xlink:href="#sSpan1347" value="ⲁⲛⲟⲛ"/>
		<feat xlink:href="#sSpan1349" value="."/>
		<feat xlink:href="#sSpan1353" value="ⲁⲛⲟⲛ"/>
		<feat xlink:href="#sSpan1358" value="ⲡⲁⲣⲁⲕⲁⲗⲉⲓ"/>
		<feat xlink:href="#sSpan1360" value="ⲛ"/>
		<feat xlink:href="#sSpan1364" value="ⲛⲧⲟⲟⲩ"/>
		<feat xlink:href="#sSpan1366" value="ⲛ"/>
		<feat xlink:href="#sSpan1370" value="ⲡ"/>
		<feat xlink:href="#sSpan1372" value="ϩⲉ"/>
		<feat xlink:href="#sSpan1374" value="ⲛ"/>
		<feat xlink:href="#sSpan1378" value="ⲡⲉⲓ"/>
		<feat xlink:href="#sSpan1382" value="ⲡⲉⲣⲓⲕⲁⲑⲁⲣⲙⲁ"/>
		<feat xlink:href="#sSpan1384" value="ⲛ"/>
		<feat xlink:href="#sSpan1388" value="ⲡ"/>
		<feat xlink:href="#sSpan1392" value="ⲕⲟⲥⲙⲟⲥ"/>
		<feat xlink:href="#sSpan1394" value="ⲁ"/>
		<feat xlink:href="#sSpan1398" value="ⲁⲛⲟⲛ"/>
		<feat xlink:href="#sSpan1401" value="ⲣϣϥⲉ"/>
		<feat xlink:href="#sSpan1404" value="ⲛ"/>
		<feat xlink:href="#sSpan1408" value="ⲟⲩⲟⲛ"/>
		<feat xlink:href="#sSpan1412" value="ⲛⲓⲙ"/>
		<feat xlink:href="#sSpan1416" value="ϣⲁϩⲣⲁⲓ"/>
		<feat xlink:href="#sSpan1420" value="ⲉ"/>
		<feat xlink:href="#sSpan1424" value="ⲡⲉⲓ"/>
		<feat xlink:href="#sSpan1427" value="ⲟⲩⲛⲟⲩ"/>
		<feat xlink:href="#sSpan1429" value="."/>
		<feat xlink:href="#sSpan1433" value="ⲛ"/>
		<feat xlink:href="#sSpan1443" value="ⲛⲉ"/>
		<feat xlink:href="#sSpan1445" value="ⲉⲣⲉ"/>
		<feat xlink:href="#sSpan1447" value="ⲁⲛⲟⲕ"/>
		<feat xlink:href="#sSpan1450" value="ϯϣⲓⲡⲉ"/>
		<feat xlink:href="#sSpan1453" value="ⲛⲁ"/>
		<feat xlink:href="#sSpan1457" value="ⲛⲧⲱⲧⲛ"/>
		<feat xlink:href="#sSpan1459" value="ⲁⲛ"/>
		<feat xlink:href="#sSpan1463" value="ⲉⲣⲉ"/>
		<feat xlink:href="#sSpan1467" value="ⲁⲛⲟⲕ"/>
		<feat xlink:href="#sSpan1469" value="ⲥϩⲁⲓ"/>
		<feat xlink:href="#sSpan1471" value="ⲛⲁ"/>
		<feat xlink:href="#sSpan1475" value="ⲛⲧⲱⲧⲛ"/>
		<feat xlink:href="#sSpan1477" value="ⲛ"/>
		<feat xlink:href="#sSpan1481" value="ⲡⲁⲓ"/>
		<feat xlink:href="#sSpan1484" value="."/>
		<feat xlink:href="#sSpan1489" value="ⲁⲗⲗⲁ"/>
		<feat xlink:href="#sSpan1493" value="ⲉⲣⲉ"/>
		<feat xlink:href="#sSpan1497" value="ⲁⲛⲟⲕ"/>
		<feat xlink:href="#sSpan1500" value="ϯⲥⲃⲱ"/>
		<feat xlink:href="#sSpan1503" value="ⲛⲁ"/>
		<feat xlink:href="#sSpan1507" value="ⲛⲧⲱⲧⲛ"/>
		<feat xlink:href="#sSpan1510" value="ϩⲱⲥ"/>
		<feat xlink:href="#sSpan1514" value="ϣⲏⲣⲉ"/>
		<feat xlink:href="#sSpan1519" value="ⲛ"/>
		<feat xlink:href="#sSpan1523" value="ⲙⲉⲣⲓⲧ"/>
		<feat xlink:href="#sSpan1525" value="."/>
		<feat xlink:href="#sSpan1530" value="ⲕⲁⲛ"/>
		<feat xlink:href="#sSpan1540" value="ⲉϣⲱⲡⲉ"/>
		<feat xlink:href="#sSpan1544" value="ⲟⲩⲛⲧⲉ"/>
		<feat xlink:href="#sSpan1548" value="ⲛⲧⲱⲧⲛ"/>
		<feat xlink:href="#sSpan1550" value="ⲙⲙⲁⲩ"/>
		<feat xlink:href="#sSpan1554" value="ⲛ"/>
		<feat xlink:href="#sSpan1558" value="ⲟⲩ"/>
		<feat xlink:href="#sSpan1561" value="ⲧⲃⲁ"/>
		<feat xlink:href="#sSpan1563" value="ⲛ"/>
		<feat xlink:href="#sSpan1568" value="ⲡⲁⲓⲇⲁⲅⲱⲅⲟⲥ"/>
		<feat xlink:href="#sSpan1570" value="ϩⲛ"/>
		<feat xlink:href="#sSpan1574" value="ⲡ"/>
		<feat xlink:href="#sSpan1578" value="ⲭⲣⲓⲥⲧⲟⲥ"/>
		<feat xlink:href="#sSpan1580" value="."/>
		<feat xlink:href="#sSpan1585" value="ⲁⲗⲗⲁ"/>
		<feat xlink:href="#sSpan1589" value="ⲛ"/>
		<feat xlink:href="#sSpan1593" value="ϩⲁϩ"/>
		<feat xlink:href="#sSpan1596" value="ⲛ"/>
		<feat xlink:href="#sSpan1600" value="ⲉⲓⲱⲧ"/>
		<feat xlink:href="#sSpan1602" value="ⲁⲛ"/>
		<feat xlink:href="#sSpan1606" value="."/>
		<feat xlink:href="#sSpan1610" value="ⲁⲛⲟⲕ"/>
		<feat xlink:href="#sSpan1615" value="ⲅⲁⲣ"/>
		<feat xlink:href="#sSpan1619" value="ⲁ"/>
		<feat xlink:href="#sSpan1623" value="ⲁⲛⲟⲕ"/>
		<feat xlink:href="#sSpan1625" value="ϫⲡⲟ"/>
		<feat xlink:href="#sSpan1627" value="ⲛⲧⲱⲧⲛ"/>
		<feat xlink:href="#sSpan1629" value="ϩⲛ"/>
		<feat xlink:href="#sSpan1633" value="ⲡ"/>
		<feat xlink:href="#sSpan1637" value="ⲭⲣⲓⲥⲧⲟⲥ"/>
		<feat xlink:href="#sSpan1640" value="ⲓⲏⲥⲟⲩⲥ"/>
		<feat xlink:href="#sSpan1644" value="ϩⲓⲧⲛ"/>
		<feat xlink:href="#sSpan1648" value="ⲡ"/>
		<feat xlink:href="#sSpan1652" value="ⲉⲩⲁⲅⲅⲉⲗⲓⲟⲛ"/>
		<feat xlink:href="#sSpan1654" value="."/>
		<feat xlink:href="#sSpan1658" value="ⲁⲛⲟⲕ"/>
		<feat xlink:href="#sSpan1668" value="ⲡⲁⲣⲁⲕⲁⲗⲉⲓ"/>
		<feat xlink:href="#sSpan1670" value="ϭⲉ"/>
		<feat xlink:href="#sSpan1674" value="ⲛ"/>
		<feat xlink:href="#sSpan1678" value="ⲛⲧⲱⲧⲛ"/>
		<feat xlink:href="#sSpan1680" value="ⲧⲟⲛⲧⲛ"/>
		<feat xlink:href="#sSpan1684" value="ⲛⲧⲱⲧⲛ"/>
		<feat xlink:href="#sSpan1686" value="ⲉ"/>
		<feat xlink:href="#sSpan1690" value="ⲁⲛⲟⲕ"/>
		<feat xlink:href="#sSpan1692" value="."/>
		<feat xlink:href="#sSpan1696" value="ⲉⲧⲃⲉ"/>
		<feat xlink:href="#sSpan1707" value="ⲡⲁⲓ"/>
		<feat xlink:href="#sSpan1710" value="ⲁ"/>
		<feat xlink:href="#sSpan1714" value="ⲁⲛⲟⲕ"/>
		<feat xlink:href="#sSpan1716" value="ⲧⲛⲛⲟⲟⲩ"/>
		<feat xlink:href="#sSpan1719" value="ⲧⲓⲙⲟⲑⲉⲟⲥ"/>
		<feat xlink:href="#sSpan1722" value="ⲛⲁ"/>
		<feat xlink:href="#sSpan1726" value="ⲛⲧⲱⲧⲛ"/>
		<feat xlink:href="#sSpan1728" value="ⲉⲧⲉⲣⲉ"/>
		<feat xlink:href="#sSpan1732" value="ⲡⲁⲓ"/>
		<feat xlink:href="#sSpan1734" value="ⲡⲉ"/>
		<feat xlink:href="#sSpan1738" value="ⲡⲁ"/>
		<feat xlink:href="#sSpan1742" value="ϣⲏⲣⲉ"/>
		<feat xlink:href="#sSpan1744" value="ⲛ"/>
		<feat xlink:href="#sSpan1748" value="ⲙⲉⲣⲓⲧ"/>
		<feat xlink:href="#sSpan1750" value="ⲁⲩⲱ"/>
		<feat xlink:href="#sSpan1754" value="ⲡ"/>
		<feat xlink:href="#sSpan1759" value="ⲡⲓⲥⲧⲟⲥ"/>
		<feat xlink:href="#sSpan1761" value="ϩⲛ"/>
		<feat xlink:href="#sSpan1765" value="ⲡ"/>
		<feat xlink:href="#sSpan1768" value="ϫⲟⲉⲓⲥ"/>
		<feat xlink:href="#sSpan1770" value="ⲡⲁⲓ"/>
		<feat xlink:href="#sSpan1774" value="ⲉⲧⲉⲣⲉ"/>
		<feat xlink:href="#sSpan1778" value="ⲛⲁ"/>
		<feat xlink:href="#sSpan1780" value="ⲧⲣⲉ"/>
		<feat xlink:href="#sSpan1782" value="ⲛⲧⲱⲧⲛ"/>
		<feat xlink:href="#sSpan1784" value="ⲉⲓⲣⲉ"/>
		<feat xlink:href="#sSpan1786" value="ⲡ"/>
		<feat xlink:href="#sSpan1788" value="ⲙⲉⲉⲩⲉ"/>
		<feat xlink:href="#sSpan1790" value="ⲛ"/>
		<feat xlink:href="#sSpan1794" value="ⲡⲁ"/>
		<feat xlink:href="#sSpan1797" value="ϩⲓⲏ"/>
		<feat xlink:href="#sSpan1799" value="ⲉⲧⲉⲣⲉ"/>
		<feat xlink:href="#sSpan1803" value="ϩⲛ"/>
		<feat xlink:href="#sSpan1805" value="ⲡ"/>
		<feat xlink:href="#sSpan1809" value="ⲭⲣⲓⲥⲧⲟⲥ"/>
		<feat xlink:href="#sSpan1811" value="ⲛ"/>
		<feat xlink:href="#sSpan1815" value="ⲡ"/>
		<feat xlink:href="#sSpan1817" value="ϩⲉ"/>
		<feat xlink:href="#sSpan1820" value="ⲉⲧⲉ"/>
		<feat xlink:href="#sSpan1824" value="ⲁⲛⲟⲕ"/>
		<feat xlink:href="#sSpan1827" value="ϯⲥⲃⲱ"/>
		<feat xlink:href="#sSpan1830" value="ⲛ"/>
		<feat xlink:href="#sSpan1834" value="ⲛⲧⲟⲥ"/>
		<feat xlink:href="#sSpan1836" value="ϩⲛ"/>
		<feat xlink:href="#sSpan1840" value="ⲡ"/>
		<feat xlink:href="#sSpan1844" value="ⲉⲕⲕⲗⲏⲥⲓⲁ"/>
		<feat xlink:href="#sSpan1846" value="ⲧⲏⲣ"/>
		<feat xlink:href="#sSpan1850" value="ⲛⲧⲟⲟⲩ"/>
		<feat xlink:href="#sSpan1852" value="ϩⲛ"/>
		<feat xlink:href="#sSpan1856" value="ⲙⲁ"/>
		<feat xlink:href="#sSpan1859" value="ⲛⲓⲙ"/>
		<feat xlink:href="#sSpan1863" value="."/>
		<feat xlink:href="#sSpan1868" value="ϩⲱⲥ"/>
		<feat xlink:href="#sSpan1877" value="ⲉⲣⲉ"/>
		<feat xlink:href="#sSpan1881" value="ⲛ"/>
		<feat xlink:href="#sSpan1883" value="ⲁⲛⲟⲕ"/>
		<feat xlink:href="#sSpan1885" value="ⲉⲓ"/>
		<feat xlink:href="#sSpan1888" value="ⲇⲉ"/>
		<feat xlink:href="#sSpan1892" value="ⲁⲛ"/>
		<feat xlink:href="#sSpan1896" value="ϣⲁ"/>
		<feat xlink:href="#sSpan1900" value="ⲛⲧⲱⲧⲛ"/>
		<feat xlink:href="#sSpan1902" value="ⲁ"/>
		<feat xlink:href="#sSpan1906" value="ϩⲟⲓⲛⲉ"/>
		<feat xlink:href="#sSpan1909" value="ϫⲓⲥⲉ"/>
		<feat xlink:href="#sSpan1913" value="ⲛ"/>
		<feat xlink:href="#sSpan1917" value="ϩⲏⲧ"/>
		<feat xlink:href="#sSpan1919" value="ⲁⲛⲟⲕ"/>
		<feat xlink:href="#sSpan1928" value="ⲉⲓ"/>
		<feat xlink:href="#sSpan1931" value="ⲇⲉ"/>
		<feat xlink:href="#sSpan1935" value="ϣⲁ"/>
		<feat xlink:href="#sSpan1939" value="ⲛⲧⲱⲧⲛ"/>
		<feat xlink:href="#sSpan1941" value="ϩⲛ"/>
		<feat xlink:href="#sSpan1945" value="ⲟⲩ"/>
		<feat xlink:href="#sSpan1949" value="ϭⲉⲡⲏ"/>
		<feat xlink:href="#sSpan1951" value="ⲉⲣϣⲁⲛ"/>
		<feat xlink:href="#sSpan1955" value="ⲡ"/>
		<feat xlink:href="#sSpan1958" value="ϫⲟⲉⲓⲥ"/>
		<feat xlink:href="#sSpan1960" value="ⲉⲓⲣⲉ"/>
		<feat xlink:href="#sSpan1964" value="ϩⲛⲉ"/>
		<feat xlink:href="#sSpan1966" value="ⲛⲧⲟϥ"/>
		<feat xlink:href="#sSpan1968" value="."/>
		<feat xlink:href="#sSpan1972" value="ⲛⲧⲉ"/>
		<feat xlink:href="#sSpan1976" value="ⲁⲛⲟⲕ"/>
		<feat xlink:href="#sSpan1978" value="ⲉⲓⲙⲉ"/>
		<feat xlink:href="#sSpan1980" value="ⲁⲛ"/>
		<feat xlink:href="#sSpan1984" value="ⲉ"/>
		<feat xlink:href="#sSpan1988" value="ⲡ"/>
		<feat xlink:href="#sSpan1991" value="ϣⲁϫⲉ"/>
		<feat xlink:href="#sSpan1993" value="ⲛ"/>
		<feat xlink:href="#sSpan1997" value="ⲡ"/>
		<feat xlink:href="#sSpan2000" value="ⲉⲧⲉⲣⲉ"/>
		<feat xlink:href="#sSpan2002" value="ϫⲓⲥⲉ"/>
		<feat xlink:href="#sSpan2004" value="ⲛ"/>
		<feat xlink:href="#sSpan2008" value="ϩⲏⲧ"/>
		<feat xlink:href="#sSpan2010" value="."/>
		<feat xlink:href="#sSpan2015" value="ⲁⲗⲗⲁ"/>
		<feat xlink:href="#sSpan2019" value="ⲡⲉⲩ"/>
		<feat xlink:href="#sSpan2024" value="ϭⲟⲙ"/>
		<feat xlink:href="#sSpan2026" value="."/>
		<feat xlink:href="#sSpan2030" value="ⲡ"/>
		<feat xlink:href="#sSpan2041" value="ⲙⲛⲧⲣⲣⲟ"/>
		<feat xlink:href="#sSpan2045" value="ⲅⲁⲣ"/>
		<feat xlink:href="#sSpan2049" value="ⲛ"/>
		<feat xlink:href="#sSpan2053" value="ⲡ"/>
		<feat xlink:href="#sSpan2056" value="ⲛⲟⲩⲧⲉ"/>
		<feat xlink:href="#sSpan2058" value="ⲛ"/>
		<feat xlink:href="#sSpan2062" value="ⲉⲣⲉ"/>
		<feat xlink:href="#sSpan2064" value="ⲛⲧⲟⲥ"/>
		<feat xlink:href="#sSpan2066" value="ϩⲛ"/>
		<feat xlink:href="#sSpan2068" value="ϣⲁϫⲉ"/>
		<feat xlink:href="#sSpan2071" value="ⲁⲛ"/>
		<feat xlink:href="#sSpan2075" value="."/>
		<feat xlink:href="#sSpan2080" value="ⲁⲗⲗⲁ"/>
		<feat xlink:href="#sSpan2084" value="ϩⲛ"/>
		<feat xlink:href="#sSpan2088" value="ⲟⲩ"/>
		<feat xlink:href="#sSpan2091" value="ϭⲟⲙ"/>
		<feat xlink:href="#sSpan2093" value="."/>
		<feat xlink:href="#sSpan2097" value="ⲟⲩ"/>
		<feat xlink:href="#sSpan2106" value="ⲡⲉ"/>
		<feat xlink:href="#sSpan2111" value="ⲉⲧⲉⲣⲉ"/>
		<feat xlink:href="#sSpan2113" value="ⲛⲧⲱⲧⲛ"/>
		<feat xlink:href="#sSpan2115" value="ⲟⲩⲱϣ"/>
		<feat xlink:href="#sSpan2117" value="ⲛⲧⲟϥ"/>
		<feat xlink:href="#sSpan2119" value="."/>
		<feat xlink:href="#sSpan2123" value="ⲛⲧⲉ_ⲁⲛⲟⲕ"/>
		<feat xlink:href="#sSpan2127" value="ⲉⲓ"/>
		<feat xlink:href="#sSpan2129" value="ϣⲁ"/>
		<feat xlink:href="#sSpan2133" value="ⲛⲧⲱⲧⲛ"/>
		<feat xlink:href="#sSpan2135" value="ϩⲛ"/>
		<feat xlink:href="#sSpan2139" value="ⲟⲩ"/>
		<feat xlink:href="#sSpan2142" value="ϭⲉⲣⲱⲃ"/>
		<feat xlink:href="#sSpan2144" value="ϫⲛ"/>
		<feat xlink:href="#sSpan2148" value="ϩⲛ"/>
		<feat xlink:href="#sSpan2150" value="ⲟⲩ"/>
		<feat xlink:href="#sSpan2154" value="ⲁⲅⲁⲡⲏ"/>
		<feat xlink:href="#sSpan2156" value="ⲙⲛ"/>
		<feat xlink:href="#sSpan2160" value="ⲟⲩ"/>
		<feat xlink:href="#sSpan2164" value="ⲡⲛⲉⲩⲙⲁ"/>
		<feat xlink:href="#sSpan2166" value="ⲛ"/>
		<feat xlink:href="#sSpan2171" value="ⲙⲛⲧⲣⲙⲣⲁϣ"/>
		<feat xlink:href="#sSpan2175" value="."/></featList></paula>