<?xml version='1.0' encoding='UTF-8'?><!DOCTYPE paula SYSTEM "paula_feat.dtd">
<paula version="1.1">
	<header paula_id="scriptorium.1Cor_04.mark_sbl_greek"/>
	<featList xmlns:xlink="http://www.w3.org/1999/xlink" type="sbl_greek" xml:base="scriptorium.1Cor_04.mark.xml">
		<feat xlink:href="#sSpan8" value="Οὕτως ἡμᾶς λογιζέσθω ἄνθρωπος ὡς ὑπηρέτας Χριστοῦ καὶ οἰκονόμους μυστηρίων θεοῦ. "/>
		<feat xlink:href="#sSpan105" value="⸀ὧδε λοιπὸν ζητεῖται ἐν τοῖς οἰκονόμοις ἵνα πιστός τις εὑρεθῇ. "/>
		<feat xlink:href="#sSpan169" value="ἐμοὶ δὲ εἰς ἐλάχιστόν ἐστιν, ἵνα ὑφ’ ὑμῶν ἀνακριθῶ ἢ ὑπὸ ἀνθρωπίνης ἡμέρας· ἀλλ’ οὐδὲ ἐμαυτὸν ἀνακρίνω· "/>
		<feat xlink:href="#sSpan290" value="οὐδὲν γὰρ ἐμαυτῷ σύνοιδα, ἀλλ’ οὐκ ἐν τούτῳ δεδικαίωμαι, ὁ δὲ ἀνακρίνων με κύριός ἐστιν. "/>
		<feat xlink:href="#sSpan403" value="ὥστε μὴ πρὸ καιροῦ τι κρίνετε, ἕως ἂν ἔλθῃ ὁ κύριος, ὃς καὶ φωτίσει τὰ κρυπτὰ τοῦ σκότους καὶ φανερώσει τὰς βουλὰς τῶν καρδιῶν, καὶ τότε ὁ ἔπαινος γενήσεται ἑκάστῳ ἀπὸ τοῦ θεοῦ. "/>
		<feat xlink:href="#sSpan587" value="Ταῦτα δέ, ἀδελφοί, μετεσχημάτισα εἰς ἐμαυτὸν καὶ ⸀Ἀπολλῶν δι’ ὑμᾶς, ἵνα ἐν ἡμῖν μάθητε τό· Μὴ ὑπὲρ ⸀ἃ ⸀γέγραπται, ἵνα μὴ εἷς ὑπὲρ τοῦ ἑνὸς φυσιοῦσθε κατὰ τοῦ ἑτέρου. "/>
		<feat xlink:href="#sSpan730" value="τίς γάρ σε διακρίνει; τί δὲ ἔχεις ὃ οὐκ ἔλαβες; εἰ δὲ καὶ ἔλαβες, τί καυχᾶσαι ὡς μὴ λαβών; "/>
		<feat xlink:href="#sSpan846" value="Ἤδη κεκορεσμένοι ἐστέ, ἤδη ἐπλουτήσατε, χωρὶς ἡμῶν ἐβασιλεύσατε· καὶ ὄφελόν γε ἐβασιλεύσατε, ἵνα καὶ ἡμεῖς ὑμῖν συμβασιλεύσωμεν. "/>
		<feat xlink:href="#sSpan943" value="δοκῶ ⸀γάρ, ὁ θεὸς ἡμᾶς τοὺς ἀποστόλους ἐσχάτους ἀπέδειξεν ὡς ἐπιθανατίους, ὅτι θέατρον ἐγενήθημεν τῷ κόσμῳ καὶ ἀγγέλοις καὶ ἀνθρώποις. "/>
		<feat xlink:href="#sSpan1067" value="ἡμεῖς μωροὶ διὰ Χριστόν, ὑμεῖς δὲ φρόνιμοι ἐν Χριστῷ· ἡμεῖς ἀσθενεῖς, ὑμεῖς δὲ ἰσχυροί· ὑμεῖς ἔνδοξοι, ἡμεῖς δὲ ἄτιμοι. "/>
		<feat xlink:href="#sSpan1177" value="ἄχρι τῆς ἄρτι ὥρας καὶ πεινῶμεν καὶ διψῶμεν καὶ γυμνιτεύομεν καὶ κολαφιζόμεθα καὶ ἀστατοῦμεν "/>
		<feat xlink:href="#sSpan1240" value="καὶ κοπιῶμεν ἐργαζόμενοι ταῖς ἰδίαις χερσίν· λοιδορούμενοι εὐλογοῦμεν, διωκόμενοι ἀνεχόμεθα, "/>
		<feat xlink:href="#sSpan1335" value="⸀δυσφημούμενοι παρακαλοῦμεν· ὡς περικαθάρματα τοῦ κόσμου ἐγενήθημεν, πάντων περίψημα ἕως ἄρτι. "/>
		<feat xlink:href="#sSpan1441" value="Οὐκ ἐντρέπων ὑμᾶς γράφω ταῦτα, ἀλλ’ ὡς τέκνα μου ἀγαπητὰ ⸀νουθετῶν· "/>
		<feat xlink:href="#sSpan1538" value="ἐὰν γὰρ μυρίους παιδαγωγοὺς ἔχητε ἐν Χριστῷ, ἀλλ’ οὐ πολλοὺς πατέρας, ἐν γὰρ Χριστῷ Ἰησοῦ διὰ τοῦ εὐαγγελίου ἐγὼ ὑμᾶς ἐγέννησα. "/>
		<feat xlink:href="#sSpan1665" value="παρακαλῶ οὖν ὑμᾶς, μιμηταί μου γίνεσθε. "/>
		<feat xlink:href="#sSpan1704" value="διὰ τοῦτο ἔπεμψα ὑμῖν Τιμόθεον, ὅς ἐστίν ⸂μου τέκνον⸃ ἀγαπητὸν καὶ πιστὸν ἐν κυρίῳ, ὃς ὑμᾶς ἀναμνήσει τὰς ὁδούς μου τὰς ἐν Χριστῷ ⸀Ἰησοῦ, καθὼς πανταχοῦ ἐν πάσῃ ἐκκλησίᾳ διδάσκω. "/>
		<feat xlink:href="#sSpan1875" value="ὡς μὴ ἐρχομένου δέ μου πρὸς ὑμᾶς ἐφυσιώθησάν τινες· "/>
		<feat xlink:href="#sSpan1926" value="ἐλεύσομαι δὲ ταχέως πρὸς ὑμᾶς, ἐὰν ὁ κύριος θελήσῃ, καὶ γνώσομαι οὐ τὸν λόγον τῶν πεφυσιωμένων ἀλλὰ τὴν δύναμιν, "/>
		<feat xlink:href="#sSpan2038" value="οὐ γὰρ ἐν λόγῳ ἡ βασιλεία τοῦ θεοῦ ἀλλ’ ἐν δυνάμει. "/>
		<feat xlink:href="#sSpan2104" value="τί θέλετε; ἐν ῥάβδῳ ἔλθω πρὸς ὑμᾶς, ἢ ἐν ἀγάπῃ πνεύματί τε πραΰτητος; "/></featList></paula>