<?xml version='1.0' encoding='UTF-8'?><!DOCTYPE paula SYSTEM "paula_feat.dtd">
<paula version="1.1">
	<header paula_id="scriptorium.1Cor_04.mark_new_sent"/>
	<featList xmlns:xlink="http://www.w3.org/1999/xlink" type="new_sent" xml:base="scriptorium.1Cor_04.mark.xml">
		<feat xlink:href="#sSpan1" value="true"/>
		<feat xlink:href="#sSpan98" value="true"/>
		<feat xlink:href="#sSpan162" value="true"/>
		<feat xlink:href="#sSpan283" value="true"/>
		<feat xlink:href="#sSpan395" value="true"/>
		<feat xlink:href="#sSpan578" value="true"/>
		<feat xlink:href="#sSpan722" value="true"/>
		<feat xlink:href="#sSpan838" value="true"/>
		<feat xlink:href="#sSpan935" value="true"/>
		<feat xlink:href="#sSpan1059" value="true"/>
		<feat xlink:href="#sSpan1169" value="true"/>
		<feat xlink:href="#sSpan1232" value="true"/>
		<feat xlink:href="#sSpan1327" value="true"/>
		<feat xlink:href="#sSpan1433" value="true"/>
		<feat xlink:href="#sSpan1530" value="true"/>
		<feat xlink:href="#sSpan1658" value="true"/>
		<feat xlink:href="#sSpan1696" value="true"/>
		<feat xlink:href="#sSpan1868" value="true"/>
		<feat xlink:href="#sSpan1919" value="true"/>
		<feat xlink:href="#sSpan2030" value="true"/>
		<feat xlink:href="#sSpan2097" value="true"/></featList></paula>