<?xml version='1.0' encoding='UTF-8'?><!DOCTYPE paula SYSTEM "paula_feat.dtd">
<paula version="1.1">
	<header paula_id="scriptorium.shenoute.prince.XH195-204.mark_chapter_n"/>
	<featList xmlns:xlink="http://www.w3.org/1999/xlink" type="chapter_n" xml:base="scriptorium.shenoute.prince.XH195-204.mark.xml">
		<feat xlink:href="#sSpan7" value="28"/>
		<feat xlink:href="#sSpan45" value="29"/>
		<feat xlink:href="#sSpan319" value="30"/>
		<feat xlink:href="#sSpan489" value="31"/>
		<feat xlink:href="#sSpan1131" value="32"/>
		<feat xlink:href="#sSpan1456" value="33"/>
		<feat xlink:href="#sSpan1722" value="34"/>
		<feat xlink:href="#sSpan2002" value="35"/>
		<feat xlink:href="#sSpan2315" value="36"/>
		<feat xlink:href="#sSpan2395" value="37"/>
		<feat xlink:href="#sSpan2995" value="38"/>
		<feat xlink:href="#sSpan3356" value="39"/>
		<feat xlink:href="#sSpan3632" value="40"/>
		<feat xlink:href="#sSpan3925" value="41"/>
		<feat xlink:href="#sSpan4141" value="42"/>
		<feat xlink:href="#sSpan4302" value="43"/>
		<feat xlink:href="#sSpan4820" value="44"/>
		<feat xlink:href="#sSpan5038" value="45"/>
		<feat xlink:href="#sSpan5231" value="46"/>
		<feat xlink:href="#sSpan5600" value="47"/>
		<feat xlink:href="#sSpan5936" value="48"/>
		<feat xlink:href="#sSpan6024" value="49"/>
		<feat xlink:href="#sSpan6227" value="50"/>
		<feat xlink:href="#sSpan6319" value="51"/>
		<feat xlink:href="#sSpan7025" value="52"/>
		<feat xlink:href="#sSpan7239" value="53"/>
		<feat xlink:href="#sSpan7569" value="54"/>
		<feat xlink:href="#sSpan7876" value="55"/></featList></paula>