<?xml version='1.0' encoding='UTF-8'?><!DOCTYPE paula SYSTEM "paula_feat.dtd">
<paula version="1.1">
	<header paula_id="scriptorium.shenoute.prince.XH195-204.mark_lb_n"/>
	<featList xmlns:xlink="http://www.w3.org/1999/xlink" type="lb_n" xml:base="scriptorium.shenoute.prince.XH195-204.mark.xml">
		<feat xlink:href="#sSpan6" value="1"/>
		<feat xlink:href="#sSpan23" value="2"/>
		<feat xlink:href="#sSpan42" value="3"/>
		<feat xlink:href="#sSpan57" value="4"/>
		<feat xlink:href="#sSpan71" value="5"/>
		<feat xlink:href="#sSpan84" value="6"/>
		<feat xlink:href="#sSpan96" value="7"/>
		<feat xlink:href="#sSpan117" value="8"/>
		<feat xlink:href="#sSpan135" value="9"/>
		<feat xlink:href="#sSpan145" value="10"/>
		<feat xlink:href="#sSpan166" value="11"/>
		<feat xlink:href="#sSpan178" value="12"/>
		<feat xlink:href="#sSpan192" value="13"/>
		<feat xlink:href="#sSpan203" value="14"/>
		<feat xlink:href="#sSpan220" value="15"/>
		<feat xlink:href="#sSpan230" value="16"/>
		<feat xlink:href="#sSpan241" value="17"/>
		<feat xlink:href="#sSpan261" value="18"/>
		<feat xlink:href="#sSpan272" value="19"/>
		<feat xlink:href="#sSpan283" value="20"/>
		<feat xlink:href="#sSpan292" value="21"/>
		<feat xlink:href="#sSpan305" value="22"/>
		<feat xlink:href="#sSpan316" value="23"/>
		<feat xlink:href="#sSpan332" value="24"/>
		<feat xlink:href="#sSpan345" value="25"/>
		<feat xlink:href="#sSpan364" value="26"/>
		<feat xlink:href="#sSpan379" value="27"/>
		<feat xlink:href="#sSpan393" value="28"/>
		<feat xlink:href="#sSpan413" value="29"/>
		<feat xlink:href="#sSpan427" value="1"/>
		<feat xlink:href="#sSpan441" value="2"/>
		<feat xlink:href="#sSpan450" value="3"/>
		<feat xlink:href="#sSpan468" value="4"/>
		<feat xlink:href="#sSpan486" value="5"/>
		<feat xlink:href="#sSpan507" value="6"/>
		<feat xlink:href="#sSpan518" value="7"/>
		<feat xlink:href="#sSpan523" value="8"/>
		<feat xlink:href="#sSpan533" value="9"/>
		<feat xlink:href="#sSpan550" value="10"/>
		<feat xlink:href="#sSpan567" value="11"/>
		<feat xlink:href="#sSpan578" value="12"/>
		<feat xlink:href="#sSpan597" value="13"/>
		<feat xlink:href="#sSpan603" value="14"/>
		<feat xlink:href="#sSpan617" value="15"/>
		<feat xlink:href="#sSpan632" value="16"/>
		<feat xlink:href="#sSpan648" value="17"/>
		<feat xlink:href="#sSpan669" value="18"/>
		<feat xlink:href="#sSpan684" value="19"/>
		<feat xlink:href="#sSpan695" value="20"/>
		<feat xlink:href="#sSpan706" value="21"/>
		<feat xlink:href="#sSpan717" value="22"/>
		<feat xlink:href="#sSpan731" value="23"/>
		<feat xlink:href="#sSpan741" value="24"/>
		<feat xlink:href="#sSpan756" value="25"/>
		<feat xlink:href="#sSpan770" value="26"/>
		<feat xlink:href="#sSpan781" value="27"/>
		<feat xlink:href="#sSpan798" value="28"/>
		<feat xlink:href="#sSpan809" value="29"/>
		<feat xlink:href="#sSpan823" value="1"/>
		<feat xlink:href="#sSpan842" value="2"/>
		<feat xlink:href="#sSpan859" value="3"/>
		<feat xlink:href="#sSpan876" value="4"/>
		<feat xlink:href="#sSpan891" value="5"/>
		<feat xlink:href="#sSpan904" value="6"/>
		<feat xlink:href="#sSpan923" value="7"/>
		<feat xlink:href="#sSpan932" value="8"/>
		<feat xlink:href="#sSpan946" value="9"/>
		<feat xlink:href="#sSpan959" value="10"/>
		<feat xlink:href="#sSpan974" value="11"/>
		<feat xlink:href="#sSpan992" value="12"/>
		<feat xlink:href="#sSpan1004" value="13"/>
		<feat xlink:href="#sSpan1015" value="14"/>
		<feat xlink:href="#sSpan1024" value="15"/>
		<feat xlink:href="#sSpan1034" value="16"/>
		<feat xlink:href="#sSpan1049" value="17"/>
		<feat xlink:href="#sSpan1059" value="18"/>
		<feat xlink:href="#sSpan1068" value="19"/>
		<feat xlink:href="#sSpan1084" value="20"/>
		<feat xlink:href="#sSpan1097" value="21"/>
		<feat xlink:href="#sSpan1115" value="22"/>
		<feat xlink:href="#sSpan1128" value="23"/>
		<feat xlink:href="#sSpan1148" value="24"/>
		<feat xlink:href="#sSpan1160" value="25"/>
		<feat xlink:href="#sSpan1178" value="26"/>
		<feat xlink:href="#sSpan1195" value="27"/>
		<feat xlink:href="#sSpan1207" value="28"/>
		<feat xlink:href="#sSpan1225" value="29"/>
		<feat xlink:href="#sSpan1237" value="1"/>
		<feat xlink:href="#sSpan1253" value="2"/>
		<feat xlink:href="#sSpan1265" value="3"/>
		<feat xlink:href="#sSpan1279" value="4"/>
		<feat xlink:href="#sSpan1292" value="5"/>
		<feat xlink:href="#sSpan1307" value="6"/>
		<feat xlink:href="#sSpan1323" value="7"/>
		<feat xlink:href="#sSpan1336" value="8"/>
		<feat xlink:href="#sSpan1350" value="9"/>
		<feat xlink:href="#sSpan1367" value="10"/>
		<feat xlink:href="#sSpan1376" value="11"/>
		<feat xlink:href="#sSpan1394" value="12"/>
		<feat xlink:href="#sSpan1408" value="13"/>
		<feat xlink:href="#sSpan1418" value="14"/>
		<feat xlink:href="#sSpan1433" value="15"/>
		<feat xlink:href="#sSpan1453" value="16"/>
		<feat xlink:href="#sSpan1469" value="17"/>
		<feat xlink:href="#sSpan1481" value="18"/>
		<feat xlink:href="#sSpan1495" value="19"/>
		<feat xlink:href="#sSpan1505" value="20"/>
		<feat xlink:href="#sSpan1515" value="21"/>
		<feat xlink:href="#sSpan1533" value="22"/>
		<feat xlink:href="#sSpan1548" value="23"/>
		<feat xlink:href="#sSpan1567" value="24"/>
		<feat xlink:href="#sSpan1577" value="25"/>
		<feat xlink:href="#sSpan1593" value="26"/>
		<feat xlink:href="#sSpan1613" value="27"/>
		<feat xlink:href="#sSpan1623" value="28"/>
		<feat xlink:href="#sSpan1636" value="29"/>
		<feat xlink:href="#sSpan1652" value="1"/>
		<feat xlink:href="#sSpan1674" value="2"/>
		<feat xlink:href="#sSpan1691" value="3"/>
		<feat xlink:href="#sSpan1702" value="4"/>
		<feat xlink:href="#sSpan1710" value="5"/>
		<feat xlink:href="#sSpan1728" value="6"/>
		<feat xlink:href="#sSpan1744" value="7"/>
		<feat xlink:href="#sSpan1753" value="8"/>
		<feat xlink:href="#sSpan1764" value="9"/>
		<feat xlink:href="#sSpan1781" value="10"/>
		<feat xlink:href="#sSpan1792" value="11"/>
		<feat xlink:href="#sSpan1805" value="12"/>
		<feat xlink:href="#sSpan1815" value="13"/>
		<feat xlink:href="#sSpan1832" value="14"/>
		<feat xlink:href="#sSpan1846" value="15"/>
		<feat xlink:href="#sSpan1859" value="16"/>
		<feat xlink:href="#sSpan1875" value="17"/>
		<feat xlink:href="#sSpan1892" value="18"/>
		<feat xlink:href="#sSpan1911" value="19"/>
		<feat xlink:href="#sSpan1925" value="20"/>
		<feat xlink:href="#sSpan1941" value="21"/>
		<feat xlink:href="#sSpan1954" value="22"/>
		<feat xlink:href="#sSpan1968" value="23"/>
		<feat xlink:href="#sSpan1981" value="24"/>
		<feat xlink:href="#sSpan1999" value="25"/>
		<feat xlink:href="#sSpan2014" value="26"/>
		<feat xlink:href="#sSpan2026" value="27"/>
		<feat xlink:href="#sSpan2036" value="28"/>
		<feat xlink:href="#sSpan2045" value="29"/>
		<feat xlink:href="#sSpan2061" value="1"/>
		<feat xlink:href="#sSpan2078" value="2"/>
		<feat xlink:href="#sSpan2089" value="3"/>
		<feat xlink:href="#sSpan2101" value="4"/>
		<feat xlink:href="#sSpan2117" value="5"/>
		<feat xlink:href="#sSpan2128" value="6"/>
		<feat xlink:href="#sSpan2147" value="7"/>
		<feat xlink:href="#sSpan2156" value="8"/>
		<feat xlink:href="#sSpan2169" value="9"/>
		<feat xlink:href="#sSpan2186" value="10"/>
		<feat xlink:href="#sSpan2206" value="11"/>
		<feat xlink:href="#sSpan2222" value="12"/>
		<feat xlink:href="#sSpan2241" value="13"/>
		<feat xlink:href="#sSpan2259" value="14"/>
		<feat xlink:href="#sSpan2269" value="15"/>
		<feat xlink:href="#sSpan2284" value="16"/>
		<feat xlink:href="#sSpan2297" value="17"/>
		<feat xlink:href="#sSpan2306" value="18"/>
		<feat xlink:href="#sSpan2325" value="19"/>
		<feat xlink:href="#sSpan2340" value="20"/>
		<feat xlink:href="#sSpan2352" value="21"/>
		<feat xlink:href="#sSpan2368" value="22"/>
		<feat xlink:href="#sSpan2394" value="23"/>
		<feat xlink:href="#sSpan2416" value="24"/>
		<feat xlink:href="#sSpan2433" value="25"/>
		<feat xlink:href="#sSpan2445" value="26"/>
		<feat xlink:href="#sSpan2453" value="27"/>
		<feat xlink:href="#sSpan2474" value="28"/>
		<feat xlink:href="#sSpan2486" value="29"/>
		<feat xlink:href="#sSpan2498" value="1"/>
		<feat xlink:href="#sSpan2514" value="2"/>
		<feat xlink:href="#sSpan2522" value="3"/>
		<feat xlink:href="#sSpan2540" value="4"/>
		<feat xlink:href="#sSpan2558" value="5"/>
		<feat xlink:href="#sSpan2572" value="6"/>
		<feat xlink:href="#sSpan2588" value="7"/>
		<feat xlink:href="#sSpan2601" value="8"/>
		<feat xlink:href="#sSpan2618" value="9"/>
		<feat xlink:href="#sSpan2628" value="10"/>
		<feat xlink:href="#sSpan2649" value="11"/>
		<feat xlink:href="#sSpan2659" value="12"/>
		<feat xlink:href="#sSpan2672" value="13"/>
		<feat xlink:href="#sSpan2681" value="14"/>
		<feat xlink:href="#sSpan2701" value="15"/>
		<feat xlink:href="#sSpan2724" value="16"/>
		<feat xlink:href="#sSpan2746" value="17"/>
		<feat xlink:href="#sSpan2765" value="18"/>
		<feat xlink:href="#sSpan2781" value="19"/>
		<feat xlink:href="#sSpan2799" value="20"/>
		<feat xlink:href="#sSpan2815" value="21"/>
		<feat xlink:href="#sSpan2826" value="22"/>
		<feat xlink:href="#sSpan2841" value="23"/>
		<feat xlink:href="#sSpan2853" value="24"/>
		<feat xlink:href="#sSpan2868" value="25"/>
		<feat xlink:href="#sSpan2883" value="26"/>
		<feat xlink:href="#sSpan2899" value="27"/>
		<feat xlink:href="#sSpan2910" value="28"/>
		<feat xlink:href="#sSpan2923" value="29"/>
		<feat xlink:href="#sSpan2939" value="1"/>
		<feat xlink:href="#sSpan2949" value="2"/>
		<feat xlink:href="#sSpan2963" value="3"/>
		<feat xlink:href="#sSpan2976" value="4"/>
		<feat xlink:href="#sSpan2994" value="5"/>
		<feat xlink:href="#sSpan3015" value="6"/>
		<feat xlink:href="#sSpan3029" value="7"/>
		<feat xlink:href="#sSpan3045" value="8"/>
		<feat xlink:href="#sSpan3061" value="9"/>
		<feat xlink:href="#sSpan3076" value="10"/>
		<feat xlink:href="#sSpan3087" value="11"/>
		<feat xlink:href="#sSpan3100" value="12"/>
		<feat xlink:href="#sSpan3110" value="13"/>
		<feat xlink:href="#sSpan3120" value="14"/>
		<feat xlink:href="#sSpan3129" value="15"/>
		<feat xlink:href="#sSpan3144" value="16"/>
		<feat xlink:href="#sSpan3160" value="17"/>
		<feat xlink:href="#sSpan3175" value="18"/>
		<feat xlink:href="#sSpan3189" value="19"/>
		<feat xlink:href="#sSpan3198" value="20"/>
		<feat xlink:href="#sSpan3213" value="21"/>
		<feat xlink:href="#sSpan3222" value="22"/>
		<feat xlink:href="#sSpan3237" value="23"/>
		<feat xlink:href="#sSpan3249" value="24"/>
		<feat xlink:href="#sSpan3266" value="25"/>
		<feat xlink:href="#sSpan3278" value="26"/>
		<feat xlink:href="#sSpan3288" value="27"/>
		<feat xlink:href="#sSpan3307" value="28"/>
		<feat xlink:href="#sSpan3320" value="29"/>
		<feat xlink:href="#sSpan3336" value="1"/>
		<feat xlink:href="#sSpan3355" value="2"/>
		<feat xlink:href="#sSpan3374" value="3"/>
		<feat xlink:href="#sSpan3394" value="4"/>
		<feat xlink:href="#sSpan3415" value="5"/>
		<feat xlink:href="#sSpan3432" value="6"/>
		<feat xlink:href="#sSpan3441" value="7"/>
		<feat xlink:href="#sSpan3458" value="8"/>
		<feat xlink:href="#sSpan3477" value="9"/>
		<feat xlink:href="#sSpan3488" value="10"/>
		<feat xlink:href="#sSpan3498" value="11"/>
		<feat xlink:href="#sSpan3506" value="12"/>
		<feat xlink:href="#sSpan3521" value="13"/>
		<feat xlink:href="#sSpan3530" value="14"/>
		<feat xlink:href="#sSpan3553" value="15"/>
		<feat xlink:href="#sSpan3566" value="16"/>
		<feat xlink:href="#sSpan3581" value="17"/>
		<feat xlink:href="#sSpan3593" value="18"/>
		<feat xlink:href="#sSpan3608" value="19"/>
		<feat xlink:href="#sSpan3623" value="20"/>
		<feat xlink:href="#sSpan3641" value="21"/>
		<feat xlink:href="#sSpan3658" value="22"/>
		<feat xlink:href="#sSpan3670" value="23"/>
		<feat xlink:href="#sSpan3685" value="24"/>
		<feat xlink:href="#sSpan3700" value="25"/>
		<feat xlink:href="#sSpan3709" value="26"/>
		<feat xlink:href="#sSpan3721" value="27"/>
		<feat xlink:href="#sSpan3732" value="28"/>
		<feat xlink:href="#sSpan3745" value="29"/>
		<feat xlink:href="#sSpan3761" value="1"/>
		<feat xlink:href="#sSpan3775" value="2"/>
		<feat xlink:href="#sSpan3791" value="3"/>
		<feat xlink:href="#sSpan3808" value="4"/>
		<feat xlink:href="#sSpan3820" value="5"/>
		<feat xlink:href="#sSpan3840" value="6"/>
		<feat xlink:href="#sSpan3855" value="7"/>
		<feat xlink:href="#sSpan3868" value="8"/>
		<feat xlink:href="#sSpan3885" value="9"/>
		<feat xlink:href="#sSpan3891" value="10"/>
		<feat xlink:href="#sSpan3902" value="11"/>
		<feat xlink:href="#sSpan3913" value="12"/>
		<feat xlink:href="#sSpan3933" value="13"/>
		<feat xlink:href="#sSpan3948" value="14"/>
		<feat xlink:href="#sSpan3959" value="15"/>
		<feat xlink:href="#sSpan3974" value="16"/>
		<feat xlink:href="#sSpan3991" value="17"/>
		<feat xlink:href="#sSpan4004" value="18"/>
		<feat xlink:href="#sSpan4027" value="19"/>
		<feat xlink:href="#sSpan4041" value="20"/>
		<feat xlink:href="#sSpan4055" value="21"/>
		<feat xlink:href="#sSpan4070" value="22"/>
		<feat xlink:href="#sSpan4085" value="23"/>
		<feat xlink:href="#sSpan4101" value="24"/>
		<feat xlink:href="#sSpan4115" value="25"/>
		<feat xlink:href="#sSpan4130" value="26"/>
		<feat xlink:href="#sSpan4142" value="27"/>
		<feat xlink:href="#sSpan4165" value="28"/>
		<feat xlink:href="#sSpan4177" value="29"/>
		<feat xlink:href="#sSpan4192" value="1"/>
		<feat xlink:href="#sSpan4212" value="2"/>
		<feat xlink:href="#sSpan4224" value="3"/>
		<feat xlink:href="#sSpan4239" value="4"/>
		<feat xlink:href="#sSpan4250" value="5"/>
		<feat xlink:href="#sSpan4261" value="6"/>
		<feat xlink:href="#sSpan4275" value="7"/>
		<feat xlink:href="#sSpan4291" value="8"/>
		<feat xlink:href="#sSpan4315" value="9"/>
		<feat xlink:href="#sSpan4329" value="10"/>
		<feat xlink:href="#sSpan4345" value="11"/>
		<feat xlink:href="#sSpan4366" value="12"/>
		<feat xlink:href="#sSpan4380" value="13"/>
		<feat xlink:href="#sSpan4399" value="14"/>
		<feat xlink:href="#sSpan4411" value="15"/>
		<feat xlink:href="#sSpan4421" value="16"/>
		<feat xlink:href="#sSpan4439" value="17"/>
		<feat xlink:href="#sSpan4450" value="18"/>
		<feat xlink:href="#sSpan4466" value="19"/>
		<feat xlink:href="#sSpan4479" value="20"/>
		<feat xlink:href="#sSpan4491" value="21"/>
		<feat xlink:href="#sSpan4505" value="22"/>
		<feat xlink:href="#sSpan4517" value="23"/>
		<feat xlink:href="#sSpan4533" value="24"/>
		<feat xlink:href="#sSpan4543" value="25"/>
		<feat xlink:href="#sSpan4559" value="26"/>
		<feat xlink:href="#sSpan4581" value="27"/>
		<feat xlink:href="#sSpan4595" value="28"/>
		<feat xlink:href="#sSpan4610" value="29"/>
		<feat xlink:href="#sSpan4625" value="1"/>
		<feat xlink:href="#sSpan4638" value="2"/>
		<feat xlink:href="#sSpan4650" value="3"/>
		<feat xlink:href="#sSpan4663" value="4"/>
		<feat xlink:href="#sSpan4670" value="5"/>
		<feat xlink:href="#sSpan4685" value="6"/>
		<feat xlink:href="#sSpan4698" value="7"/>
		<feat xlink:href="#sSpan4713" value="8"/>
		<feat xlink:href="#sSpan4728" value="9"/>
		<feat xlink:href="#sSpan4733" value="10"/>
		<feat xlink:href="#sSpan4752" value="11"/>
		<feat xlink:href="#sSpan4764" value="12"/>
		<feat xlink:href="#sSpan4778" value="13"/>
		<feat xlink:href="#sSpan4787" value="14"/>
		<feat xlink:href="#sSpan4800" value="15"/>
		<feat xlink:href="#sSpan4805" value="16"/>
		<feat xlink:href="#sSpan4819" value="17"/>
		<feat xlink:href="#sSpan4836" value="18"/>
		<feat xlink:href="#sSpan4846" value="19"/>
		<feat xlink:href="#sSpan4859" value="20"/>
		<feat xlink:href="#sSpan4870" value="21"/>
		<feat xlink:href="#sSpan4885" value="22"/>
		<feat xlink:href="#sSpan4895" value="23"/>
		<feat xlink:href="#sSpan4908" value="24"/>
		<feat xlink:href="#sSpan4925" value="25"/>
		<feat xlink:href="#sSpan4935" value="26"/>
		<feat xlink:href="#sSpan4948" value="27"/>
		<feat xlink:href="#sSpan4962" value="28"/>
		<feat xlink:href="#sSpan4971" value="29"/>
		<feat xlink:href="#sSpan4981" value="1"/>
		<feat xlink:href="#sSpan4996" value="2"/>
		<feat xlink:href="#sSpan5012" value="3"/>
		<feat xlink:href="#sSpan5023" value="4"/>
		<feat xlink:href="#sSpan5037" value="5"/>
		<feat xlink:href="#sSpan5051" value="6"/>
		<feat xlink:href="#sSpan5061" value="7"/>
		<feat xlink:href="#sSpan5074" value="8"/>
		<feat xlink:href="#sSpan5090" value="9"/>
		<feat xlink:href="#sSpan5104" value="10"/>
		<feat xlink:href="#sSpan5113" value="11"/>
		<feat xlink:href="#sSpan5126" value="12"/>
		<feat xlink:href="#sSpan5137" value="13"/>
		<feat xlink:href="#sSpan5148" value="14"/>
		<feat xlink:href="#sSpan5159" value="15"/>
		<feat xlink:href="#sSpan5172" value="16"/>
		<feat xlink:href="#sSpan5181" value="17"/>
		<feat xlink:href="#sSpan5196" value="18"/>
		<feat xlink:href="#sSpan5214" value="19"/>
		<feat xlink:href="#sSpan5228" value="20"/>
		<feat xlink:href="#sSpan5240" value="21"/>
		<feat xlink:href="#sSpan5255" value="22"/>
		<feat xlink:href="#sSpan5260" value="23"/>
		<feat xlink:href="#sSpan5277" value="24"/>
		<feat xlink:href="#sSpan5291" value="25"/>
		<feat xlink:href="#sSpan5302" value="26"/>
		<feat xlink:href="#sSpan5319" value="27"/>
		<feat xlink:href="#sSpan5340" value="28"/>
		<feat xlink:href="#sSpan5352" value="29"/>
		<feat xlink:href="#sSpan5366" value="1"/>
		<feat xlink:href="#sSpan5386" value="2"/>
		<feat xlink:href="#sSpan5402" value="3"/>
		<feat xlink:href="#sSpan5412" value="4"/>
		<feat xlink:href="#sSpan5423" value="5"/>
		<feat xlink:href="#sSpan5446" value="6"/>
		<feat xlink:href="#sSpan5455" value="7"/>
		<feat xlink:href="#sSpan5465" value="8"/>
		<feat xlink:href="#sSpan5484" value="9"/>
		<feat xlink:href="#sSpan5508" value="10"/>
		<feat xlink:href="#sSpan5519" value="11"/>
		<feat xlink:href="#sSpan5536" value="12"/>
		<feat xlink:href="#sSpan5544" value="13"/>
		<feat xlink:href="#sSpan5560" value="14"/>
		<feat xlink:href="#sSpan5573" value="15"/>
		<feat xlink:href="#sSpan5585" value="16"/>
		<feat xlink:href="#sSpan5599" value="17"/>
		<feat xlink:href="#sSpan5616" value="18"/>
		<feat xlink:href="#sSpan5629" value="19"/>
		<feat xlink:href="#sSpan5640" value="20"/>
		<feat xlink:href="#sSpan5651" value="21"/>
		<feat xlink:href="#sSpan5664" value="22"/>
		<feat xlink:href="#sSpan5673" value="23"/>
		<feat xlink:href="#sSpan5688" value="24"/>
		<feat xlink:href="#sSpan5703" value="25"/>
		<feat xlink:href="#sSpan5717" value="26"/>
		<feat xlink:href="#sSpan5734" value="27"/>
		<feat xlink:href="#sSpan5745" value="28"/>
		<feat xlink:href="#sSpan5763" value="29"/>
		<feat xlink:href="#sSpan5777" value="1"/>
		<feat xlink:href="#sSpan5795" value="2"/>
		<feat xlink:href="#sSpan5815" value="3"/>
		<feat xlink:href="#sSpan5826" value="4"/>
		<feat xlink:href="#sSpan5840" value="5"/>
		<feat xlink:href="#sSpan5853" value="6"/>
		<feat xlink:href="#sSpan5868" value="7"/>
		<feat xlink:href="#sSpan5882" value="8"/>
		<feat xlink:href="#sSpan5895" value="9"/>
		<feat xlink:href="#sSpan5910" value="10"/>
		<feat xlink:href="#sSpan5927" value="11"/>
		<feat xlink:href="#sSpan5944" value="12"/>
		<feat xlink:href="#sSpan5956" value="13"/>
		<feat xlink:href="#sSpan5973" value="14"/>
		<feat xlink:href="#sSpan5986" value="15"/>
		<feat xlink:href="#sSpan6005" value="16"/>
		<feat xlink:href="#sSpan6025" value="17"/>
		<feat xlink:href="#sSpan6048" value="18"/>
		<feat xlink:href="#sSpan6061" value="19"/>
		<feat xlink:href="#sSpan6079" value="20"/>
		<feat xlink:href="#sSpan6087" value="21"/>
		<feat xlink:href="#sSpan6104" value="22"/>
		<feat xlink:href="#sSpan6117" value="23"/>
		<feat xlink:href="#sSpan6129" value="24"/>
		<feat xlink:href="#sSpan6142" value="25"/>
		<feat xlink:href="#sSpan6158" value="26"/>
		<feat xlink:href="#sSpan6169" value="27"/>
		<feat xlink:href="#sSpan6180" value="28"/>
		<feat xlink:href="#sSpan6190" value="29"/>
		<feat xlink:href="#sSpan6203" value="1"/>
		<feat xlink:href="#sSpan6215" value="2"/>
		<feat xlink:href="#sSpan6233" value="3"/>
		<feat xlink:href="#sSpan6249" value="4"/>
		<feat xlink:href="#sSpan6254" value="5"/>
		<feat xlink:href="#sSpan6267" value="6"/>
		<feat xlink:href="#sSpan6276" value="7"/>
		<feat xlink:href="#sSpan6285" value="8"/>
		<feat xlink:href="#sSpan6295" value="9"/>
		<feat xlink:href="#sSpan6309" value="10"/>
		<feat xlink:href="#sSpan6331" value="11"/>
		<feat xlink:href="#sSpan6346" value="12"/>
		<feat xlink:href="#sSpan6365" value="13"/>
		<feat xlink:href="#sSpan6377" value="14"/>
		<feat xlink:href="#sSpan6385" value="15"/>
		<feat xlink:href="#sSpan6400" value="16"/>
		<feat xlink:href="#sSpan6411" value="17"/>
		<feat xlink:href="#sSpan6426" value="18"/>
		<feat xlink:href="#sSpan6438" value="19"/>
		<feat xlink:href="#sSpan6457" value="20"/>
		<feat xlink:href="#sSpan6466" value="21"/>
		<feat xlink:href="#sSpan6480" value="22"/>
		<feat xlink:href="#sSpan6495" value="23"/>
		<feat xlink:href="#sSpan6510" value="24"/>
		<feat xlink:href="#sSpan6518" value="25"/>
		<feat xlink:href="#sSpan6536" value="26"/>
		<feat xlink:href="#sSpan6556" value="27"/>
		<feat xlink:href="#sSpan6567" value="28"/>
		<feat xlink:href="#sSpan6581" value="29"/>
		<feat xlink:href="#sSpan6594" value="1"/>
		<feat xlink:href="#sSpan6613" value="2"/>
		<feat xlink:href="#sSpan6631" value="3"/>
		<feat xlink:href="#sSpan6642" value="4"/>
		<feat xlink:href="#sSpan6658" value="5"/>
		<feat xlink:href="#sSpan6670" value="6"/>
		<feat xlink:href="#sSpan6682" value="7"/>
		<feat xlink:href="#sSpan6695" value="8"/>
		<feat xlink:href="#sSpan6706" value="9"/>
		<feat xlink:href="#sSpan6716" value="10"/>
		<feat xlink:href="#sSpan6731" value="11"/>
		<feat xlink:href="#sSpan6747" value="12"/>
		<feat xlink:href="#sSpan6768" value="13"/>
		<feat xlink:href="#sSpan6780" value="14"/>
		<feat xlink:href="#sSpan6789" value="15"/>
		<feat xlink:href="#sSpan6799" value="16"/>
		<feat xlink:href="#sSpan6815" value="17"/>
		<feat xlink:href="#sSpan6829" value="18"/>
		<feat xlink:href="#sSpan6847" value="19"/>
		<feat xlink:href="#sSpan6860" value="20"/>
		<feat xlink:href="#sSpan6870" value="21"/>
		<feat xlink:href="#sSpan6890" value="22"/>
		<feat xlink:href="#sSpan6904" value="23"/>
		<feat xlink:href="#sSpan6921" value="24"/>
		<feat xlink:href="#sSpan6936" value="25"/>
		<feat xlink:href="#sSpan6954" value="26"/>
		<feat xlink:href="#sSpan6968" value="27"/>
		<feat xlink:href="#sSpan6979" value="28"/>
		<feat xlink:href="#sSpan6989" value="29"/>
		<feat xlink:href="#sSpan7005" value="1"/>
		<feat xlink:href="#sSpan7016" value="2"/>
		<feat xlink:href="#sSpan7031" value="3"/>
		<feat xlink:href="#sSpan7043" value="4"/>
		<feat xlink:href="#sSpan7051" value="5"/>
		<feat xlink:href="#sSpan7069" value="6"/>
		<feat xlink:href="#sSpan7080" value="7"/>
		<feat xlink:href="#sSpan7093" value="8"/>
		<feat xlink:href="#sSpan7108" value="9"/>
		<feat xlink:href="#sSpan7129" value="10"/>
		<feat xlink:href="#sSpan7146" value="11"/>
		<feat xlink:href="#sSpan7161" value="12"/>
		<feat xlink:href="#sSpan7170" value="13"/>
		<feat xlink:href="#sSpan7186" value="14"/>
		<feat xlink:href="#sSpan7199" value="15"/>
		<feat xlink:href="#sSpan7215" value="16"/>
		<feat xlink:href="#sSpan7238" value="17"/>
		<feat xlink:href="#sSpan7254" value="18"/>
		<feat xlink:href="#sSpan7262" value="19"/>
		<feat xlink:href="#sSpan7277" value="20"/>
		<feat xlink:href="#sSpan7293" value="21"/>
		<feat xlink:href="#sSpan7306" value="22"/>
		<feat xlink:href="#sSpan7321" value="23"/>
		<feat xlink:href="#sSpan7335" value="24"/>
		<feat xlink:href="#sSpan7350" value="25"/>
		<feat xlink:href="#sSpan7367" value="26"/>
		<feat xlink:href="#sSpan7380" value="27"/>
		<feat xlink:href="#sSpan7394" value="28"/>
		<feat xlink:href="#sSpan7405" value="29"/>
		<feat xlink:href="#sSpan7419" value="1"/>
		<feat xlink:href="#sSpan7442" value="2"/>
		<feat xlink:href="#sSpan7448" value="3"/>
		<feat xlink:href="#sSpan7468" value="4"/>
		<feat xlink:href="#sSpan7485" value="5"/>
		<feat xlink:href="#sSpan7496" value="6"/>
		<feat xlink:href="#sSpan7520" value="7"/>
		<feat xlink:href="#sSpan7532" value="8"/>
		<feat xlink:href="#sSpan7544" value="9"/>
		<feat xlink:href="#sSpan7560" value="10"/>
		<feat xlink:href="#sSpan7581" value="11"/>
		<feat xlink:href="#sSpan7593" value="12"/>
		<feat xlink:href="#sSpan7607" value="13"/>
		<feat xlink:href="#sSpan7618" value="14"/>
		<feat xlink:href="#sSpan7635" value="15"/>
		<feat xlink:href="#sSpan7647" value="16"/>
		<feat xlink:href="#sSpan7659" value="17"/>
		<feat xlink:href="#sSpan7671" value="18"/>
		<feat xlink:href="#sSpan7683" value="19"/>
		<feat xlink:href="#sSpan7702" value="20"/>
		<feat xlink:href="#sSpan7711" value="21"/>
		<feat xlink:href="#sSpan7726" value="22"/>
		<feat xlink:href="#sSpan7742" value="23"/>
		<feat xlink:href="#sSpan7753" value="24"/>
		<feat xlink:href="#sSpan7765" value="25"/>
		<feat xlink:href="#sSpan7782" value="26"/>
		<feat xlink:href="#sSpan7798" value="27"/>
		<feat xlink:href="#sSpan7817" value="28"/>
		<feat xlink:href="#sSpan7834" value="29"/>
		<feat xlink:href="#sSpan7842" value="1"/>
		<feat xlink:href="#sSpan7850" value="2"/>
		<feat xlink:href="#sSpan7863" value="3"/>
		<feat xlink:href="#sSpan7876" value="4"/>
		<feat xlink:href="#sSpan7885" value="5"/>
		<feat xlink:href="#sSpan7890" value="6"/>
		<feat xlink:href="#sSpan7895" value="7"/>
		<feat xlink:href="#sSpan7901" value="8"/>
		<feat xlink:href="#sSpan7912" value="9"/></featList></paula>