<?xml version='1.0' encoding='UTF-8'?><!DOCTYPE paula SYSTEM "paula_feat.dtd">
<paula version="1.1">
	<header paula_id="scriptorium.shenoute.prince.XH195-204.mark_orig_group"/>
	<featList xmlns:xlink="http://www.w3.org/1999/xlink" type="orig_group" xml:base="scriptorium.shenoute.prince.XH195-204.mark.xml">
		<feat xlink:href="#sSpan4" value="ϫⲓⲛⲧⲁⲣⲭⲏ⳿"/>
		<feat xlink:href="#sSpan22" value="ϣⲁϩⲣⲁⲓ̈"/>
		<feat xlink:href="#sSpan27" value="ⲉⲡⲟⲟⲩ"/>
		<feat xlink:href="#sSpan36" value="⸗"/>
		<feat xlink:href="#sSpan41" value="ⲁⲩⲱ"/>
		<feat xlink:href="#sSpan50" value="ⲟⲩⲙⲟⲓ̈ϩⲉ⳿"/>
		<feat xlink:href="#sSpan56" value="ⲧⲉ⳿"/>
		<feat xlink:href="#sSpan61" value="ϫⲉⲛⲓⲛⲟϭ"/>
		<feat xlink:href="#sSpan70" value="ⲙ̄ⲙⲟⲟⲩ"/>
		<feat xlink:href="#sSpan77" value="ⲉⲧⲟϣ⳿"/>
		<feat xlink:href="#sSpan83" value="ⲉⲧⲛⲏⲩ"/>
		<feat xlink:href="#sSpan91" value="ⲉⲃⲟⲗ"/>
		<feat xlink:href="#sSpan95" value="ϩ︤ⲛ︥ⲣⲱⲕ"/>
		<feat xlink:href="#sSpan105" value="."/>
		<feat xlink:href="#sSpan109" value="ⲉⲛ︤ⲅ︥ϯⲥⲟ"/>
		<feat xlink:href="#sSpan122" value="ⲁⲛ⳿"/>
		<feat xlink:href="#sSpan126" value="ⲉⲛⲁϥⲧⲟⲩ"/>
		<feat xlink:href="#sSpan134" value="ϩ︤ⲛ︥ⲧⲉⲕϭⲟⲙ"/>
		<feat xlink:href="#sSpan144" value="ⲧⲏⲣ︤ⲥ︥"/>
		<feat xlink:href="#sSpan151" value="·"/>
		<feat xlink:href="#sSpan155" value="ⲛⲁϣ"/>
		<feat xlink:href="#sSpan163" value="ⲉⲛⲉⲧϩⲁⲣⲉϩ"/>
		<feat xlink:href="#sSpan175" value="ⲉⲣⲟⲟⲩ"/>
		<feat xlink:href="#sSpan182" value="ϩ︤ⲙ︥ⲙⲁ"/>
		<feat xlink:href="#sSpan189" value="ⲛⲓⲙ"/>
		<feat xlink:href="#sSpan194" value="ⲉⲧ︤ⲙ︥ⲧⲣⲉⲩⲧⲁϩⲟⲟⲩ"/>
		<feat xlink:href="#sSpan209" value="·"/>
		<feat xlink:href="#sSpan213" value="ⲁⲩⲱ"/>
		<feat xlink:href="#sSpan219" value="ⲉϣϫⲉ"/>
		<feat xlink:href="#sSpan224" value="ⲁϩⲉⲛⲧⲗ̄ϯⲗⲉ⳿"/>
		<feat xlink:href="#sSpan234" value="ⲛϩⲏⲧⲟⲩ"/>
		<feat xlink:href="#sSpan240" value="ⲧⲁϩⲉ⳿"/>
		<feat xlink:href="#sSpan246" value="ϩⲁϩ⳿"/>
		<feat xlink:href="#sSpan250" value="."/>
		<feat xlink:href="#sSpan254" value="ⲧⲉ"/>
		<feat xlink:href="#sSpan260" value="ⲡⲓⲇⲏⲙⲓⲁ⳿"/>
		<feat xlink:href="#sSpan265" value="ⲙ̄ⲡⲉⲭ︤ⲥ︥"/>
		<feat xlink:href="#sSpan276" value="ⲧ︤ⲃ︥ⲃⲟ̂"/>
		<feat xlink:href="#sSpan280" value="ⲙ̄ⲙⲟⲟⲩ"/>
		<feat xlink:href="#sSpan287" value="ⲉⲃⲟⲗ"/>
		<feat xlink:href="#sSpan291" value="ⲛ̄ϩⲏⲧⲟⲩ"/>
		<feat xlink:href="#sSpan298" value="ϣⲁⲧⲥⲩⲛⲧⲉⲗⲉⲓⲁ⳿"/>
		<feat xlink:href="#sSpan309" value="⸗"/>
		<feat xlink:href="#sSpan315" value="ⲡϩⲟϥ⳿"/>
		<feat xlink:href="#sSpan325" value="ⲉϣⲁϥϩⲉϥ︤ⲧ︥ⲙⲟⲟⲩ"/>
		<feat xlink:href="#sSpan339" value="ⲉⲛⲃⲁⲗ"/>
		<feat xlink:href="#sSpan349" value="ⲙ̄ⲡⲥⲱⲙⲁ"/>
		<feat xlink:href="#sSpan359" value="·"/>
		<feat xlink:href="#sSpan363" value="ⲛ̄ⲧⲟⲕ"/>
		<feat xlink:href="#sSpan369" value="ⲇⲉ"/>
		<feat xlink:href="#sSpan373" value="ⲉⲕⲛⲟⲩϫⲉ"/>
		<feat xlink:href="#sSpan383" value="ⲉⲛⲃⲁⲗ"/>
		<feat xlink:href="#sSpan392" value="ⲙ︦ⲡϩⲏⲧ⳿"/>
		<feat xlink:href="#sSpan402" value="·"/>
		<feat xlink:href="#sSpan406" value="ⲧⲁⲓ̈"/>
		<feat xlink:href="#sSpan412" value="ⲧⲉ"/>
		<feat xlink:href="#sSpan417" value="ⲑⲉ"/>
		<feat xlink:href="#sSpan424" value="ϩⲉⲛⲉⲃⲓⲏⲛ⳿"/>
		<feat xlink:href="#sSpan432" value="ⲁⲩⲱ"/>
		<feat xlink:href="#sSpan437" value="ϩⲉⲛⲧⲁⲗⲁⲓⲡⲱⲣⲟⲥ"/>
		<feat xlink:href="#sSpan445" value="ⲛⲉ"/>
		<feat xlink:href="#sSpan449" value="ⲛⲉⲛⲧⲁⲕⲁⲁⲩ"/>
		<feat xlink:href="#sSpan465" value="ⲛ̄ⲃ︤ⲗ︥ⲗⲉ⳿"/>
		<feat xlink:href="#sSpan472" value="ϣⲁⲃⲟⲗ"/>
		<feat xlink:href="#sSpan476" value="⸗"/>
		<feat xlink:href="#sSpan480" value="ⲻ"/>
		<feat xlink:href="#sSpan485" value="ⲛ︦ⲑⲉ"/>
		<feat xlink:href="#sSpan498" value="ⲅⲁⲣ"/>
		<feat xlink:href="#sSpan502" value="ⲉⲧⲉⲛⲁϣⲉ⳿"/>
		<feat xlink:href="#sSpan512" value="ⲧⲉⲕⲙⲛ︦ⲧ︥ⲧⲩⲣⲁⲛⲛⲟⲥ⳿"/>
		<feat xlink:href="#sSpan522" value="ⲉϩⲣⲁⲓ̈"/>
		<feat xlink:href="#sSpan527" value="ⲉϫ︤ⲛ︥ⲛⲉⲛⲧⲁⲩϩⲉ⳿"/>
		<feat xlink:href="#sSpan543" value="ϩⲁⲣⲁⲧ︤ⲕ︥"/>
		<feat xlink:href="#sSpan549" value="ⲁⲕϩⲱⲙ⳿"/>
		<feat xlink:href="#sSpan558" value="ⲉϫⲱⲟⲩ"/>
		<feat xlink:href="#sSpan564" value="·"/>
		<feat xlink:href="#sSpan569" value="ⲛ̄ⲥⲉⲛⲁϣϣⲁϫⲉ"/>
		<feat xlink:href="#sSpan582" value="ⲁⲛ"/>
		<feat xlink:href="#sSpan586" value="ⲟⲛ⳿"/>
		<feat xlink:href="#sSpan590" value="ⲉⲧⲉⲕⲙ︤ⲛ︦ⲧ︥ϭⲱⲃ⳿"/>
		<feat xlink:href="#sSpan602" value="ⲛ̄ⲛⲁϩ︦︤ⲣ̄ⲛ︦ⲛⲉⲧ︤ⲕ︥ϩⲉ"/>
		<feat xlink:href="#sSpan616" value="ϩⲁⲣⲁⲧⲟⲩ"/>
		<feat xlink:href="#sSpan623" value="ⲉⲩϩⲱⲙ⳿"/>
		<feat xlink:href="#sSpan631" value="ⲉϫⲱⲕ⳿"/>
		<feat xlink:href="#sSpan638" value="."/>
		<feat xlink:href="#sSpan642" value="ⲉⲙ︤ⲛ︥ⲧ︤ⲕ︥ⲕⲉϭⲟⲙ"/>
		<feat xlink:href="#sSpan661" value="ⲏ̂"/>
		<feat xlink:href="#sSpan665" value="ⲕⲉϩⲱⲃ"/>
		<feat xlink:href="#sSpan673" value="ⲉⲁⲁϥⲛⲁⲩ"/>
		<feat xlink:href="#sSpan686" value="ϩ︤ⲛ︥ⲛⲉⲕⲙ︤ⲛ︦ⲧ︥ⲁⲥⲉⲃⲏⲥ⳿"/>
		<feat xlink:href="#sSpan699" value="."/>
		<feat xlink:href="#sSpan703" value="ⲛ̄ⲥⲁⲧⲣⲉⲕϣⲉⲉⲓ⳿"/>
		<feat xlink:href="#sSpan714" value="ⲙ̄ⲡⲃⲟⲗ"/>
		<feat xlink:href="#sSpan724" value="ⲛ̄ⲛⲉⲩⲥⲱⲙⲁ"/>
		<feat xlink:href="#sSpan735" value="ϩ︤ⲛ︥ϩⲉⲛϣⲱⲛⲉ"/>
		<feat xlink:href="#sSpan745" value="ⲉⲩϣⲟⲃⲉ"/>
		<feat xlink:href="#sSpan753" value="ϩ︤ⲛ︥ϩⲁϩ⳿"/>
		<feat xlink:href="#sSpan761" value="ⲙ̄ⲙⲓⲛⲉ⳿"/>
		<feat xlink:href="#sSpan767" value="ⲛ̄ⲧⲕⲁⲥ⳿"/>
		<feat xlink:href="#sSpan775" value="ⲕⲁⲧⲁⲡⲉⲛⲧⲁⲛϫⲟⲟϥ̂"/>
		<feat xlink:href="#sSpan793" value="ϫⲉⲉⲛⲉⲛⲧⲁⲕⲉϣⲥⲟⲕⲟⲩ"/>
		<feat xlink:href="#sSpan815" value="ⲣⲱ̂"/>
		<feat xlink:href="#sSpan819" value="ⲉⲛ̄ⲧⲟⲩ"/>
		<feat xlink:href="#sSpan832" value="ⲉϩⲣⲁⲓ̈"/>
		<feat xlink:href="#sSpan836" value="ⲉⲛⲉⲕⲃⲟⲧⲉ"/>
		<feat xlink:href="#sSpan846" value="·"/>
		<feat xlink:href="#sSpan850" value="ⲛⲉ"/>
		<feat xlink:href="#sSpan854" value="ⲟ᷍ⲩ"/>
		<feat xlink:href="#sSpan858" value="ⲉⲣⲟⲕ"/>
		<feat xlink:href="#sSpan865" value="ⲡⲉ⳿"/>
		<feat xlink:href="#sSpan869" value="ⲉⲧⲣⲉⲕϯⲟⲩⲃⲏⲩ"/>
		<feat xlink:href="#sSpan884" value="ϩ︤ⲛ︥ϩⲉⲛⲫⲁⲛⲧⲁⲥⲓⲁ"/>
		<feat xlink:href="#sSpan895" value="ⲉⲩⲟ̂"/>
		<feat xlink:href="#sSpan903" value="ⲛ̄ϩⲁϩ"/>
		<feat xlink:href="#sSpan911" value="ⲛ̄ⲥⲙⲟⲧ⳿"/>
		<feat xlink:href="#sSpan917" value="·"/>
		<feat xlink:href="#sSpan922" value="ϩⲱⲥⲧⲉ"/>
		<feat xlink:href="#sSpan927" value="ⲉⲧ︤ⲙ︥ⲧⲣⲉⲕⲕⲁⲁⲩ"/>
		<feat xlink:href="#sSpan942" value="ⲉⲛ̄ⲕⲟⲧ︤ⲕ︥"/>
		<feat xlink:href="#sSpan950" value="ⲉⲩⲛⲁⲩ"/>
		<feat xlink:href="#sSpan958" value="ⲉⲣⲟⲕ"/>
		<feat xlink:href="#sSpan965" value="ⲉⲕϫⲁ"/>
		<feat xlink:href="#sSpan973" value="ⲧⲏⲣ︥ⲕ︤"/>
		<feat xlink:href="#sSpan980" value="·"/>
		<feat xlink:href="#sSpan984" value="ⲁⲩⲱ"/>
		<feat xlink:href="#sSpan988" value="ⲉⲣⲉϫⲱϩ︤ⲙ︥"/>
		<feat xlink:href="#sSpan996" value="ⲛⲓⲙ"/>
		<feat xlink:href="#sSpan1000" value="ⲙ̄ⲡⲉⲕⲕⲱⲧⲉ"/>
		<feat xlink:href="#sSpan1010" value="·"/>
		<feat xlink:href="#sSpan1014" value="ⲉⲕⲡⲱⲱ̂ⲛⲉ"/>
		<feat xlink:href="#sSpan1023" value="ⲉϩⲟⲩⲛ"/>
		<feat xlink:href="#sSpan1028" value="ⲉⲛⲉⲕⲃⲟⲧⲉ⳿"/>
		<feat xlink:href="#sSpan1038" value="."/>
		<feat xlink:href="#sSpan1042" value="ⲁⲩⲱ"/>
		<feat xlink:href="#sSpan1046" value="ⲉⲣⲉⲛⲉⲕⲃⲟⲧ"/>
		<feat xlink:href="#sSpan1056" value="ⲉⲡⲱⲱⲛⲉ"/>
		<feat xlink:href="#sSpan1063" value="ⲉϩⲟⲩⲛ"/>
		<feat xlink:href="#sSpan1067" value="ⲉⲣⲟⲕ"/>
		<feat xlink:href="#sSpan1074" value="."/>
		<feat xlink:href="#sSpan1079" value="ϩⲱⲥⲧⲉ"/>
		<feat xlink:href="#sSpan1083" value="ⲉⲧⲣⲉⲩⲕⲁⲃⲟⲗ"/>
		<feat xlink:href="#sSpan1096" value="ⲉⲩϩⲟⲣ︤ⲡ︥"/>
		<feat xlink:href="#sSpan1105" value="."/>
		<feat xlink:href="#sSpan1110" value="ⲏ̂"/>
		<feat xlink:href="#sSpan1114" value="ⲉⲩϣⲁⲛⲧⲱⲟⲩⲛ"/>
		<feat xlink:href="#sSpan1121" value="⸗"/>
		<feat xlink:href="#sSpan1127" value="ⲡϩⲟϥ"/>
		<feat xlink:href="#sSpan1138" value="ⲅⲁⲣ"/>
		<feat xlink:href="#sSpan1142" value="ⲙ︤ⲛ︥ⲧⲁϥⲕⲉϭⲟⲙ"/>
		<feat xlink:href="#sSpan1154" value="ⲛ̄ⲥⲁⲧⲉϥⲙⲁⲧⲟⲩ"/>
		<feat xlink:href="#sSpan1164" value="."/>
		<feat xlink:href="#sSpan1168" value="ⲙ̄̄ⲛ︥ϭⲓϫ"/>
		<feat xlink:href="#sSpan1177" value="ⲙ̄ⲙⲟϥ"/>
		<feat xlink:href="#sSpan1184" value="."/>
		<feat xlink:href="#sSpan1189" value="ⲟⲩⲇⲉ"/>
		<feat xlink:href="#sSpan1194" value="ⲟⲩⲉⲣⲏⲧⲉ"/>
		<feat xlink:href="#sSpan1199" value="."/>
		<feat xlink:href="#sSpan1203" value="ⲙ︤ⲛ︥ⲧⲁⲡ̂"/>
		<feat xlink:href="#sSpan1211" value="ⲟⲩⲧⲉ"/>
		<feat xlink:href="#sSpan1216" value="ⲓ̈ⲉⲓⲃ⳿"/>
		<feat xlink:href="#sSpan1220" value="·"/>
		<feat xlink:href="#sSpan1224" value="ⲁⲩⲱ"/>
		<feat xlink:href="#sSpan1231" value="ⲉⲣⲉⲛ̄ⲣⲱⲙⲉ"/>
		<feat xlink:href="#sSpan1243" value="ⲣ̂ϩⲟⲧⲉ"/>
		<feat xlink:href="#sSpan1248" value="ⲁⲛ⳿"/>
		<feat xlink:href="#sSpan1252" value="ϩⲏⲧⲟⲩ"/>
		<feat xlink:href="#sSpan1259" value="ⲛ̄ⲛⲉϥⲛⲁⲁϫⲉ⳿"/>
		<feat xlink:href="#sSpan1269" value="·"/>
		<feat xlink:href="#sSpan1274" value="ⲁⲗⲗⲁ"/>
		<feat xlink:href="#sSpan1278" value="ϩⲏⲧ︤ⲥ︥"/>
		<feat xlink:href="#sSpan1286" value="ⲛ̄ⲧⲉϥⲙⲁⲧⲟⲩ"/>
		<feat xlink:href="#sSpan1296" value="."/>
		<feat xlink:href="#sSpan1300" value="ⲙ̄ⲙⲟ⳯"/>
		<feat xlink:href="#sSpan1306" value="ⲟ᷍ⲩϩⲱⲱϥ"/>
		<feat xlink:href="#sSpan1313" value="ⲡⲉ⳿"/>
		<feat xlink:href="#sSpan1317" value="·"/>
		<feat xlink:href="#sSpan1322" value="ϩⲱⲥ"/>
		<feat xlink:href="#sSpan1327" value="ⲉϣϫⲉ"/>
		<feat xlink:href="#sSpan1331" value="ⲟⲩ"/>
		<feat xlink:href="#sSpan1335" value="ⲕⲁⲡ̂ⲛ̄ⲛⲟⲩϩ⳿"/>
		<feat xlink:href="#sSpan1345" value="ⲡⲉ⳿"/>
		<feat xlink:href="#sSpan1349" value="ⲉϥϣⲟⲓ̈"/>
		<feat xlink:href="#sSpan1358" value="ⲉϥϭⲟⲛ⳿"/>
		<feat xlink:href="#sSpan1366" value="ⲉⲙⲁⲧⲉ"/>
		<feat xlink:href="#sSpan1371" value="ⲉϥⲙⲟⲧ︤ⲛ︥"/>
		<feat xlink:href="#sSpan1380" value="ⲛ̄ⲧⲁⲕⲟϥ̂"/>
		<feat xlink:href="#sSpan1389" value="·"/>
		<feat xlink:href="#sSpan1393" value="ⲁⲩⲱ"/>
		<feat xlink:href="#sSpan1398" value="ⲡⲉⲧⲛⲁⲣ̂ⲃⲟⲗ"/>
		<feat xlink:href="#sSpan1412" value="ⲉⲧⲉϥⲙⲁⲧⲟⲩ"/>
		<feat xlink:href="#sSpan1422" value="ⲛ︤ϥ︥ⲛⲁⲙⲟⲩ"/>
		<feat xlink:href="#sSpan1432" value="ⲁⲛ⳿"/>
		<feat xlink:href="#sSpan1437" value="ⲉⲧⲃⲏϩⲧ̄̄ϥ︥̄̄"/>
		<feat xlink:href="#sSpan1443" value="⸗"/>
		<feat xlink:href="#sSpan1447" value="ⲻ"/>
		<feat xlink:href="#sSpan1452" value="ⲛ︦ⲧⲟⲕ"/>
		<feat xlink:href="#sSpan1460" value="ϩⲱⲱ⳿ⲕ"/>
		<feat xlink:href="#sSpan1466" value="ⲛ̄ϩⲟⲩⲟ̂"/>
		<feat xlink:href="#sSpan1474" value="ⲡϫⲁϫⲉ"/>
		<feat xlink:href="#sSpan1480" value="ⲙ︤ⲙ︥ⲧⲁⲕⲕⲉϭⲟⲙ"/>
		<feat xlink:href="#sSpan1494" value="ⲙ̄ⲙⲁⲩ"/>
		<feat xlink:href="#sSpan1499" value="ⲛ̄ⲥⲁⲧⲙⲁⲧⲟⲩ"/>
		<feat xlink:href="#sSpan1509" value="ⲛ̄ⲛⲉⲕⲛⲟⲃⲉ"/>
		<feat xlink:href="#sSpan1519" value="·"/>
		<feat xlink:href="#sSpan1523" value="ⲕϣⲁⲁⲧ⳿"/>
		<feat xlink:href="#sSpan1532" value="ⲅⲁⲣ"/>
		<feat xlink:href="#sSpan1537" value="ⲁⲩⲱ"/>
		<feat xlink:href="#sSpan1541" value="ⲕϣⲏϣ⳿"/>
		<feat xlink:href="#sSpan1547" value="ⲉⲃⲟⲗ"/>
		<feat xlink:href="#sSpan1553" value="ⲡⲁⲣⲁⲡϩⲟϥ"/>
		<feat xlink:href="#sSpan1562" value="·"/>
		<feat xlink:href="#sSpan1566" value="ⲟⲩⲙⲟⲛⲟⲛ"/>
		<feat xlink:href="#sSpan1574" value="ϫⲉⲁⲡⲛⲟⲩⲧⲉ"/>
		<feat xlink:href="#sSpan1586" value="ⲁⲁⲕ⳿"/>
		<feat xlink:href="#sSpan1592" value="ⲛ̄ⲉⲃⲓⲏⲛ⳿"/>
		<feat xlink:href="#sSpan1600" value="ϩ︤ⲛ︥ⲛⲁⲓ̈"/>
		<feat xlink:href="#sSpan1607" value="."/>
		<feat xlink:href="#sSpan1612" value="ⲁⲗⲗⲁ"/>
		<feat xlink:href="#sSpan1617" value="ⲡⲉⲕⲕⲉⲥⲙⲟⲧ"/>
		<feat xlink:href="#sSpan1627" value="ⲟⲛ⳿"/>
		<feat xlink:href="#sSpan1631" value="ⲛ̄ⲥⲱⲙⲁ"/>
		<feat xlink:href="#sSpan1640" value="ⲁϥⲟⲩⲟϣϥ︤ϥ︥"/>
		<feat xlink:href="#sSpan1650" value="ⲛ̄ⲑⲉ"/>
		<feat xlink:href="#sSpan1663" value="ⲉⲧⲥⲏϩ⳿"/>
		<feat xlink:href="#sSpan1669" value="·"/>
		<feat xlink:href="#sSpan1673" value="ⲁⲩⲱ"/>
		<feat xlink:href="#sSpan1678" value="ⲛ̄ⲑⲉ"/>
		<feat xlink:href="#sSpan1686" value="ⲉⲧ︤ⲛ︥ⲉⲓⲙⲉ"/>
		<feat xlink:href="#sSpan1695" value="ⲉⲣⲟⲕ"/>
		<feat xlink:href="#sSpan1701" value="ϩⲓⲧ︤ⲛ︥ⲧⲉⲕⲙ︤ⲛ︦ⲧ︥ϭⲱⲃ⳿"/>
		<feat xlink:href="#sSpan1714" value="⸗"/>
		<feat xlink:href="#sSpan1718" value="ⲕⲁ"/>
		<feat xlink:href="#sSpan1725" value="ⲛⲡⲥⲱⲙⲁ"/>
		<feat xlink:href="#sSpan1737" value="ⲣⲱ̂"/>
		<feat xlink:href="#sSpan1741" value="ⲙ̄ⲡϩⲟϥⲟⲩⲟϫ⳿"/>
		<feat xlink:href="#sSpan1753" value="ⲛⲁϥ"/>
		<feat xlink:href="#sSpan1760" value="ϣⲁⲛⲧⲟⲩⲧⲁϩⲟϥ̂"/>
		<feat xlink:href="#sSpan1771" value="·"/>
		<feat xlink:href="#sSpan1776" value="ⲛⲉⲧⲣ̂ϩⲟⲧⲉ"/>
		<feat xlink:href="#sSpan1788" value="ⲅⲁⲣ"/>
		<feat xlink:href="#sSpan1792" value="ϩⲏⲧ︤ⲕ︥"/>
		<feat xlink:href="#sSpan1799" value="ⲙ︤ⲛⲛⲉⲕⲫⲁ⳯ⲧⲁⲥⲓⲁ⳿"/>
		<feat xlink:href="#sSpan1810" value="ⲛ̄ⲧⲉⲩϣⲏ⳿"/>
		<feat xlink:href="#sSpan1820" value="."/>
		<feat xlink:href="#sSpan1824" value="ⲁⲩⲱ"/>
		<feat xlink:href="#sSpan1828" value="ⲟⲛ⳿"/>
		<feat xlink:href="#sSpan1832" value="ϩ︤ⲙ︥ⲡⲉϩⲟⲟⲩ"/>
		<feat xlink:href="#sSpan1842" value="·"/>
		<feat xlink:href="#sSpan1846" value="ⲛⲁⲓ̈"/>
		<feat xlink:href="#sSpan1852" value="ⲉⲧⲉⲣⲉⲡⲉⲧϫⲱ̂"/>
		<feat xlink:href="#sSpan1864" value="ⲛ̄ⲛⲁⲓ̈"/>
		<feat xlink:href="#sSpan1871" value="ⲥⲟⲟⲩ⳯"/>
		<feat xlink:href="#sSpan1875" value="ⲙ̄ⲙⲟⲕ"/>
		<feat xlink:href="#sSpan1882" value="ⲛ̄ϩⲏⲧⲟⲩ"/>
		<feat xlink:href="#sSpan1888" value="·"/>
		<feat xlink:href="#sSpan1892" value="ⲉⲩⲣ̂ϩⲟⲧⲉ"/>
		<feat xlink:href="#sSpan1905" value="ϩⲏⲧ︤ϥ︥"/>
		<feat xlink:href="#sSpan1911" value="ⲛ̄ⲟⲩⲕⲱⲱⲥ⳿"/>
		<feat xlink:href="#sSpan1921" value="·"/>
		<feat xlink:href="#sSpan1925" value="ⲁⲩⲱ"/>
		<feat xlink:href="#sSpan1933" value="ⲡⲉⲧⲛⲁⲣ̂ⲃⲟⲗ"/>
		<feat xlink:href="#sSpan1946" value="ⲉⲛⲉⲕ"/>
		<feat xlink:href="#sSpan1955" value="ⲙ︤ⲛ︦ⲧ︥ⲁⲥⲉⲃⲏⲥ"/>
		<feat xlink:href="#sSpan1965" value="."/>
		<feat xlink:href="#sSpan1969" value="ⲙ̄ⲡⲉϥⲣⲟⲟⲩϣ"/>
		<feat xlink:href="#sSpan1979" value="ⲁⲛ"/>
		<feat xlink:href="#sSpan1983" value="ⲡⲉ⳿"/>
		<feat xlink:href="#sSpan1987" value="ϫⲉⲕϣⲟⲟⲡ̂"/>
		<feat xlink:href="#sSpan1996" value="⸗"/>
		<feat xlink:href="#sSpan2000" value="ⲻ"/>
		<feat xlink:href="#sSpan2005" value="ⲉϣϫⲉ"/>
		<feat xlink:href="#sSpan2013" value="ⲟⲩⲛ̄ⲧⲁⲕ"/>
		<feat xlink:href="#sSpan2020" value="ϩⲉⲛⲥⲏϥⲉ"/>
		<feat xlink:href="#sSpan2027" value="ⲛ̄ⲟⲩⲟⲩⲟⲉⲓϣ"/>
		<feat xlink:href="#sSpan2037" value="·"/>
		<feat xlink:href="#sSpan2042" value="ⲁⲗⲗⲁ"/>
		<feat xlink:href="#sSpan2047" value="ⲧⲉⲛⲟⲩ"/>
		<feat xlink:href="#sSpan2051" value="ⲙ︤ⲛ︥ⲧⲁⲕ⳿"/>
		<feat xlink:href="#sSpan2058" value="."/>
		<feat xlink:href="#sSpan2063" value="ⲟⲩⲁⲧϭⲟⲙ"/>
		<feat xlink:href="#sSpan2074" value="ⲅⲁⲣ"/>
		<feat xlink:href="#sSpan2078" value="ⲡⲉ⳿"/>
		<feat xlink:href="#sSpan2082" value="ⲉⲧⲣⲉⲧⲉⲅⲣⲁⲫⲏ⳿"/>
		<feat xlink:href="#sSpan2095" value="ϫⲉⲡⲉⲧϣⲟⲟⲡ"/>
		<feat xlink:href="#sSpan2107" value="ⲁⲛ⳿"/>
		<feat xlink:href="#sSpan2112" value="·"/>
		<feat xlink:href="#sSpan2116" value="ϫⲉⲁⲛⲉⲕⲥⲏϥⲉ"/>
		<feat xlink:href="#sSpan2128" value="ⲱ̂ϫ︤ⲛ"/>
		<feat xlink:href="#sSpan2132" value="ⲉⲡⲧⲏⲣ︤ϥ︥"/>
		<feat xlink:href="#sSpan2143" value="·"/>
		<feat xlink:href="#sSpan2147" value="ⲁⲩⲱ"/>
		<feat xlink:href="#sSpan2153" value="ⲉϣϫⲉ"/>
		<feat xlink:href="#sSpan2159" value="ⲟⲩⲛ̄ⲟⲩⲟⲛ⳿"/>
		<feat xlink:href="#sSpan2167" value="ⲟⲛ⳿"/>
		<feat xlink:href="#sSpan2171" value="ϣⲟⲟⲡ"/>
		<feat xlink:href="#sSpan2175" value="ⲛⲁⲕ⳿"/>
		<feat xlink:href="#sSpan2182" value="ⲛⲟⲩ"/>
		<feat xlink:href="#sSpan2188" value="ⲕⲁⲛ"/>
		<feat xlink:href="#sSpan2192" value="ⲛⲉ⳿"/>
		<feat xlink:href="#sSpan2197" value="."/>
		<feat xlink:href="#sSpan2202" value="ⲁⲗⲗⲁ"/>
		<feat xlink:href="#sSpan2209" value="ⲛⲁⲛⲉⲛⲧⲁⲩⲣ̄ⲁⲑⲏⲧ"/>
		<feat xlink:href="#sSpan2228" value="ⲛⲉ⳿ⲉⲁⲩⲧⲁⲁⲩ"/>
		<feat xlink:href="#sSpan2241" value="ⲛⲁⲕ⳿"/>
		<feat xlink:href="#sSpan2247" value="ⲉⲣⲟⲟⲩ"/>
		<feat xlink:href="#sSpan2254" value="ⲙⲁⲩⲁⲁⲩ"/>
		<feat xlink:href="#sSpan2260" value="."/>
		<feat xlink:href="#sSpan2264" value="ⲉⲃⲟⲗ"/>
		<feat xlink:href="#sSpan2270" value="ϫⲉⲛ̄ⲣⲱⲙⲉ"/>
		<feat xlink:href="#sSpan2280" value="ⲛⲉⲧϯϭⲟⲙ"/>
		<feat xlink:href="#sSpan2290" value="ⲛⲁⲕ"/>
		<feat xlink:href="#sSpan2297" value="ⲉⲧⲣⲉⲕϭ︤ⲙ︥ϭⲟⲙ"/>
		<feat xlink:href="#sSpan2308" value="ⲉϩⲟⲩⲛ⳿"/>
		<feat xlink:href="#sSpan2312" value="ⲉⲣⲟⲟⲩ"/>
		<feat xlink:href="#sSpan2319" value="⸗"/>
		<feat xlink:href="#sSpan2323" value="ϯⲛⲁⲧⲁⲙⲉ"/>
		<feat xlink:href="#sSpan2336" value="ⲟⲩⲟⲛ"/>
		<feat xlink:href="#sSpan2342" value="ⲛⲓⲙ"/>
		<feat xlink:href="#sSpan2346" value="ⲉⲡⲉⲧϣⲟⲟⲡ"/>
		<feat xlink:href="#sSpan2358" value="ⲙ̄ⲙⲟⲕ⳿"/>
		<feat xlink:href="#sSpan2365" value="·"/>
		<feat xlink:href="#sSpan2369" value="ⲁⲩⲱ"/>
		<feat xlink:href="#sSpan2373" value="ⲡⲉⲛⲧⲁⲩⲁⲁϥ"/>
		<feat xlink:href="#sSpan2389" value="ⲛⲁⲕ⳿"/>
		<feat xlink:href="#sSpan2395" value="."/>
		<feat xlink:href="#sSpan2400" value="ⲛ︦ⲑⲉ"/>
		<feat xlink:href="#sSpan2413" value="ⲅⲁⲣ"/>
		<feat xlink:href="#sSpan2417" value="ⲛ̄ⲟⲩⲙⲁⲧⲟⲓ̈"/>
		<feat xlink:href="#sSpan2428" value="ⲉⲁⲡ︤︥ⲣⲣⲟ⳿"/>
		<feat xlink:href="#sSpan2439" value="ϣⲱⲱⲧ⳿"/>
		<feat xlink:href="#sSpan2444" value="ⲛ̄ⲛⲉϥϭⲓϫ"/>
		<feat xlink:href="#sSpan2454" value="ⲙ̄ⲛ︥ⲛⲉϥⲟⲩⲉⲣⲏⲧⲉ"/>
		<feat xlink:href="#sSpan2464" value="."/>
		<feat xlink:href="#sSpan2468" value="ⲁⲩⲱ"/>
		<feat xlink:href="#sSpan2472" value="ⲁϥϥⲓ"/>
		<feat xlink:href="#sSpan2480" value="ⲛ̄ⲧⲟⲟⲧ︤ϥ︥"/>
		<feat xlink:href="#sSpan2487" value="ⲛ̄ⲧⲉϥⲥⲏϥⲉ"/>
		<feat xlink:href="#sSpan2497" value="ⲙ︤ⲛ︥ⲛⲉϥϩⲟⲡⲗⲟⲛ⳿"/>
		<feat xlink:href="#sSpan2512" value="."/>
		<feat xlink:href="#sSpan2516" value="ⲁⲩⲱ"/>
		<feat xlink:href="#sSpan2520" value="ⲛⲉϥϩⲛⲁⲁⲩ"/>
		<feat xlink:href="#sSpan2528" value="ⲧⲏⲣⲟⲩ"/>
		<feat xlink:href="#sSpan2535" value="ⲙ̄ⲙⲓϣⲉ"/>
		<feat xlink:href="#sSpan2542" value="."/>
		<feat xlink:href="#sSpan2546" value="ⲁϥⲁⲁϥ"/>
		<feat xlink:href="#sSpan2557" value="ⲛ̄ϣ︤ⲙ︥ⲙⲟ⳿"/>
		<feat xlink:href="#sSpan2564" value="ⲉⲡⲉϥⲙⲁ⳿"/>
		<feat xlink:href="#sSpan2574" value="ⲁⲩⲱ"/>
		<feat xlink:href="#sSpan2578" value="ⲉⲧⲉϥⲡⲟⲗⲓⲥ⳿"/>
		<feat xlink:href="#sSpan2589" value="·"/>
		<feat xlink:href="#sSpan2593" value="ⲉⲃⲟⲗ"/>
		<feat xlink:href="#sSpan2599" value="ϫⲉⲁϥϯⲟⲩⲃⲏϥ̂"/>
		<feat xlink:href="#sSpan2614" value="."/>
		<feat xlink:href="#sSpan2618" value="ⲁⲩⲱ"/>
		<feat xlink:href="#sSpan2622" value="ⲉⲧⲃⲉⲧⲉϥⲙⲛ︦ⲧ︥ϩⲁⲣ︤ϣ"/>
		<feat xlink:href="#sSpan2634" value="ϩⲏⲧ"/>
		<feat xlink:href="#sSpan2639" value="ⲁϥⲕⲁⲁϥ"/>
		<feat xlink:href="#sSpan2651" value="ⲉϥⲟ̂ⲛ︤ϩ︥"/>
		<feat xlink:href="#sSpan2660" value="ϣⲁⲡⲉϩⲟⲟⲩ"/>
		<feat xlink:href="#sSpan2670" value="ⲉⲧ︤ϥ︥ⲟⲩⲱϣ"/>
		<feat xlink:href="#sSpan2678" value="ⲉϥⲓⲛ̄ⲧⲉϥ"/>
		<feat xlink:href="#sSpan2687" value="ⲯⲩⲭⲏ"/>
		<feat xlink:href="#sSpan2692" value="ⲛ̄ϩⲏⲧ︤ϥ︥"/>
		<feat xlink:href="#sSpan2698" value="."/>
		<feat xlink:href="#sSpan2703" value="ⲧⲁⲓ̈ⲧⲉ"/>
		<feat xlink:href="#sSpan2712" value="ⲑⲉ"/>
		<feat xlink:href="#sSpan2718" value="ⲛ̄ⲧⲁⲩⲁⲁⲥ"/>
		<feat xlink:href="#sSpan2730" value="ⲛⲁⲕ⳿"/>
		<feat xlink:href="#sSpan2737" value="."/>
		<feat xlink:href="#sSpan2742" value="ⲧⲁⲓ̈"/>
		<feat xlink:href="#sSpan2748" value="ⲧⲉ"/>
		<feat xlink:href="#sSpan2752" value="ⲑⲉ"/>
		<feat xlink:href="#sSpan2759" value="ⲛ̄ⲧⲁⲩϣⲁϣ︤ⲕ︥"/>
		<feat xlink:href="#sSpan2771" value="ⲉⲃⲟⲗ"/>
		<feat xlink:href="#sSpan2776" value="ⲁⲩⲛⲟϫ︤ⲕ︥"/>
		<feat xlink:href="#sSpan2786" value="ⲉⲃⲟⲗ"/>
		<feat xlink:href="#sSpan2792" value="ϩ︤ⲛ︥ⲧⲡⲉ⳿"/>
		<feat xlink:href="#sSpan2801" value="·"/>
		<feat xlink:href="#sSpan2805" value="ⲁⲩⲱ"/>
		<feat xlink:href="#sSpan2810" value="ⲉⲃⲟⲗ"/>
		<feat xlink:href="#sSpan2815" value="ϩ︤ⲛ︥ⲧⲉⲥⲧⲣⲁⲧⲓⲁ⳿"/>
		<feat xlink:href="#sSpan2826" value="ⲧⲏⲣ︤ⲥ︥"/>
		<feat xlink:href="#sSpan2832" value="ⲛ̄ⲛ̄ⲁⲅⲅⲉⲗⲟⲥ⳿"/>
		<feat xlink:href="#sSpan2843" value="."/>
		<feat xlink:href="#sSpan2847" value="ϫⲉⲁⲕⲧⲟⲗⲙⲁ⳿"/>
		<feat xlink:href="#sSpan2859" value="ⲛⲥⲟϭ"/>
		<feat xlink:href="#sSpan2867" value="ⲁⲩⲱ"/>
		<feat xlink:href="#sSpan2872" value="ⲡ︤ⲃ̄ⲗ︥̄ⲗⲉ⳿"/>
		<feat xlink:href="#sSpan2879" value="ⲉⲛ︤ⲅ︥ⲉⲓⲙⲉ"/>
		<feat xlink:href="#sSpan2889" value="ⲁⲛ⳿"/>
		<feat xlink:href="#sSpan2894" value="ϫⲉⲛⲉⲡⲟⲙⲉ⳿"/>
		<feat xlink:href="#sSpan2905" value="ⲡⲉⲧⲛⲁϯⲟⲩⲃⲉ⳿"/>
		<feat xlink:href="#sSpan2919" value="ⲛⲉⲛⲧⲁϥⲡⲗⲁⲥⲥⲉ"/>
		<feat xlink:href="#sSpan2934" value="ⲙ̄ⲙⲟϥ"/>
		<feat xlink:href="#sSpan2940" value="ⲛ̄ⲟⲩϩⲛⲟ̂ⲉϥⲥⲏϣ⳿"/>
		<feat xlink:href="#sSpan2951" value="."/>
		<feat xlink:href="#sSpan2955" value="ⲁⲩⲱ"/>
		<feat xlink:href="#sSpan2960" value="ⲛ̄ⲟⲩϩⲛⲟ"/>
		<feat xlink:href="#sSpan2969" value="ⲁⲛ⳿"/>
		<feat xlink:href="#sSpan2974" value="ⲉϥⲧⲁⲉⲓⲏⲩ"/>
		<feat xlink:href="#sSpan2982" value="ϫⲓⲛⲙ̄ⲡⲓⲛⲁⲩ"/>
		<feat xlink:href="#sSpan2994" value="."/>
		<feat xlink:href="#sSpan3000" value="ⲟⲩⲧⲉ"/>
		<feat xlink:href="#sSpan3008" value="ⲟⲛ⳿"/>
		<feat xlink:href="#sSpan3012" value="ϩⲁⲑⲏ⳿"/>
		<feat xlink:href="#sSpan3021" value="ⲙ̄ⲡⲁⲧ︤ⲕ"/>
		<feat xlink:href="#sSpan3029" value="ϩⲉ⳿ⲉⲃⲟⲗ"/>
		<feat xlink:href="#sSpan3035" value="ⲙ̄ⲡ︤ⲕ︥ⲁϩ"/>
		<feat xlink:href="#sSpan3045" value="ⲉⲣⲁⲧ︤ⲕ︥"/>
		<feat xlink:href="#sSpan3051" value="ϩ︤ⲙ︥ⲙⲉ"/>
		<feat xlink:href="#sSpan3059" value="ⲉⲛⲉϩ⳿"/>
		<feat xlink:href="#sSpan3063" value="·"/>
		<feat xlink:href="#sSpan3067" value="ⲙ̄ⲡⲉⲧⲁⲉⲓⲟ̂"/>
		<feat xlink:href="#sSpan3078" value="ⲟⲛ⳿"/>
		<feat xlink:href="#sSpan3082" value="ϣⲱⲡⲉ"/>
		<feat xlink:href="#sSpan3087" value="ⲛⲁⲕ⳿"/>
		<feat xlink:href="#sSpan3093" value="ⲉⲛⲉϩ⳿"/>
		<feat xlink:href="#sSpan3098" value="·"/>
		<feat xlink:href="#sSpan3102" value="ⲕⲥϩⲟⲩⲟ̂ⲣ︤ⲧ︥"/>
		<feat xlink:href="#sSpan3112" value="ⲅⲁⲣ"/>
		<feat xlink:href="#sSpan3116" value="ⲛ̄ⲛⲁϩ︤ⲣ︦ⲙ︥ⲡⲛⲟⲩⲧⲉ"/>
		<feat xlink:href="#sSpan3126" value="ϫⲓⲛⲉϥⲧⲁⲙⲓⲟ̂"/>
		<feat xlink:href="#sSpan3135" value="ⲙ̄ⲙⲟⲕ"/>
		<feat xlink:href="#sSpan3142" value="·"/>
		<feat xlink:href="#sSpan3146" value="ϥⲥⲟⲟⲩⲛ"/>
		<feat xlink:href="#sSpan3156" value="ⲅⲁⲣ"/>
		<feat xlink:href="#sSpan3160" value="ⲉⲛⲁⲧⲉⲕⲁⲣⲭⲏ⳿"/>
		<feat xlink:href="#sSpan3174" value="."/>
		<feat xlink:href="#sSpan3178" value="ⲙ︤ⲛ︥ⲛⲁⲧⲉⲕ"/>
		<feat xlink:href="#sSpan3189" value="ϩⲁⲏ⳿"/>
		<feat xlink:href="#sSpan3193" value="ϫⲉϩⲉⲛⲡⲟⲛⲏⲣⲟ⳯"/>
		<feat xlink:href="#sSpan3204" value="ⲧⲏⲣⲟⲩ"/>
		<feat xlink:href="#sSpan3211" value="ⲛⲉ⳿"/>
		<feat xlink:href="#sSpan3215" value="ϩⲓⲕⲁⲕⲓⲁ⳿"/>
		<feat xlink:href="#sSpan3224" value="ϩⲓⲫⲑⲟⲛⲏⲣⲓⲁ⳿"/>
		<feat xlink:href="#sSpan3233" value="·"/>
		<feat xlink:href="#sSpan3237" value="ⲡⲇⲣⲁⲡⲉⲧⲏⲥ"/>
		<feat xlink:href="#sSpan3248" value="ⲛⲁⲙⲉ⳿"/>
		<feat xlink:href="#sSpan3252" value="ⲛ̄ϩ︤ⲙ︥ϩⲁⲗ"/>
		<feat xlink:href="#sSpan3260" value="ⲛ̄ⲁⲧϣⲁⲩ"/>
		<feat xlink:href="#sSpan3268" value="·"/>
		<feat xlink:href="#sSpan3272" value="ⲛ̄ⲧⲁϥⲡⲱⲧ"/>
		<feat xlink:href="#sSpan3284" value="ⲉⲃⲟⲗ"/>
		<feat xlink:href="#sSpan3289" value="ⲙ̄ⲡⲉϥϫⲟⲉⲓⲥ"/>
		<feat xlink:href="#sSpan3299" value="."/>
		<feat xlink:href="#sSpan3303" value="ⲉⲛ︤ⲅ︥ⲛⲁϣⲡⲱⲧ"/>
		<feat xlink:href="#sSpan3318" value="ⲁⲛ⳿"/>
		<feat xlink:href="#sSpan3322" value="ⲁⲩⲱ"/>
		<feat xlink:href="#sSpan3326" value="ⲉⲛ︤ⲅ︥ⲛⲁϣϩⲱⲡ̂"/>
		<feat xlink:href="#sSpan3341" value="ⲁⲛ⳿"/>
		<feat xlink:href="#sSpan3350" value="ⲉⲣⲟϥ"/>
		<feat xlink:href="#sSpan3356" value="⸗"/>
		<feat xlink:href="#sSpan3361" value="ϯⲥⲟⲟⲩⲛ"/>
		<feat xlink:href="#sSpan3371" value="ⲛ̄ⲟⲩϩⲱⲃ"/>
		<feat xlink:href="#sSpan3380" value="ⲉⲛ︤ϥ︥ϩⲏⲡ"/>
		<feat xlink:href="#sSpan3391" value="ⲁⲛ⳿"/>
		<feat xlink:href="#sSpan3395" value="ⲉⲛⲥⲁⲃⲉ"/>
		<feat xlink:href="#sSpan3405" value="ⲟⲩ"/>
		<feat xlink:href="#sSpan3409" value="."/>
		<feat xlink:href="#sSpan3413" value="ϫⲉⲡⲉⲭ︤ⲥ︥"/>
		<feat xlink:href="#sSpan3427" value="ⲙⲉⲛ⳿"/>
		<feat xlink:href="#sSpan3431" value="ⲛ̄ⲧⲁϥⲁⲛⲉⲭⲉ⳿"/>
		<feat xlink:href="#sSpan3443" value="ⲁⲩⲱ"/>
		<feat xlink:href="#sSpan3447" value="ⲛ̄ⲧⲁϥϥⲓ"/>
		<feat xlink:href="#sSpan3459" value="ϩⲁⲛⲉⲛⲧⲁⲩⲥ̄ⳁⲟⲩ︥"/>
		<feat xlink:href="#sSpan3476" value="ⲙ̄ⲙⲟϥ"/>
		<feat xlink:href="#sSpan3482" value="ⲉⲃⲟⲗ"/>
		<feat xlink:href="#sSpan3488" value="ϩⲓⲧⲟⲟⲧ︤ⲕ︥"/>
		<feat xlink:href="#sSpan3494" value="ϩ︤ⲙ︥ⲡⲉⲕϣⲟϫⲛⲉ"/>
		<feat xlink:href="#sSpan3504" value="ⲙ̄ⲡⲟⲛⲏⲣⲟⲛ⳿"/>
		<feat xlink:href="#sSpan3512" value="ⲛⲧⲟⲕ"/>
		<feat xlink:href="#sSpan3520" value="ⲇⲉ"/>
		<feat xlink:href="#sSpan3524" value="ⲉⲧⲃⲉⲧⲉⲕⲙⲛ︦ⲧϭⲱⲃ⳿"/>
		<feat xlink:href="#sSpan3536" value="ⲛⲅ̄ϭ̄ⲛ"/>
		<feat xlink:href="#sSpan3545" value="ⲉⲕⲛⲁⲣ"/>
		<feat xlink:href="#sSpan3555" value="ⲟⲩ"/>
		<feat xlink:href="#sSpan3559" value="ⲁⲛ⳿"/>
		<feat xlink:href="#sSpan3564" value="ⲛ̄ⲛⲁϩ︦ⲣ̄̄ⲛ︥̄̄ⲛⲉⲧⲁⲝⲓⲟⲩ"/>
		<feat xlink:href="#sSpan3577" value="ⲉⲧⲣⲉⲓ︤̄ⲥ︥̄"/>
		<feat xlink:href="#sSpan3587" value="ⲧⲁⲕⲟⲕ⳿"/>
		<feat xlink:href="#sSpan3594" value="ⲙ̄ⲡⲕⲱⲧⲉ"/>
		<feat xlink:href="#sSpan3604" value="ⲙ̄ⲡⲉϥⲗⲁⲟⲥ⳿"/>
		<feat xlink:href="#sSpan3614" value="ⲁⲩⲱ"/>
		<feat xlink:href="#sSpan3619" value="ⲛ︤ϥ︥ϥⲟⲧ︤ⲕ︥"/>
		<feat xlink:href="#sSpan3629" value="ⲉⲃⲟⲗ⳿"/>
		<feat xlink:href="#sSpan3634" value="⸗"/>
		<feat xlink:href="#sSpan3638" value="ⲉⲃⲟⲗ"/>
		<feat xlink:href="#sSpan3647" value="ⲇⲉ"/>
		<feat xlink:href="#sSpan3652" value="ϫⲉⲛ̄ⲧ︤ⲕ︥"/>
		<feat xlink:href="#sSpan3658" value="ⲟⲩ"/>
		<feat xlink:href="#sSpan3662" value="ⲧⲓⲙⲓⲛⲉ"/>
		<feat xlink:href="#sSpan3671" value="ⲫⲁⲛⲉⲣⲟ⳯̀⳿"/>
		<feat xlink:href="#sSpan3676" value="ⲟⲩⲕ"/>
		<feat xlink:href="#sSpan3684" value="ⲉⲧⲓ⳿"/>
		<feat xlink:href="#sSpan3688" value="ⲙ︤ⲛ︥ϩⲱⲕ"/>
		<feat xlink:href="#sSpan3696" value="."/>
		<feat xlink:href="#sSpan3701" value="ⲟⲩⲧⲉ"/>
		<feat xlink:href="#sSpan3706" value="ⲥⲏϥⲉ"/>
		<feat xlink:href="#sSpan3711" value="ϩⲓⲕⲉⲗⲉⲃⲉⲓⲛ⳿"/>
		<feat xlink:href="#sSpan3720" value="."/>
		<feat xlink:href="#sSpan3724" value="ⲙ︤ⲛ︥ⲙⲟϫ︤ϩ︥"/>
		<feat xlink:href="#sSpan3732" value="ⲛ̄ⲥⲁⲡⲡⲉⲓⲣⲟⲛ⳿"/>
		<feat xlink:href="#sSpan3743" value="."/>
		<feat xlink:href="#sSpan3747" value="ⲙ︤ⲛ︥ⲡⲟⲇⲏⲣⲏ⳿"/>
		<feat xlink:href="#sSpan3756" value="."/>
		<feat xlink:href="#sSpan3761" value="ⲟⲩⲧⲉ"/>
		<feat xlink:href="#sSpan3767" value="ⲃⲁⲗⲗⲉⲓⲛ⳿"/>
		<feat xlink:href="#sSpan3773" value="·"/>
		<feat xlink:href="#sSpan3777" value="ⲙⲛ︥ⲉⲓⲛⲉ"/>
		<feat xlink:href="#sSpan3786" value="ⲛ̄ⲉⲃⲣⲏϭⲉ"/>
		<feat xlink:href="#sSpan3793" value="·"/>
		<feat xlink:href="#sSpan3797" value="ⲙ︤ⲛ︥ϩⲛⲟ⳿"/>
		<feat xlink:href="#sSpan3805" value="."/>
		<feat xlink:href="#sSpan3810" value="ⲟⲩⲧⲉ"/>
		<feat xlink:href="#sSpan3814" value="ⲙ︤ⲛ︥ϩⲱⲕ⳿"/>
		<feat xlink:href="#sSpan3822" value="ϣⲟⲟⲡ"/>
		<feat xlink:href="#sSpan3826" value="ⲛⲁⲕ⳿"/>
		<feat xlink:href="#sSpan3833" value="ϫⲓⲛⲡⲉⲓ̈ⲛⲁⲩ"/>
		<feat xlink:href="#sSpan3842" value="."/>
		<feat xlink:href="#sSpan3846" value="ⲛ̄ⲑⲉ"/>
		<feat xlink:href="#sSpan3855" value="ⲛ̄ⲛⲁϩⲣⲁⲫⲁⲏⲗ⳿"/>
		<feat xlink:href="#sSpan3866" value="ⲙ︤ⲛ︥ⲅⲁⲃⲣⲓⲏⲗ⳿"/>
		<feat xlink:href="#sSpan3874" value="ⲁⲩⲱ"/>
		<feat xlink:href="#sSpan3879" value="ⲛⲁⲡⲛⲟϭ"/>
		<feat xlink:href="#sSpan3888" value="ⲛ̄ⲁⲣⲭⲁⲅⲅⲉⲗⲟⲥ⳿"/>
		<feat xlink:href="#sSpan3897" value="ⲙⲓⲭⲁⲏⲗ⳿"/>
		<feat xlink:href="#sSpan3902" value="·"/>
		<feat xlink:href="#sSpan3906" value="ⲙⲛ̄ⲛⲁⲛⲁⲅⲅⲉⲗⲟⲥ"/>
		<feat xlink:href="#sSpan3919" value="ⲧⲏⲣⲟⲩ"/>
		<feat xlink:href="#sSpan3926" value="⸗"/>
		<feat xlink:href="#sSpan3930" value="ⲛⲉⲧϣⲟⲟⲡ"/>
		<feat xlink:href="#sSpan3944" value="ⲛⲁⲕ⳿"/>
		<feat xlink:href="#sSpan3950" value="ⲁⲩⲱ"/>
		<feat xlink:href="#sSpan3954" value="ⲉⲧ︤ⲕ︥ⲣ̀ϩⲟⲩⲟ̂"/>
		<feat xlink:href="#sSpan3965" value="ⲛ̄ϩⲏⲧⲟⲩ"/>
		<feat xlink:href="#sSpan3972" value="."/>
		<feat xlink:href="#sSpan3976" value="ϯⲛⲁⲟⲩⲟⲛϩ"/>
		<feat xlink:href="#sSpan3985" value="ⲟⲩ"/>
		<feat xlink:href="#sSpan3989" value="ⲉⲃⲟⲗ"/>
		<feat xlink:href="#sSpan3993" value="ⲉⲟⲩⲟⲛ"/>
		<feat xlink:href="#sSpan4002" value="ⲛⲓⲙ"/>
		<feat xlink:href="#sSpan4006" value="·"/>
		<feat xlink:href="#sSpan4010" value="ⲉ"/>
		<feat xlink:href="#sSpan4017" value="ⲡⲙⲁ"/>
		<feat xlink:href="#sSpan4024" value="ⲛ̄ⲟⲩϩⲱⲕ⳿"/>
		<feat xlink:href="#sSpan4033" value="ⲛ̄ⲁⲅⲅⲉⲗⲟⲥ"/>
		<feat xlink:href="#sSpan4042" value="ⲁⲩⲱ"/>
		<feat xlink:href="#sSpan4047" value="ⲟⲩⲍⲱⲛⲏ⳿"/>
		<feat xlink:href="#sSpan4055" value="."/>
		<feat xlink:href="#sSpan4059" value="ⲟⲩϩⲱⲕ"/>
		<feat xlink:href="#sSpan4066" value="ⲛ̄ⲇⲓⲁⲃⲟⲗⲟ⳿ⲥ"/>
		<feat xlink:href="#sSpan4076" value="ⲡⲉⲛⲧⲁⲕⲧⲁⲁϥ"/>
		<feat xlink:href="#sSpan4091" value="ϩⲓⲱⲱⲕ⳿"/>
		<feat xlink:href="#sSpan4098" value="."/>
		<feat xlink:href="#sSpan4102" value="ⲁⲩⲱ"/>
		<feat xlink:href="#sSpan4106" value="ⲟⲩⲙⲟϫϩ︥"/>
		<feat xlink:href="#sSpan4114" value="ⲛ̄ϭⲟⲗ"/>
		<feat xlink:href="#sSpan4121" value="ⲡⲉⲛⲧⲁⲕⲙⲟⲣ︤̄ⲕ̄︥"/>
		<feat xlink:href="#sSpan4136" value="ⲙ̄ⲙⲟϥ"/>
		<feat xlink:href="#sSpan4143" value="⸗"/>
		<feat xlink:href="#sSpan4148" value="ⲉⲡⲙⲁ"/>
		<feat xlink:href="#sSpan4161" value="ⲛ̄ⲟⲩⲉⲓⲛⲉ"/>
		<feat xlink:href="#sSpan4171" value="ⲛ︦ⲉⲃⲣⲏϭⲉ"/>
		<feat xlink:href="#sSpan4179" value="ⲁⲩⲱ"/>
		<feat xlink:href="#sSpan4183" value="ⲟⲩϩ︤̄ⲃ̄︥ⲥⲱ̂"/>
		<feat xlink:href="#sSpan4191" value="ⲉⲥⲣ⳿ⲟⲩⲟ̂ⲉⲓⲛ⳿"/>
		<feat xlink:href="#sSpan4206" value="."/>
		<feat xlink:href="#sSpan4210" value="ⲟⲩⲉⲓⲛⲉ"/>
		<feat xlink:href="#sSpan4218" value="ⲛ̄ⲕⲁⲕⲉ"/>
		<feat xlink:href="#sSpan4226" value="ⲡⲉⲧϣⲟⲟⲡ"/>
		<feat xlink:href="#sSpan4235" value="ⲙ̄ⲙⲟⲕ"/>
		<feat xlink:href="#sSpan4241" value="·"/>
		<feat xlink:href="#sSpan4245" value="ⲁⲩⲱ"/>
		<feat xlink:href="#sSpan4250" value="ⲟⲩϩⲟⲓ̈ⲧⲉ"/>
		<feat xlink:href="#sSpan4256" value="ⲛ̄ⲕ︤ⲣ︦ⲙ︥ⲧ︤ⲥ︥"/>
		<feat xlink:href="#sSpan4264" value="ϩⲓϩⲧⲟⲙⲧ︤ⲙ︥"/>
		<feat xlink:href="#sSpan4272" value="ϩⲓϭⲟⲥ︤ⲙ︥"/>
		<feat xlink:href="#sSpan4279" value="ⲧⲉⲧϩⲓϫⲱⲕ⳿"/>
		<feat xlink:href="#sSpan4290" value="ⲡⲕⲁⲕⲉ"/>
		<feat xlink:href="#sSpan4297" value="ⲧⲏⲣ︤ϥ︥"/>
		<feat xlink:href="#sSpan4304" value="⸗"/>
		<feat xlink:href="#sSpan4308" value="ⲉⲡⲙⲁ⳿"/>
		<feat xlink:href="#sSpan4321" value="ⲛ︦ⲟⲩⲥⲏϥⲉ"/>
		<feat xlink:href="#sSpan4331" value="ⲛ̄ⲁⲅⲅⲉⲗⲟⲥ"/>
		<feat xlink:href="#sSpan4340" value="ⲁⲩⲱ"/>
		<feat xlink:href="#sSpan4344" value="ⲟⲩϭⲟⲙ"/>
		<feat xlink:href="#sSpan4351" value="ⲙ̄ⲡ︤ⲛ︦ⲁ︥"/>
		<feat xlink:href="#sSpan4360" value="ⲉϥⲟⲩⲁⲁⲃ"/>
		<feat xlink:href="#sSpan4368" value="·"/>
		<feat xlink:href="#sSpan4372" value="ⲟⲩ"/>
		<feat xlink:href="#sSpan4377" value="ⲙ︤ⲛ︦︤ⲧ︥ⲁⲧϭⲟⲙ"/>
		<feat xlink:href="#sSpan4386" value="ⲧⲉⲧϣⲟⲟⲡ"/>
		<feat xlink:href="#sSpan4395" value="ⲛⲁⲕ⳿"/>
		<feat xlink:href="#sSpan4401" value="·"/>
		<feat xlink:href="#sSpan4405" value="ⲁⲩⲱ"/>
		<feat xlink:href="#sSpan4411" value="ⲡⲟⲩⲱ̂ϣ︤ϥ︥"/>
		<feat xlink:href="#sSpan4417" value="ⲙ︤ⲛ︥ⲡϫⲱϩ︤ⲙ︥"/>
		<feat xlink:href="#sSpan4427" value="ⲧⲏⲣ︤ϥ︥"/>
		<feat xlink:href="#sSpan4434" value="·"/>
		<feat xlink:href="#sSpan4438" value="ⲁⲩⲱ"/>
		<feat xlink:href="#sSpan4442" value="ⲛⲉⲕϩⲃⲏⲩⲉ"/>
		<feat xlink:href="#sSpan4450" value="ⲧⲏⲣⲟⲩ"/>
		<feat xlink:href="#sSpan4456" value="ⲉⲩϣⲟⲟⲡ"/>
		<feat xlink:href="#sSpan4465" value="ⲛⲁⲕ⳿"/>
		<feat xlink:href="#sSpan4471" value="ⲉⲃⲟⲗ"/>
		<feat xlink:href="#sSpan4477" value="ϩ︤ⲛ︥ⲛ︥ϫⲓⲛϭⲟⲛ︤ⲥ︥"/>
		<feat xlink:href="#sSpan4490" value="ⲙ︤ⲛ︥ⲙ̄ⲙ︤ⲛ︦ⲧ︥ⲛⲟⲉⲓⲕ⳿"/>
		<feat xlink:href="#sSpan4502" value="·"/>
		<feat xlink:href="#sSpan4506" value="ⲙ︤ⲛ︥ⲛ̄ⲥⲱⲱϥ"/>
		<feat xlink:href="#sSpan4516" value="ⲁⲩⲱ"/>
		<feat xlink:href="#sSpan4521" value="ⲛ̄ⲕⲱϩ⳿"/>
		<feat xlink:href="#sSpan4528" value="."/>
		<feat xlink:href="#sSpan4532" value="ⲙ︤ⲛ︥ⲛⲉⲕ"/>
		<feat xlink:href="#sSpan4539" value="ⲕⲉⲙ︤ⲛ︦ⲧ︥ⲁⲥⲉⲃⲏⲥ⳿"/>
		<feat xlink:href="#sSpan4549" value="ⲉⲧ︤ⲛ︥ⲣ̂ⲭⲣⲓⲁ"/>
		<feat xlink:href="#sSpan4561" value="ⲁⲛ⳿"/>
		<feat xlink:href="#sSpan4565" value="ⲛ̄ϫⲟⲟⲩ"/>
		<feat xlink:href="#sSpan4575" value="ⲟⲩⲁ̂"/>
		<feat xlink:href="#sSpan4579" value="ⲟⲩⲁ̂"/>
		<feat xlink:href="#sSpan4583" value="·"/>
		<feat xlink:href="#sSpan4587" value="ⲁⲛⲥⲟⲩⲱ̂ⲛⲟⲩ"/>
		<feat xlink:href="#sSpan4601" value="ⲅⲁⲣ"/>
		<feat xlink:href="#sSpan4606" value="ⲧⲏⲣⲟⲩ"/>
		<feat xlink:href="#sSpan4612" value="ⲁⲩⲱ"/>
		<feat xlink:href="#sSpan4616" value="ⲁⲛⲉⲓⲙⲉ"/>
		<feat xlink:href="#sSpan4625" value="ϫⲉⲛ̄ⲧⲟⲕ"/>
		<feat xlink:href="#sSpan4631" value="ⲁⲩⲱ"/>
		<feat xlink:href="#sSpan4637" value="ⲛⲉⲕⲛⲟⲃⲉ"/>
		<feat xlink:href="#sSpan4644" value="ⲟⲩϩⲩⲗⲏⲧⲉ⳿"/>
		<feat xlink:href="#sSpan4652" value="ⲛ̄ϭ︤ⲗ︥ⲗ︤ⲙ︥"/>
		<feat xlink:href="#sSpan4661" value="ⲉⲥⲕⲏ⳿"/>
		<feat xlink:href="#sSpan4669" value="ϩⲓϫ︤ⲛ︥ⲛⲉⲥⲉⲣⲏⲩ"/>
		<feat xlink:href="#sSpan4679" value="ⲉⲡⲉⲧⲛⲁⲛⲉϫⲟⲩⲕⲱϩ︤ⲧ︥"/>
		<feat xlink:href="#sSpan4698" value="ⲉϫⲱⲥ⳿"/>
		<feat xlink:href="#sSpan4704" value="ⲁⲩⲱ"/>
		<feat xlink:href="#sSpan4709" value="ⲛ︤ϥ︥ϫⲉⲣⲱϥ̂"/>
		<feat xlink:href="#sSpan4719" value="ⲛ̄ϩⲏⲧ︤ⲥ︥"/>
		<feat xlink:href="#sSpan4726" value="ⲥⲛⲁⲣ̂ⲕⲣ︥ⲙⲉⲥ"/>
		<feat xlink:href="#sSpan4739" value="ⲛ̄ⲛⲁϩⲣⲁϥ̂"/>
		<feat xlink:href="#sSpan4746" value="·"/>
		<feat xlink:href="#sSpan4751" value="ⲡⲉⲧⲛⲁⲁⲙⲉⲗⲉⲓ⳿"/>
		<feat xlink:href="#sSpan4764" value="ⲇⲉ"/>
		<feat xlink:href="#sSpan4768" value="ⲉϣⲁⲥⲣ̂ⲥⲟⲧⲉ"/>
		<feat xlink:href="#sSpan4781" value="ϩⲓⲥⲏϥⲉ"/>
		<feat xlink:href="#sSpan4789" value="ϩⲓⲥⲕⲉⲩⲟⲥ⳿"/>
		<feat xlink:href="#sSpan4798" value="ⲛⲓⲙ"/>
		<feat xlink:href="#sSpan4802" value="ⲙ̄ⲡⲟⲗⲉⲙⲓⲕⲟⲛ⳿"/>
		<feat xlink:href="#sSpan4811" value="ⲛ̄ⲛⲁϩⲣⲁϥ̂"/>
		<feat xlink:href="#sSpan4818" value="⸗"/>
		<feat xlink:href="#sSpan4825" value="ϩⲉⲑⲛⲟⲥ"/>
		<feat xlink:href="#sSpan4834" value="ⲅⲁⲣ"/>
		<feat xlink:href="#sSpan4838" value="ⲛⲓⲙ"/>
		<feat xlink:href="#sSpan4842" value="ⲛ̄ⲁⲧⲛⲟⲩⲧⲉ"/>
		<feat xlink:href="#sSpan4852" value="ⲛ̄ⲧⲁⲕⲣⲁϩⲧⲟⲩ"/>
		<feat xlink:href="#sSpan4865" value="ϩ︤ⲛ︥ⲛⲉⲕⲁⲛⲟⲙⲓⲁ⳿"/>
		<feat xlink:href="#sSpan4876" value="ⲧⲏⲣⲟⲩ"/>
		<feat xlink:href="#sSpan4883" value="·"/>
		<feat xlink:href="#sSpan4887" value="ⲁⲩⲱ"/>
		<feat xlink:href="#sSpan4891" value="ϩ︤ⲛ︥ⲟⲩⲙⲉⲣⲉϩ"/>
		<feat xlink:href="#sSpan4901" value="ⲁⲛ⳿"/>
		<feat xlink:href="#sSpan4907" value="ⲏ̄"/>
		<feat xlink:href="#sSpan4912" value="ⲕⲉⲥⲟⲧⲃⲉϥ⳿"/>
		<feat xlink:href="#sSpan4919" value="·"/>
		<feat xlink:href="#sSpan4924" value="ⲛ̄ⲣ︤ⲙ︥ⲛ̄ⲛⲟⲩⲧⲉ"/>
		<feat xlink:href="#sSpan4937" value="ⲇⲉ"/>
		<feat xlink:href="#sSpan4941" value="ⲛⲁⲙⲉ⳿"/>
		<feat xlink:href="#sSpan4946" value="ⲉⲩⲣⲱϩ︤ⲧ︥"/>
		<feat xlink:href="#sSpan4954" value="ⲛ̄ⲧⲟⲟⲩ"/>
		<feat xlink:href="#sSpan4959" value="ⲙ̄ⲙⲟⲕ"/>
		<feat xlink:href="#sSpan4965" value="ϩ︤ⲙ︥ⲡⲉⲩⲧ︤ⲃ︥ⲃⲟ̂"/>
		<feat xlink:href="#sSpan4975" value="ⲁⲩⲱ"/>
		<feat xlink:href="#sSpan4980" value="ϩ︤ⲛ︥ⲧⲉⲩⲇⲓⲕⲁⲓⲟ̂ⲥⲩⲛⲏ⳿"/>
		<feat xlink:href="#sSpan4995" value="ⲙ̄ⲙⲓⲛⲉ"/>
		<feat xlink:href="#sSpan5002" value="ⲛⲓⲙ"/>
		<feat xlink:href="#sSpan5007" value="ⲛ̄ϩⲱⲃ"/>
		<feat xlink:href="#sSpan5014" value="ⲛ̄ⲁⲅⲁⲑⲟⲛ⳿"/>
		<feat xlink:href="#sSpan5023" value="ϩ︤ⲛ︥ⲙ︤ⲛ︦ⲧ︥ⲉⲩⲥⲉⲃⲏⲥ"/>
		<feat xlink:href="#sSpan5034" value="ⲛⲓⲙ"/>
		<feat xlink:href="#sSpan5038" value="⸗"/>
		<feat xlink:href="#sSpan5043" value="ⲕⲟⲩⲟ̂ⲛ︤ϩ︥"/>
		<feat xlink:href="#sSpan5053" value="ⲉⲃⲟⲗ"/>
		<feat xlink:href="#sSpan5057" value="ⲟⲩⲛ⳿"/>
		<feat xlink:href="#sSpan5063" value="ⲁⲗⲏⲑⲱⲥ⳿"/>
		<feat xlink:href="#sSpan5067" value="ϫⲉⲧⲉⲕϭⲟⲙ"/>
		<feat xlink:href="#sSpan5076" value="ⲁⲛ"/>
		<feat xlink:href="#sSpan5080" value="ⲧⲉ"/>
		<feat xlink:href="#sSpan5085" value="ⲉⲛⲉϩ⳿"/>
		<feat xlink:href="#sSpan5089" value="·"/>
		<feat xlink:href="#sSpan5094" value="ⲟⲩⲧⲉ"/>
		<feat xlink:href="#sSpan5101" value="ⲛ̄ⲧⲟⲕ"/>
		<feat xlink:href="#sSpan5106" value="ⲟⲩⲧⲉ"/>
		<feat xlink:href="#sSpan5110" value="ⲛⲉⲕⲇⲁⲓⲙⲱⲛ⳿"/>
		<feat xlink:href="#sSpan5119" value="ⲉⲧⲣⲉⲟⲩⲣⲱⲙⲉ"/>
		<feat xlink:href="#sSpan5132" value="ⲣ̂ⲛⲟⲃⲉ"/>
		<feat xlink:href="#sSpan5139" value="ⲭⲱⲣⲓⲥ⳿"/>
		<feat xlink:href="#sSpan5143" value="ⲧⲣⲉⲡⲉϥⲟⲩⲱϣ"/>
		<feat xlink:href="#sSpan5154" value="ⲣ̂ϣⲟⲣ︤︥ⲡ"/>
		<feat xlink:href="#sSpan5160" value="ⲉⲡⲉⲕⲙⲉⲉⲩⲉ"/>
		<feat xlink:href="#sSpan5170" value="·"/>
		<feat xlink:href="#sSpan5174" value="ⲁⲩⲱ"/>
		<feat xlink:href="#sSpan5178" value="ⲧⲉϥⲉⲡⲓⲑⲩⲙⲓⲁ⳿"/>
		<feat xlink:href="#sSpan5187" value="ϩⲁⲑⲏ⳿"/>
		<feat xlink:href="#sSpan5197" value="ⲙ̄ⲡⲉⲕϣⲟϫⲛⲉ⳿"/>
		<feat xlink:href="#sSpan5207" value="."/>
		<feat xlink:href="#sSpan5212" value="ⲏ̂"/>
		<feat xlink:href="#sSpan5216" value="ⲉⲥⲟⲩⲏϩ⳿"/>
		<feat xlink:href="#sSpan5225" value="ⲛ̄ⲥⲱϥ"/>
		<feat xlink:href="#sSpan5231" value="⸗"/>
		<feat xlink:href="#sSpan5237" value="ⲉⲧⲃⲉⲙ̄ⲡⲉⲓⲣⲁⲥⲙⲟⲥ"/>
		<feat xlink:href="#sSpan5252" value="ⲇⲉ"/>
		<feat xlink:href="#sSpan5256" value="ⲉⲧ︤ⲕ︥ⲃⲗⲁⲡⲧⲉⲓ⳿"/>
		<feat xlink:href="#sSpan5266" value="ⲛ̄ϩⲏⲧⲟⲩ"/>
		<feat xlink:href="#sSpan5273" value="ⲛ̄ⲛ̄ⲥⲱⲙⲁ"/>
		<feat xlink:href="#sSpan5283" value="ⲛ̄ⲛⲉⲧϯⲟⲩⲃⲉ⳿"/>
		<feat xlink:href="#sSpan5297" value="ⲛⲉⲕⲗⲟⲅⲓⲥⲙⲟ⳿ⲥ"/>
		<feat xlink:href="#sSpan5308" value="ⲛ̄ⲃⲟⲧⲉ⳿"/>
		<feat xlink:href="#sSpan5315" value="."/>
		<feat xlink:href="#sSpan5319" value="ⲙ̄ⲡⲱⲕ"/>
		<feat xlink:href="#sSpan5325" value="ⲁⲛ⳿"/>
		<feat xlink:href="#sSpan5330" value="ⲡⲉ"/>
		<feat xlink:href="#sSpan5335" value="ⲡϩⲱⲃ⳿"/>
		<feat xlink:href="#sSpan5341" value="·"/>
		<feat xlink:href="#sSpan5346" value="ⲁⲗⲗⲁ"/>
		<feat xlink:href="#sSpan5353" value="ⲡⲁⲧⲁⲛⲟⲭⲏ"/>
		<feat xlink:href="#sSpan5363" value="ⲙ̄ⲡⲛⲟⲩⲧⲉ"/>
		<feat xlink:href="#sSpan5372" value="ⲡⲉ⳿"/>
		<feat xlink:href="#sSpan5378" value="·"/>
		<feat xlink:href="#sSpan5382" value="ⲁⲩⲱ"/>
		<feat xlink:href="#sSpan5388" value="ⲣⲱ̂"/>
		<feat xlink:href="#sSpan5392" value="ϫⲉϭⲟⲙ"/>
		<feat xlink:href="#sSpan5400" value="ⲛⲓⲙ"/>
		<feat xlink:href="#sSpan5404" value="ⲛ̄ⲣⲉϥⲣ̂ϩⲱⲃⲉ"/>
		<feat xlink:href="#sSpan5415" value="ⲡⲡⲟⲛⲏⲣⲟⲛ⳿"/>
		<feat xlink:href="#sSpan5423" value="ⲟⲩϭⲟⲙ"/>
		<feat xlink:href="#sSpan5429" value="ⲁⲛ"/>
		<feat xlink:href="#sSpan5434" value="ⲧⲉ⳿"/>
		<feat xlink:href="#sSpan5438" value="·"/>
		<feat xlink:href="#sSpan5442" value="ⲛ̄ⲑⲉ"/>
		<feat xlink:href="#sSpan5450" value="ⲛ̄̂ⲧⲉⲧ︤ⲛ︥ϩⲏⲧ︤ⲕ︥"/>
		<feat xlink:href="#sSpan5459" value="ⲁⲩⲱ"/>
		<feat xlink:href="#sSpan5464" value="ⲉⲧϩ︤ⲛ︥ⲛⲉⲕⲣⲱⲙⲉ"/>
		<feat xlink:href="#sSpan5476" value="."/>
		<feat xlink:href="#sSpan5481" value="ⲛⲉⲕⲣⲱⲙⲉ"/>
		<feat xlink:href="#sSpan5490" value="ⲇⲉ"/>
		<feat xlink:href="#sSpan5496" value="ⲏ̂"/>
		<feat xlink:href="#sSpan5500" value="ⲛⲉⲛⲧⲁⲩⲣ̄"/>
		<feat xlink:href="#sSpan5514" value="ⲛⲉⲕⲣⲱⲙⲉ"/>
		<feat xlink:href="#sSpan5521" value="ⲛⲉ"/>
		<feat xlink:href="#sSpan5525" value="ⲛⲁⲓ̂"/>
		<feat xlink:href="#sSpan5531" value="ⲧⲏⲣⲟⲩ"/>
		<feat xlink:href="#sSpan5537" value="ⲛ̄ⲧⲁⲡⲉⲩⲁⲅⲅⲉⲗⲓⲟⲛ⳿"/>
		<feat xlink:href="#sSpan5550" value="ⲟⲡⲟⲩ"/>
		<feat xlink:href="#sSpan5557" value="ⲉⲡⲧⲱϩ⳿"/>
		<feat xlink:href="#sSpan5566" value="ⲉⲧⲟⲩⲛⲁⲣⲟⲕϩϥ︥"/>
		<feat xlink:href="#sSpan5579" value="ϩ︤ⲛ︥ⲟⲩⲕⲱϩ︤ⲧ︥"/>
		<feat xlink:href="#sSpan5589" value="ⲉⲙⲉϥⲱ̂ϣ︤ⲙ︥"/>
		<feat xlink:href="#sSpan5600" value="⸗"/>
		<feat xlink:href="#sSpan5605" value="ⲁⲛⲁⲩϫⲉ"/>
		<feat xlink:href="#sSpan5617" value="ⲉⲛⲉⲓ̈ⲥⲱϣ"/>
		<feat xlink:href="#sSpan5627" value="ⲛ̄ⲧⲉⲓ̈ϩⲉ⳿"/>
		<feat xlink:href="#sSpan5635" value="ⲛ̄ⲟⲩⲁⲅⲅⲉⲗⲟⲥ⳿"/>
		<feat xlink:href="#sSpan5646" value="ⲛ̄ⲧⲉⲡⲛⲟⲩⲧⲉ"/>
		<feat xlink:href="#sSpan5657" value="ⲙⲏ"/>
		<feat xlink:href="#sSpan5662" value="ⲅⲉⲛⲟⲓⲧⲟ̂"/>
		<feat xlink:href="#sSpan5666" value="·"/>
		<feat xlink:href="#sSpan5670" value="ϥⲥⲙⲁⲙⲁⲁⲧ⳿"/>
		<feat xlink:href="#sSpan5679" value="ⲛ̄ⲧⲟϥⲛ̄"/>
		<feat xlink:href="#sSpan5686" value="ϩⲟⲩⲟ̂"/>
		<feat xlink:href="#sSpan5690" value="·"/>
		<feat xlink:href="#sSpan5695" value="ⲛⲉϥⲛⲁⲣⲟⲕϩ︤ⲧ︥"/>
		<feat xlink:href="#sSpan5709" value="ⲡⲉ⳿"/>
		<feat xlink:href="#sSpan5714" value="ϩ︤ⲙ︥ⲡⲉϥϣⲁϩ⳿"/>
		<feat xlink:href="#sSpan5723" value="ⲛ̄ⲕⲱϩ︤ⲧ"/>
		<feat xlink:href="#sSpan5731" value="·"/>
		<feat xlink:href="#sSpan5735" value="ⲉⲃⲟⲗ"/>
		<feat xlink:href="#sSpan5740" value="ϫⲉ"/>
		<feat xlink:href="#sSpan5745" value="ⲟⲩⲛ̄ϭⲟⲙ"/>
		<feat xlink:href="#sSpan5751" value="ⲙ̄ⲙⲟϥ"/>
		<feat xlink:href="#sSpan5758" value="·"/>
		<feat xlink:href="#sSpan5762" value="ⲛ̄ⲧⲟⲕ"/>
		<feat xlink:href="#sSpan5769" value="ⲇⲉ"/>
		<feat xlink:href="#sSpan5776" value="ⲕⲣⲟⲛⲟⲥ⳿"/>
		<feat xlink:href="#sSpan5780" value="ϯⲥⲱϣ"/>
		<feat xlink:href="#sSpan5791" value="ⲙ̄ⲙⲟⲕ"/>
		<feat xlink:href="#sSpan5797" value="·"/>
		<feat xlink:href="#sSpan5801" value="ⲁⲩⲱ"/>
		<feat xlink:href="#sSpan5808" value="ϯϫⲱ̂"/>
		<feat xlink:href="#sSpan5814" value="ⲛ̄ⲛⲁⲓ̈"/>
		<feat xlink:href="#sSpan5821" value="ⲉϩⲟⲩⲛ"/>
		<feat xlink:href="#sSpan5826" value="ⲉⲣⲟⲕ"/>
		<feat xlink:href="#sSpan5832" value="ⲙ︤ⲛ︥ⲛⲉⲧⲣ̂ϩⲟⲩⲟ⳿"/>
		<feat xlink:href="#sSpan5846" value="ⲉⲛⲁⲓ̈"/>
		<feat xlink:href="#sSpan5854" value="ϩ︤ⲙ︥ⲡⲉϩⲟⲟⲩ"/>
		<feat xlink:href="#sSpan5864" value="."/>
		<feat xlink:href="#sSpan5869" value="ⲙⲁⲗⲗⲟⲛ⳿"/>
		<feat xlink:href="#sSpan5874" value="ⲇⲉ"/>
		<feat xlink:href="#sSpan5879" value="ϩ︤ⲛ︥ⲧⲉⲩϣⲏ⳿"/>
		<feat xlink:href="#sSpan5888" value="ⲁⲩⲱ"/>
		<feat xlink:href="#sSpan5893" value="ⲙ̄ⲙⲏⲛⲉ⳿"/>
		<feat xlink:href="#sSpan5899" value="ⲙ̄ⲙⲏⲛⲉ⳿"/>
		<feat xlink:href="#sSpan5906" value="."/>
		<feat xlink:href="#sSpan5910" value="ⲙⲡ︤ⲕ︥ϭ︤ⲛ"/>
		<feat xlink:href="#sSpan5921" value="ⲉⲕⲛⲁⲣⲟ᷍ⲩ"/>
		<feat xlink:href="#sSpan5933" value="ⲛⲁⲓ̈"/>
		<feat xlink:href="#sSpan5940" value="⸗"/>
		<feat xlink:href="#sSpan5944" value="ⲉⲛⲉⲟⲩⲛ̄ϭⲟⲙ"/>
		<feat xlink:href="#sSpan5958" value="ⲅⲁⲣ"/>
		<feat xlink:href="#sSpan5962" value="ⲙ̄ⲙⲟⲕ"/>
		<feat xlink:href="#sSpan5969" value="."/>
		<feat xlink:href="#sSpan5973" value="ⲁⲩⲱ"/>
		<feat xlink:href="#sSpan5977" value="ⲉⲛⲉⲧⲃⲟⲏ̂ⲑⲉⲓⲁ"/>
		<feat xlink:href="#sSpan5988" value="ⲁⲛ"/>
		<feat xlink:href="#sSpan5992" value="ⲧⲉ⳿"/>
		<feat xlink:href="#sSpan5997" value="ⲙ̄ⲡⲉⲭ︤ⲥ︥"/>
		<feat xlink:href="#sSpan6007" value="ⲛⲉⲕⲛⲁϭⲱ"/>
		<feat xlink:href="#sSpan6018" value="ⲁⲛ"/>
		<feat xlink:href="#sSpan6022" value="ⲡⲉ⳿"/>
		<feat xlink:href="#sSpan6026" value="·"/>
		<feat xlink:href="#sSpan6031" value="ⲛ︦"/>
		<feat xlink:href="#sSpan6037" value="ⲟⲩϭⲣⲟ⳿"/>
		<feat xlink:href="#sSpan6044" value="ⲛⲁⲕ"/>
		<feat xlink:href="#sSpan6050" value="ⲁⲛ"/>
		<feat xlink:href="#sSpan6054" value="ⲡⲉ⳿"/>
		<feat xlink:href="#sSpan6059" value="ϫⲉⲁⲕⲙⲉϩⲡⲥⲱⲙⲁ⳿"/>
		<feat xlink:href="#sSpan6076" value="ⲛ̄ⲧⲕⲁⲥ⳿"/>
		<feat xlink:href="#sSpan6085" value="ⲙ̄ⲡⲟⲛⲏⲣⲟⲛ⳿"/>
		<feat xlink:href="#sSpan6093" value="ⲉϣϫⲉ"/>
		<feat xlink:href="#sSpan6101" value="ⲧⲁⲓ̈"/>
		<feat xlink:href="#sSpan6105" value="ⲧⲉ"/>
		<feat xlink:href="#sSpan6110" value="ⲧⲉⲕϭⲟⲙ"/>
		<feat xlink:href="#sSpan6117" value="."/>
		<feat xlink:href="#sSpan6121" value="ⲛⲓⲙ"/>
		<feat xlink:href="#sSpan6126" value="ⲛⲉⲛⲉⲧ︤ⲕ︥ϭⲣⲟⲉⲓⲧ⳿"/>
		<feat xlink:href="#sSpan6140" value="ⲉⲣⲟⲟⲩ"/>
		<feat xlink:href="#sSpan6146" value="ⲛ̄ⲥⲁⲛⲉⲛⲧⲁⲕⲣⲁϩⲧⲟⲩ"/>
		<feat xlink:href="#sSpan6164" value="ⲉϩⲣⲁⲓ̈"/>
		<feat xlink:href="#sSpan6169" value="ⲉⲙⲡⲁⲣⲁⲫⲩⲥⲓⲥ"/>
		<feat xlink:href="#sSpan6180" value="ⲙ̄ⲙⲓⲛⲉ"/>
		<feat xlink:href="#sSpan6186" value="ⲛⲓⲙ"/>
		<feat xlink:href="#sSpan6191" value="ⲙ︤ⲛ︥ⲛ̄ⲥⲁ"/>
		<feat xlink:href="#sSpan6196" value="ⲡⲥⲟⲟⲩⲛ⳿"/>
		<feat xlink:href="#sSpan6203" value="."/>
		<feat xlink:href="#sSpan6207" value="ⲁⲩⲱ"/>
		<feat xlink:href="#sSpan6212" value="ϩ︤ⲛ︥ⲧ︤ⲙ︤ⲛ︥ⲧⲁⲧⲥⲟⲟⲩⲛ"/>
		<feat xlink:href="#sSpan6226" value="ⲁⲛ⳿"/>
		<feat xlink:href="#sSpan6230" value="⸗"/>
		<feat xlink:href="#sSpan6235" value="ⲟⲩⲟⲛ"/>
		<feat xlink:href="#sSpan6245" value="ⲅⲁⲣ"/>
		<feat xlink:href="#sSpan6249" value="ⲛⲓⲙ"/>
		<feat xlink:href="#sSpan6253" value="ⲉⲧⲉⲙ̄ⲡⲁⲧⲟⲩⲥⲟⲩⲱ̂ⲛ︤ⲅ︥"/>
		<feat xlink:href="#sSpan6267" value="ⲙ︤ⲛ︥ⲛⲉⲕⲙⲁⲅⲓⲁ⳿"/>
		<feat xlink:href="#sSpan6278" value="·"/>
		<feat xlink:href="#sSpan6282" value="ⲟⲩⲛ̄ⲧⲁⲩⲟⲩⲥⲩⲛⲭⲱⲣⲏⲥⲓⲥ⳿"/>
		<feat xlink:href="#sSpan6296" value="ⲙ̄ⲡⲉⲙⲧⲟ̂"/>
		<feat xlink:href="#sSpan6306" value="ⲉⲃⲟⲗ"/>
		<feat xlink:href="#sSpan6310" value="ⲙ̄ⲡϫⲟⲉⲓⲥ"/>
		<feat xlink:href="#sSpan6320" value="·"/>
		<feat xlink:href="#sSpan6325" value="ⲏ̂"/>
		<feat xlink:href="#sSpan6332" value="ⲉⲕⲟ︦ⲛⲕⲣⲓⲧⲏⲥ⳿"/>
		<feat xlink:href="#sSpan6346" value="ⲡⲥⲁϩ⳿"/>
		<feat xlink:href="#sSpan6352" value="ⲛ̄"/>
		<feat xlink:href="#sSpan6357" value="ⲙ̄ⲙ︤ⲛⲧⲥⲁ"/>
		<feat xlink:href="#sSpan6367" value="ⲛⲕⲟⲧ︤ⲥ︥"/>
		<feat xlink:href="#sSpan6376" value="·"/>
		<feat xlink:href="#sSpan6381" value="ⲥⲟⲡⲙⲉⲛ̂ⲉⲕⲡⲓⲑⲉ⳿"/>
		<feat xlink:href="#sSpan6391" value="ⲛ̄ⲛⲉⲧ︤ⲕ︥ⲉⲓⲛⲉ"/>
		<feat xlink:href="#sSpan6406" value="ⲙ̄ⲙⲟⲟⲩ"/>
		<feat xlink:href="#sSpan6413" value="ⲉϩⲣⲁⲓ̈"/>
		<feat xlink:href="#sSpan6417" value="ⲉ"/>
		<feat xlink:href="#sSpan6423" value="ⲡⲛⲟⲃⲉ"/>
		<feat xlink:href="#sSpan6429" value="ϫⲉⲡⲛⲟⲩⲧⲉ"/>
		<feat xlink:href="#sSpan6439" value="ⲛⲁϥⲓⲱⲡ̂"/>
		<feat xlink:href="#sSpan6449" value="ⲛ︤ⲙ︥ⲙⲁⲩ"/>
		<feat xlink:href="#sSpan6455" value="ⲁⲛ⳿"/>
		<feat xlink:href="#sSpan6459" value="·"/>
		<feat xlink:href="#sSpan6463" value="ⲥⲟⲡ"/>
		<feat xlink:href="#sSpan6468" value="ⲉⲕϣⲧⲟⲣⲧ︤ⲣ"/>
		<feat xlink:href="#sSpan6477" value="ⲙ̄ⲛϩⲏⲧ⳿"/>
		<feat xlink:href="#sSpan6484" value="ⲛ̄ⲛⲉⲧⲟⲩⲱϣ"/>
		<feat xlink:href="#sSpan6496" value="ⲉ"/>
		<feat xlink:href="#sSpan6500" value="ⲉⲓ⳿"/>
		<feat xlink:href="#sSpan6506" value="ⲉⲃⲟⲗ"/>
		<feat xlink:href="#sSpan6510" value="ϩ︤ⲛ︥ⲛⲉⲕⲡⲟⲛⲏⲣⲟⲛ⳿"/>
		<feat xlink:href="#sSpan6521" value="ϫⲉⲡⲛⲟⲩⲧⲉ"/>
		<feat xlink:href="#sSpan6531" value="ⲛⲁⲕ"/>
		<feat xlink:href="#sSpan6538" value="ⲱ̂"/>
		<feat xlink:href="#sSpan6542" value="ⲛⲁⲩ"/>
		<feat xlink:href="#sSpan6549" value="ⲉⲃⲟⲗ"/>
		<feat xlink:href="#sSpan6553" value="ⲁⲛ⳿"/>
		<feat xlink:href="#sSpan6557" value="·"/>
		<feat xlink:href="#sSpan6562" value="ϩⲱⲥ"/>
		<feat xlink:href="#sSpan6569" value="ⲉϣϫⲉ"/>
		<feat xlink:href="#sSpan6573" value="ⲛ̄ⲧⲁⲕⲥⲟⲩⲛ̄"/>
		<feat xlink:href="#sSpan6584" value="ⲡⲙⲉⲉⲩⲉ⳿"/>
		<feat xlink:href="#sSpan6592" value="ⲙ̄ⲡⲉⲧϫⲟⲥⲉ"/>
		<feat xlink:href="#sSpan6608" value="."/>
		<feat xlink:href="#sSpan6612" value="ⲁⲩⲱ"/>
		<feat xlink:href="#sSpan6616" value="ⲙ̄ⲙ︤ⲛ︦ⲧ︥ϣⲁ"/>
		<feat xlink:href="#sSpan6624" value="ⲛϩⲧⲏϥ"/>
		<feat xlink:href="#sSpan6632" value="ⲛ̄ⲛ̄ϣⲁϫⲉ"/>
		<feat xlink:href="#sSpan6642" value="ⲛ̄ϯⲫⲱⲛⲏ⳿"/>
		<feat xlink:href="#sSpan6653" value="."/>
		<feat xlink:href="#sSpan6657" value="ϫⲉⲙⲁⲣⲉⲡⲁⲥⲉⲃⲏⲥ"/>
		<feat xlink:href="#sSpan6672" value="ⲕⲱ̂"/>
		<feat xlink:href="#sSpan6676" value="ⲛ̄ⲥⲱϥ"/>
		<feat xlink:href="#sSpan6683" value="ⲛ̄ⲛⲉϥϩⲓⲟⲟⲩⲉ⳿"/>
		<feat xlink:href="#sSpan6693" value="."/>
		<feat xlink:href="#sSpan6697" value="ⲁⲩⲱ"/>
		<feat xlink:href="#sSpan6701" value="ⲡⲣⲱⲙⲉ"/>
		<feat xlink:href="#sSpan6709" value="ⲛ̄ⲁⲛⲟⲙⲟⲥ"/>
		<feat xlink:href="#sSpan6717" value="ⲛ̄ⲛⲉϥϣⲟϫⲛⲉ"/>
		<feat xlink:href="#sSpan6727" value="."/>
		<feat xlink:href="#sSpan6731" value="ⲙⲁⲣⲉϥⲕⲟⲧ︤ϥ︥"/>
		<feat xlink:href="#sSpan6744" value="ⲉⲡϫⲟⲓ̈ⲥ"/>
		<feat xlink:href="#sSpan6753" value="ⲁⲩⲱ"/>
		<feat xlink:href="#sSpan6758" value="ϥⲛⲁⲛⲁ⳿"/>
		<feat xlink:href="#sSpan6766" value="ⲛⲁϥ"/>
		<feat xlink:href="#sSpan6772" value="·"/>
		<feat xlink:href="#sSpan6777" value="ϫⲉϥⲛⲁⲧⲁϣⲉⲕⲱ̂"/>
		<feat xlink:href="#sSpan6791" value="ⲉⲃⲟⲗ"/>
		<feat xlink:href="#sSpan6795" value="ⲉⲙⲁⲧⲉ"/>
		<feat xlink:href="#sSpan6800" value="ⲛ̄ⲛⲉⲧ︤ⲛ︥ⲛⲟⲃⲉ"/>
		<feat xlink:href="#sSpan6810" value="·"/>
		<feat xlink:href="#sSpan6814" value="ⲛⲉⲣⲉⲛⲁϣⲟϫⲛⲉ"/>
		<feat xlink:href="#sSpan6827" value="ⲅⲁⲣ"/>
		<feat xlink:href="#sSpan6831" value="ⲟ̂"/>
		<feat xlink:href="#sSpan6835" value="ⲁⲛ⳿"/>
		<feat xlink:href="#sSpan6840" value="ⲛ̄ⲑⲉ"/>
		<feat xlink:href="#sSpan6848" value="ⲛ̄ⲛⲉⲧ︤ⲛ︥ϣⲟϫⲛⲉ"/>
		<feat xlink:href="#sSpan6858" value="·"/>
		<feat xlink:href="#sSpan6862" value="ⲁⲩⲱ"/>
		<feat xlink:href="#sSpan6866" value="ⲛⲉⲣⲉⲛⲁϩⲓⲟⲟⲩⲉ⳿"/>
		<feat xlink:href="#sSpan6876" value="ⲟ̂"/>
		<feat xlink:href="#sSpan6881" value="ⲁⲛ⳿"/>
		<feat xlink:href="#sSpan6885" value="ⲛ̄ⲑⲉ"/>
		<feat xlink:href="#sSpan6893" value="ⲛ̄ⲛⲉⲧ︤ⲛ︥ϩⲓⲟⲟⲩⲉ⳿"/>
		<feat xlink:href="#sSpan6903" value="."/>
		<feat xlink:href="#sSpan6908" value="ⲁⲗⲗⲁ"/>
		<feat xlink:href="#sSpan6915" value="ⲛ̄ⲑⲉ"/>
		<feat xlink:href="#sSpan6924" value="ⲉⲧⲉⲣⲉⲧⲡⲉ"/>
		<feat xlink:href="#sSpan6934" value="ⲟⲩⲏⲩ"/>
		<feat xlink:href="#sSpan6938" value="ⲉⲃⲟⲗ⳿"/>
		<feat xlink:href="#sSpan6942" value="ⲙ̄ⲡⲕⲁϩ"/>
		<feat xlink:href="#sSpan6952" value="."/>
		<feat xlink:href="#sSpan6956" value="ⲧⲁⲓ̈"/>
		<feat xlink:href="#sSpan6960" value="ⲧⲉ"/>
		<feat xlink:href="#sSpan6965" value="ⲑⲉ"/>
		<feat xlink:href="#sSpan6971" value="ⲉⲧⲉⲣⲉⲧⲁϩⲓⲏ⳿"/>
		<feat xlink:href="#sSpan6981" value="ⲟⲩⲏⲩ"/>
		<feat xlink:href="#sSpan6985" value="ⲉⲃⲟⲗ"/>
		<feat xlink:href="#sSpan6990" value="ⲛ̄ⲧⲉⲧ︤ⲛ︥ϩⲓⲏ̂"/>
		<feat xlink:href="#sSpan7000" value="."/>
		<feat xlink:href="#sSpan7004" value="ⲁⲩⲱ"/>
		<feat xlink:href="#sSpan7008" value="ⲛⲉⲧ︤ⲛ︥ⲙⲉⲉⲩⲉ"/>
		<feat xlink:href="#sSpan7017" value="ⲙ̄ⲡⲁⲙⲉⲉⲩⲉ"/>
		<feat xlink:href="#sSpan7027" value="⸗"/>
		<feat xlink:href="#sSpan7031" value="ⲙ︤ⲛ︥ⲧ︦ⲕ̄ϭⲟⲙ"/>
		<feat xlink:href="#sSpan7045" value="ⲙ̄ⲙⲁⲩ"/>
		<feat xlink:href="#sSpan7049" value="ⲡⲇⲁⲓⲙⲟⲛⲓⲟⲛ⳿"/>
		<feat xlink:href="#sSpan7057" value="ⲛ̄ⲥⲁⲧⲁⲕⲟ̂"/>
		<feat xlink:href="#sSpan7065" value="·"/>
		<feat xlink:href="#sSpan7069" value="ⲟⲩⲙ︤ⲛ︦ⲧ︥ⲣⲉϥϫⲓ"/>
		<feat xlink:href="#sSpan7082" value="ⲟⲩⲁ̂"/>
		<feat xlink:href="#sSpan7086" value="ⲡⲉϫⲟⲟⲥ"/>
		<feat xlink:href="#sSpan7095" value="ϫⲉ"/>
		<feat xlink:href="#sSpan7099" value="ⲟⲩⲛ̄ϭⲟⲙ"/>
		<feat xlink:href="#sSpan7106" value="ⲙ̄ⲙⲟⲕ"/>
		<feat xlink:href="#sSpan7112" value="ⲉⲧⲁⲛⲟ̂"/>
		<feat xlink:href="#sSpan7119" value="·"/>
		<feat xlink:href="#sSpan7124" value="ⲏ̂"/>
		<feat xlink:href="#sSpan7128" value="ⲉⲣ⳿ⲟⲩϩⲱⲃ"/>
		<feat xlink:href="#sSpan7140" value="ⲉⲛⲁⲛⲟⲩϥ"/>
		<feat xlink:href="#sSpan7148" value="."/>
		<feat xlink:href="#sSpan7152" value="ⲛ̄ⲑⲉ"/>
		<feat xlink:href="#sSpan7161" value="ⲉⲧⲉⲣⲉⲛ̄ϩⲉⲗⲗⲏⲛ⳿"/>
		<feat xlink:href="#sSpan7172" value="ⲙⲉⲉⲩⲉ"/>
		<feat xlink:href="#sSpan7176" value="ⲉⲡⲁⲓ̈"/>
		<feat xlink:href="#sSpan7184" value="."/>
		<feat xlink:href="#sSpan7188" value="ϣⲁⲛⲧ︤ⲕ︥ⲧⲁⲁⲩ"/>
		<feat xlink:href="#sSpan7199" value="ⲉⲧⲟⲟ̂ⲧ︤ϥ︥"/>
		<feat xlink:href="#sSpan7205" value="ⲙ̄ⲡϣⲁⲁⲣ⳿"/>
		<feat xlink:href="#sSpan7215" value="ⲛ̄ⲧⲟⲣⲅⲏ⳿"/>
		<feat xlink:href="#sSpan7226" value="ⲙ̄ⲡⲛⲟⲩⲧⲉ"/>
		<feat xlink:href="#sSpan7235" value="⸗"/>
		<feat xlink:href="#sSpan7239" value="ⲻ"/>
		<feat xlink:href="#sSpan7244" value="ⲉϣⲁⲣⲉⲛⲉⲧⲉ"/>
		<feat xlink:href="#sSpan7260" value="ⲧⲉⲩⲥⲩⲛⲏⲑⲓⲁ⳿"/>
		<feat xlink:href="#sSpan7268" value="ⲡⲉ"/>
		<feat xlink:href="#sSpan7273" value="ⲙⲓϣⲉ"/>
		<feat xlink:href="#sSpan7277" value="ⲛ︤ⲙ︥ⲙⲁⲕ"/>
		<feat xlink:href="#sSpan7283" value="ϫⲟⲟⲥ"/>
		<feat xlink:href="#sSpan7290" value="ⲛ̄ⲧⲉⲓ̈ϩⲉ⳿"/>
		<feat xlink:href="#sSpan7298" value="ⲉⲧⲃⲉ"/>
		<feat xlink:href="#sSpan7304" value="ϫⲉ"/>
		<feat xlink:href="#sSpan7308" value="ⲕϯϩⲓⲥⲉ"/>
		<feat xlink:href="#sSpan7317" value="ⲛ̄ⲛⲉⲩⲥⲱⲙⲁ"/>
		<feat xlink:href="#sSpan7327" value="ϩ︤ⲛ︥ϩⲉⲛⲧⲕⲁⲥ⳿"/>
		<feat xlink:href="#sSpan7337" value="·"/>
		<feat xlink:href="#sSpan7341" value="ϫⲉⲥⲁϩⲱⲕ⳿"/>
		<feat xlink:href="#sSpan7352" value="ⲉⲃⲟⲗ⳿"/>
		<feat xlink:href="#sSpan7356" value="ⲛ̄ⲛⲥⲱⲙⲁ"/>
		<feat xlink:href="#sSpan7367" value="ⲙ̄ⲡⲉⲭ︤ⲥ"/>
		<feat xlink:href="#sSpan7378" value="ⲁⲩⲱ"/>
		<feat xlink:href="#sSpan7382" value="ⲛⲉϥⲙⲉⲗⲟⲥ⳿"/>
		<feat xlink:href="#sSpan7391" value="ϫⲉⲉⲩⲛⲁϩⲩⲡⲟⲧⲁⲥⲥⲉ⳿"/>
		<feat xlink:href="#sSpan7405" value="ⲛⲁϥ"/>
		<feat xlink:href="#sSpan7411" value="ⲁⲩⲱ"/>
		<feat xlink:href="#sSpan7416" value="ⲛ̄ⲥⲉϣ︤ⲙ︥ϣⲉ"/>
		<feat xlink:href="#sSpan7424" value="ⲛⲁϥ"/>
		<feat xlink:href="#sSpan7435" value="·"/>
		<feat xlink:href="#sSpan7439" value="ⲁⲩⲱ"/>
		<feat xlink:href="#sSpan7443" value="ⲛ̄ⲥⲉϣ︤ⲡ︥ϩⲙⲟⲧ⳿"/>
		<feat xlink:href="#sSpan7454" value="ⲛ̄ⲧⲟⲟⲧ︤ϥ︥"/>
		<feat xlink:href="#sSpan7461" value="ⲉⲩϩ︤ⲛ︥"/>
		<feat xlink:href="#sSpan7470" value="ⲛ̄ⲕⲉϣⲱⲛⲉ"/>
		<feat xlink:href="#sSpan7479" value="."/>
		<feat xlink:href="#sSpan7483" value="ⲉⲡⲟⲩⲱ̂ⲛ︤ϩ︥"/>
		<feat xlink:href="#sSpan7496" value="ⲉⲃⲟⲗ"/>
		<feat xlink:href="#sSpan7500" value="ϫⲉⲙ︤ⲛ︥ⲧⲁⲕϩⲏⲩ"/>
		<feat xlink:href="#sSpan7512" value="."/>
		<feat xlink:href="#sSpan7517" value="ⲏ̂"/>
		<feat xlink:href="#sSpan7521" value="ⲕⲛⲁϭ︤ⲛ︥ϩⲏⲩ"/>
		<feat xlink:href="#sSpan7532" value="ⲁⲛ⳿"/>
		<feat xlink:href="#sSpan7536" value="ϩ︤ⲛ︥ⲣⲱⲙⲉ"/>
		<feat xlink:href="#sSpan7544" value="ⲉϥⲣ̂ϩⲟⲧⲉ"/>
		<feat xlink:href="#sSpan7555" value="ϩⲏⲧ︤ϥ︥"/>
		<feat xlink:href="#sSpan7561" value="ⲙ̄ⲡⲛⲟⲩⲧⲉ"/>
		<feat xlink:href="#sSpan7571" value="⸗"/>
		<feat xlink:href="#sSpan7575" value="ⲛ̄ⲧⲁⲡⲇⲓⲕⲁⲓⲟⲥ"/>
		<feat xlink:href="#sSpan7593" value="ⲓ̈ⲱⲃ⳿"/>
		<feat xlink:href="#sSpan7598" value="ⲣ̂ⲣ︤ⲙ︥ⲙⲁⲟ̂"/>
		<feat xlink:href="#sSpan7604" value="ⲁⲛ⳿"/>
		<feat xlink:href="#sSpan7608" value="ϩ︤ⲙ︥ⲛⲛⲟⲩⲧⲉ"/>
		<feat xlink:href="#sSpan7618" value="ⲉⲧⲃⲉⲛⲉϥⲙ︤ⲛ︦ⲧ︥ⲛⲁ⳿"/>
		<feat xlink:href="#sSpan7630" value="ⲙⲁⲩⲁⲁⲩ"/>
		<feat xlink:href="#sSpan7636" value="·"/>
		<feat xlink:href="#sSpan7641" value="ⲁⲗⲗⲁ"/>
		<feat xlink:href="#sSpan7646" value="ⲉⲧⲃⲉⲛ̄ⲕⲉϣⲱⲛⲉ"/>
		<feat xlink:href="#sSpan7658" value="·"/>
		<feat xlink:href="#sSpan7663" value="ⲗⲁⲍⲁⲣⲟⲥ"/>
		<feat xlink:href="#sSpan7671" value="ⲟⲩ"/>
		<feat xlink:href="#sSpan7675" value="ⲙⲟⲛⲟⲛ⳿"/>
		<feat xlink:href="#sSpan7680" value="ϫⲉⲛⲉⲙ︤ⲛ︥ⲧⲁϥⲉϯ"/>
		<feat xlink:href="#sSpan7694" value="·"/>
		<feat xlink:href="#sSpan7699" value="ⲁⲗⲗⲁ"/>
		<feat xlink:href="#sSpan7703" value="ⲛⲉϥⲣⲡⲕⲉⲉⲡⲓⲑⲙⲉⲓ"/>
		<feat xlink:href="#sSpan7722" value="ⲉⲥⲓ̈"/>
		<feat xlink:href="#sSpan7728" value="ϩ︤ⲛ︥ⲛⲉϣⲁⲩϩⲉ⳿"/>
		<feat xlink:href="#sSpan7742" value="ⲉⲃⲟⲗ"/>
		<feat xlink:href="#sSpan7746" value="ϩ︤ⲛ︥ⲧⲉⲧⲣⲁⲡⲉⲍⲁ⳿"/>
		<feat xlink:href="#sSpan7757" value="ⲙ̄ⲡⲓⲣ︤ⲙ︥ⲙⲁⲟ̂"/>
		<feat xlink:href="#sSpan7769" value="ⲉⲧ︤ⲙ︥ⲙⲁⲩ"/>
		<feat xlink:href="#sSpan7776" value="·"/>
		<feat xlink:href="#sSpan7780" value="ⲁⲩⲱ"/>
		<feat xlink:href="#sSpan7786" value="ⲛ̄ⲧ︤ⲛ︥ⲛⲁⲩ"/>
		<feat xlink:href="#sSpan7795" value="ⲁⲛ⳿"/>
		<feat xlink:href="#sSpan7799" value="ⲉⲕⲉϩⲱⲃ⳿"/>
		<feat xlink:href="#sSpan7810" value="ⲉⲁⲩⲧⲉⲕ︤ϥ︥ⲉ"/>
		<feat xlink:href="#sSpan7823" value="ⲡⲧⲟⲡ̂"/>
		<feat xlink:href="#sSpan7831" value="ⲙ̄ⲡⲛⲟϭ"/>
		<feat xlink:href="#sSpan7840" value="ⲙ̄ⲡⲁⲧⲣⲓⲁⲣⲭⲏⲥ⳿"/>
		<feat xlink:href="#sSpan7848" value="ⲉⲧⲃⲏⲏⲧ︤ϥ︥"/>
		<feat xlink:href="#sSpan7856" value="ⲛ̄ⲥⲁϥⲓ"/>
		<feat xlink:href="#sSpan7864" value="ϩⲁϩⲉⲛϣⲱⲛⲉ"/>
		<feat xlink:href="#sSpan7874" value="⸗"/>
		<feat xlink:href="#sSpan7878" value="ⲻ"/>
		<feat xlink:href="#sSpan7882" value="ⲻⲻⲻ"/>
		<feat xlink:href="#sSpan7891" value="ⲻⲻⲻ"/>
		<feat xlink:href="#sSpan7896" value="ⲻⲻⲻ"/>
		<feat xlink:href="#sSpan7901" value="ⲻⲻⲻ"/>
		<feat xlink:href="#sSpan7907" value="ⲥⲓⲛⲟⲩⲑⲓⲟⲩ"/>
		<feat xlink:href="#sSpan7913" value="·"/>
		<feat xlink:href="#sSpan7918" value="ⲉⲡⲓⲥⲧⲟⲗⲏ̂"/>
		<feat xlink:href="#sSpan7923" value="⸗"/>
		<feat xlink:href="#sSpan7927" value="ⲻ"/></featList></paula>