<?xml version='1.0' encoding='UTF-8'?><!DOCTYPE paula SYSTEM "paula_feat.dtd">
<paula version="1.1">
	<header paula_id="scriptorium.shenoute.prince.XH195-204.mark_verse_n"/>
	<featList xmlns:xlink="http://www.w3.org/1999/xlink" type="verse_n" xml:base="scriptorium.shenoute.prince.XH195-204.mark.xml">
		<feat xlink:href="#sSpan9" value="7"/>
		<feat xlink:href="#sSpan44" value="1"/>
		<feat xlink:href="#sSpan157" value="2"/>
		<feat xlink:href="#sSpan215" value="3"/>
		<feat xlink:href="#sSpan318" value="1"/>
		<feat xlink:href="#sSpan408" value="2"/>
		<feat xlink:href="#sSpan488" value="1"/>
		<feat xlink:href="#sSpan644" value="2"/>
		<feat xlink:href="#sSpan795" value="3"/>
		<feat xlink:href="#sSpan1130" value="1"/>
		<feat xlink:href="#sSpan1170" value="2"/>
		<feat xlink:href="#sSpan1227" value="3"/>
		<feat xlink:href="#sSpan1302" value="4"/>
		<feat xlink:href="#sSpan1455" value="1"/>
		<feat xlink:href="#sSpan1483" value="2"/>
		<feat xlink:href="#sSpan1525" value="3"/>
		<feat xlink:href="#sSpan1721" value="1"/>
		<feat xlink:href="#sSpan1894" value="2"/>
		<feat xlink:href="#sSpan1927" value="3"/>
		<feat xlink:href="#sSpan2001" value="1"/>
		<feat xlink:href="#sSpan2140" value="2"/>
		<feat xlink:href="#sSpan2195" value="3"/>
		<feat xlink:href="#sSpan2317" value="1"/>
		<feat xlink:href="#sSpan2394" value="1"/>
		<feat xlink:href="#sSpan2632" value="2"/>
		<feat xlink:href="#sSpan2696" value="3"/>
		<feat xlink:href="#sSpan2735" value="4"/>
		<feat xlink:href="#sSpan2994" value="1"/>
		<feat xlink:href="#sSpan3061" value="2"/>
		<feat xlink:href="#sSpan3095" value="3"/>
		<feat xlink:href="#sSpan3139" value="4"/>
		<feat xlink:href="#sSpan3231" value="5"/>
		<feat xlink:href="#sSpan3355" value="1"/>
		<feat xlink:href="#sSpan3406" value="2"/>
		<feat xlink:href="#sSpan3506" value="3"/>
		<feat xlink:href="#sSpan3631" value="1"/>
		<feat xlink:href="#sSpan3670" value="2"/>
		<feat xlink:href="#sSpan3924" value="1"/>
		<feat xlink:href="#sSpan4004" value="2"/>
		<feat xlink:href="#sSpan4143" value="1"/>
		<feat xlink:href="#sSpan4301" value="1"/>
		<feat xlink:href="#sSpan4581" value="2"/>
		<feat xlink:href="#sSpan4719" value="3"/>
		<feat xlink:href="#sSpan4819" value="1"/>
		<feat xlink:href="#sSpan4917" value="2"/>
		<feat xlink:href="#sSpan5037" value="1"/>
		<feat xlink:href="#sSpan5087" value="2"/>
		<feat xlink:href="#sSpan5230" value="1"/>
		<feat xlink:href="#sSpan5340" value="2"/>
		<feat xlink:href="#sSpan5375" value="3"/>
		<feat xlink:href="#sSpan5474" value="4"/>
		<feat xlink:href="#sSpan5599" value="1"/>
		<feat xlink:href="#sSpan5664" value="2"/>
		<feat xlink:href="#sSpan5688" value="3"/>
		<feat xlink:href="#sSpan5755" value="4"/>
		<feat xlink:href="#sSpan5795" value="5"/>
		<feat xlink:href="#sSpan5903" value="6"/>
		<feat xlink:href="#sSpan5938" value="1"/>
		<feat xlink:href="#sSpan6087" value="2"/>
		<feat xlink:href="#sSpan6229" value="1"/>
		<feat xlink:href="#sSpan6318" value="1"/>
		<feat xlink:href="#sSpan6556" value="2"/>
		<feat xlink:href="#sSpan6650" value="3"/>
		<feat xlink:href="#sSpan6724" value="4"/>
		<feat xlink:href="#sSpan6807" value="5"/>
		<feat xlink:href="#sSpan6901" value="6"/>
		<feat xlink:href="#sSpan7024" value="1"/>
		<feat xlink:href="#sSpan7063" value="2"/>
		<feat xlink:href="#sSpan7238" value="1"/>
		<feat xlink:href="#sSpan7335" value="2"/>
		<feat xlink:href="#sSpan7476" value="3"/>
		<feat xlink:href="#sSpan7568" value="1"/>
		<feat xlink:href="#sSpan7656" value="2"/>
		<feat xlink:href="#sSpan7773" value="3"/>
		<feat xlink:href="#sSpan7878" value="1"/></featList></paula>