<?xml version='1.0' encoding='UTF-8'?><!DOCTYPE paula SYSTEM "paula_feat.dtd">
<paula version="1.1">
	<header paula_id="scriptorium.shenoute.prince.XH195-204.mark_chapter_n"/>
	<featList xmlns:xlink="http://www.w3.org/1999/xlink" type="chapter_n" xml:base="scriptorium.shenoute.prince.XH195-204.mark.xml">
		<feat xlink:href="#sSpan7" value="28"/>
		<feat xlink:href="#sSpan45" value="29"/>
		<feat xlink:href="#sSpan319" value="30"/>
		<feat xlink:href="#sSpan489" value="31"/>
		<feat xlink:href="#sSpan1131" value="32"/>
		<feat xlink:href="#sSpan1456" value="33"/>
		<feat xlink:href="#sSpan1721" value="34"/>
		<feat xlink:href="#sSpan2009" value="35"/>
		<feat xlink:href="#sSpan2324" value="36"/>
		<feat xlink:href="#sSpan2404" value="37"/>
		<feat xlink:href="#sSpan3004" value="38"/>
		<feat xlink:href="#sSpan3365" value="39"/>
		<feat xlink:href="#sSpan3641" value="40"/>
		<feat xlink:href="#sSpan3934" value="41"/>
		<feat xlink:href="#sSpan4150" value="42"/>
		<feat xlink:href="#sSpan4311" value="43"/>
		<feat xlink:href="#sSpan4829" value="44"/>
		<feat xlink:href="#sSpan5047" value="45"/>
		<feat xlink:href="#sSpan5240" value="46"/>
		<feat xlink:href="#sSpan5609" value="47"/>
		<feat xlink:href="#sSpan5945" value="48"/>
		<feat xlink:href="#sSpan6033" value="49"/>
		<feat xlink:href="#sSpan6236" value="50"/>
		<feat xlink:href="#sSpan6328" value="51"/>
		<feat xlink:href="#sSpan7034" value="52"/>
		<feat xlink:href="#sSpan7248" value="53"/>
		<feat xlink:href="#sSpan7578" value="54"/>
		<feat xlink:href="#sSpan7885" value="55"/></featList></paula>