<?xml version='1.0' encoding='UTF-8'?><!DOCTYPE paula SYSTEM "paula_feat.dtd">
<paula version="1.1">
	<header paula_id="scriptorium.1Cor_08.mark_lang"/>
	<featList xmlns:xlink="http://www.w3.org/1999/xlink" type="lang" xml:base="scriptorium.1Cor_08.mark.xml">
		<feat xlink:href="#sSpan14" value="Greek"/>
		<feat xlink:href="#sSpan26" value="Greek"/>
		<feat xlink:href="#sSpan90" value="Greek"/>
		<feat xlink:href="#sSpan93" value="Greek"/>
		<feat xlink:href="#sSpan189" value="Greek"/>
		<feat xlink:href="#sSpan270" value="Greek"/>
		<feat xlink:href="#sSpan292" value="Greek"/>
		<feat xlink:href="#sSpan302" value="Greek"/>
		<feat xlink:href="#sSpan333" value="Greek"/>
		<feat xlink:href="#sSpan343" value="Greek"/>
		<feat xlink:href="#sSpan380" value="Greek"/>
		<feat xlink:href="#sSpan398" value="Greek"/>
		<feat xlink:href="#sSpan558" value="Hebrew"/>
		<feat xlink:href="#sSpan567" value="Greek"/>
		<feat xlink:href="#sSpan614" value="Greek"/>
		<feat xlink:href="#sSpan658" value="Greek"/>
		<feat xlink:href="#sSpan679" value="Greek"/>
		<feat xlink:href="#sSpan700" value="Greek"/>
		<feat xlink:href="#sSpan714" value="Greek"/>
		<feat xlink:href="#sSpan727" value="Greek"/>
		<feat xlink:href="#sSpan760" value="Greek"/>
		<feat xlink:href="#sSpan769" value="Greek"/>
		<feat xlink:href="#sSpan791" value="Greek"/>
		<feat xlink:href="#sSpan822" value="Greek"/>
		<feat xlink:href="#sSpan862" value="Greek"/>
		<feat xlink:href="#sSpan867" value="Greek"/>
		<feat xlink:href="#sSpan879" value="Greek"/>
		<feat xlink:href="#sSpan925" value="Greek"/>
		<feat xlink:href="#sSpan985" value="Greek"/>
		<feat xlink:href="#sSpan1006" value="Greek"/>
		<feat xlink:href="#sSpan1018" value="Greek"/>
		<feat xlink:href="#sSpan1053" value="Greek"/>
		<feat xlink:href="#sSpan1073" value="Greek"/>
		<feat xlink:href="#sSpan1122" value="Greek"/>
		<feat xlink:href="#sSpan1148" value="Greek"/>
		<feat xlink:href="#sSpan1202" value="Greek"/>
		<feat xlink:href="#sSpan1228" value="Greek"/>
		<feat xlink:href="#sSpan1264" value="Greek"/>
		<feat xlink:href="#sSpan1301" value="Greek"/></featList></paula>