<?xml version="1.0" encoding="UTF-8" standalone="no"?>

<!DOCTYPE paula SYSTEM "paula_mark.dtd">
<paula version="1.0">

<header paula_id="Abraham.ZHfrgmts1a_d_merge_pSeg"/>

<markList xmlns:xlink="http://www.w3.org/1999/xlink" type="pSeg" xml:base="Abraham.ZHfrgmts1a_d_merge.tok.xml">
<mark id="p_1" xlink:href="#xpointer(id('tok_1')/range-to(id('tok_512')))"/><!-- ϩ̣ⲉⲛ...: -->
<mark id="p_513" xlink:href="#xpointer(id('tok_513')/range-to(id('tok_652')))"/><!-- ⲉ...: -->
<mark id="p_653" xlink:href="#xpointer(id('tok_653')/range-to(id('tok_681')))"/><!-- [.]ⲙ...· -->
<mark id="p_682" xlink:href="#xpointer(id('tok_682')/range-to(id('tok_755')))"/><!-- ⲛ...ⲓ︤ⲥ︥ -->
<mark id="p_756" xlink:href="#xpointer(id('tok_756')/range-to(id('tok_935')))"/><!-- ⲁⲩⲱ...· -->
<mark id="p_936" xlink:href="#xpointer(id('tok_936')/range-to(id('tok_973')))"/><!-- ⲟ᷍ⲩ...: -->
<mark id="p_974" xlink:href="#xpointer(id('tok_974')/range-to(id('tok_1027')))"/><!-- ⲉ...ⲧⲉ -->
<mark id="p_1028" xlink:href="#xpointer(id('tok_1028')/range-to(id('tok_1102')))"/><!-- ⲁϣ...· -->
<mark id="p_1103" xlink:href="#xpointer(id('tok_1103')/range-to(id('tok_1275')))"/><!-- ⲁϣ...ⲙⲟⲩ -->
<mark id="p_1276" xlink:href="#xpointer(id('tok_1276')/range-to(id('tok_1280')))"/><!-- ....ϭⲉ -->
</markList>
</paula>
