<?xml version="1.0" encoding="UTF-8" standalone="no"?>

<!DOCTYPE paula SYSTEM "paula_feat.dtd">
<paula version="1.0">

<header paula_id="Abraham.ZHfrgmts1a_d_merge_dipl_word"/>

<featList xmlns:xlink="http://www.w3.org/1999/xlink" type="dipl_word" xml:base="Abraham.ZHfrgmts1a_d_merge.dipl_wordSeg.xml">
<feat xlink:href="#dipl_word_1" value="ϩ̣ⲉⲛⲣⲱⲙⲉ"/><!-- ϩ̣ⲉⲛ -->
<feat xlink:href="#dipl_word_3" value="ⲇⲉ"/><!-- ⲇⲉ -->
<feat xlink:href="#dipl_word_4" value="ⲛ̄ⲧⲟϥ"/><!-- ⲛ̄ⲧⲟϥ -->
<feat xlink:href="#dipl_word_5" value="ⲉⲙ︤ⲛ︦ⲧ︥ⲁⲩ"/><!-- ⲉ -->
<feat xlink:href="#dipl_word_8" value="ⲙ̄ⲙⲁⲩ"/><!-- ⲙ̄ -->
<feat xlink:href="#dipl_word_11" value="ⲛ̄ϩⲉⲛϣⲏⲣⲉ"/><!-- ⲛ̄ -->
<feat xlink:href="#dipl_word_14" value="ⲙ︤ⲛ︥"/><!-- ⲙ︤ⲛ︥ -->
<feat xlink:href="#dipl_word_15" value="ϩⲉⲛϣⲉⲉⲣⲉ"/><!-- ϩⲉⲛ -->
<feat xlink:href="#dipl_word_17" value="ⲕⲁⲧⲁⲥⲁⲣⲝ"/><!-- ⲕⲁⲧⲁ -->
<feat xlink:href="#dipl_word_19" value="·"/><!-- · -->
<feat xlink:href="#dipl_word_20" value="ⲏ̂"/><!-- ⲏ̂ -->
<feat xlink:href="#dipl_word_21" value="ⲛ̄ⲧⲟϥ`"/><!-- ⲛ̄ⲧⲟϥ` -->
<feat xlink:href="#dipl_word_22" value="ⲉⲩⲛ̄ⲧⲁⲩ"/><!-- ⲉ -->
<feat xlink:href="#dipl_word_26" value=","/><!-- , -->
<feat xlink:href="#dipl_word_27" value="ⲁⲩⲱ"/><!-- ⲁⲩⲱ -->
<feat xlink:href="#dipl_word_28" value="ⲛ̄ⲥⲉⲁⲡⲟⲧⲁⲥⲥⲉ"/><!-- ⲛ̄ -->
<feat xlink:href="#dipl_word_32" value="ⲙ̄ⲙⲟⲟⲩ"/><!-- ⲙ̄ⲙⲟ -->
<feat xlink:href="#dipl_word_34" value="ⲙ︤ⲛ︥"/><!-- ⲙ︤ⲛ︥ -->
<feat xlink:href="#dipl_word_35" value="ϩⲉ⳯ϩⲩⲡⲁⲣⲭⲟ⳯ⲛⲧⲁ"/><!-- ϩⲉ⳯ -->
<feat xlink:href="#dipl_word_38" value="ⲉⲛⲁϣⲱⲟⲩ"/><!-- ⲉ -->
<feat xlink:href="#dipl_word_41" value="·"/><!-- · -->
<feat xlink:href="#dipl_word_42" value="ⲉⲩⲟⲩⲱϣ`"/><!-- ⲉ -->
<feat xlink:href="#dipl_word_46" value="ⲉⲙⲟⲟϣⲉ"/><!-- ⲉ -->
<feat xlink:href="#dipl_word_49" value="ⲕⲁⲧⲁⲡⲉⲙⲡϣⲁ"/><!-- ⲕⲁⲧⲁ -->
<feat xlink:href="#dipl_word_52" value="ⲙ̄ⲡⲧⲱϩ︤ⲙ︥"/><!-- ⲙ̄ -->
<feat xlink:href="#dipl_word_55" value="ⲙ̄ⲡⲉⲛⲧⲁϥⲧⲁϩ︤ⲙ︥ⲟⲩ"/><!-- ⲙ̄ -->
<feat xlink:href="#dipl_word_62" value="ⲉⲡⲉⲓ̈ⲃⲓⲟⲥ"/><!-- ⲉ -->
<feat xlink:href="#dipl_word_65" value="ⲡⲁⲓ̈"/><!-- ⲡⲁⲓ̈ -->
<feat xlink:href="#dipl_word_66" value="·"/><!-- · -->
<feat xlink:href="#dipl_word_67" value="ⲛⲁⲓ̈"/><!-- ⲛⲁⲓ̈ -->
<feat xlink:href="#dipl_word_68" value="ⲛⲉ"/><!-- ⲛⲉ -->
<feat xlink:href="#dipl_word_69" value="ⲛ̄ⲥⲓⲟⲩⲣ"/><!-- ⲛ̄ -->
<feat xlink:href="#dipl_word_71" value="ⲙ︤ⲛ︥"/><!-- ⲙ︤ⲛ︥ -->
<feat xlink:href="#dipl_word_72" value="ⲙ̄ⲡⲁⲣⲑⲉⲛⲟⲥ"/><!-- ⲙ̄ -->
<feat xlink:href="#dipl_word_75" value="."/><!-- . -->
<feat xlink:href="#dipl_word_76" value="ⲉⲧⲉⲛ̄ⲧⲱⲧ︤ⲛ︥"/><!-- ⲉ -->
<feat xlink:href="#dipl_word_79" value="ⲡⲉ"/><!-- ⲡⲉ -->
<feat xlink:href="#dipl_word_80" value="ⲛⲉⲥⲛⲏⲩ"/><!-- ⲛⲉ -->
<feat xlink:href="#dipl_word_82" value="ⲙ︤ⲛ︥"/><!-- ⲙ︤ⲛ︥ -->
<feat xlink:href="#dipl_word_83" value="ⲟⲩⲟⲛ"/><!-- ⲟⲩⲟⲛ -->
<feat xlink:href="#dipl_word_84" value="ⲛⲓⲙ"/><!-- ⲛⲓⲙ -->
<feat xlink:href="#dipl_word_85" value="ⲉⲧⲉⲅⲕⲣⲁⲧⲉⲩⲉ"/><!-- ⲉⲧ -->
<feat xlink:href="#dipl_word_88" value="ⲙ̄ⲙⲟⲟⲩ"/><!-- ⲙ̄ⲙⲟ -->
<feat xlink:href="#dipl_word_90" value="ϩ︤ⲙ︥ⲙⲁ⳱"/><!-- ϩ︤ⲙ︥ -->
<feat xlink:href="#dipl_word_92" value="ⲛⲓⲙ"/><!-- ⲛⲓⲙ -->
<feat xlink:href="#dipl_word_93" value="ϩ︤ⲙ︥ⲡⲕⲁϩ"/><!-- ϩ︤ⲙ︥ -->
<feat xlink:href="#dipl_word_96" value="ⲧⲏⲣ︤ϥ︥"/><!-- ⲧⲏⲣ︤ -->
<feat xlink:href="#dipl_word_98" value="·"/><!-- · -->
<feat xlink:href="#dipl_word_99" value="ⲉⲓⲧⲉ"/><!-- ⲉⲓⲧⲉ -->
<feat xlink:href="#dipl_word_100" value="ⲛⲉⲧⲉⲛ̄ⲥⲉⲥⲟⲟⲩ⳯"/><!-- ⲛ -->
<feat xlink:href="#dipl_word_105" value="ⲁⲛ"/><!-- ⲁⲛ -->
<feat xlink:href="#dipl_word_106" value="ϫⲉ"/><!-- ϫⲉ -->
<feat xlink:href="#dipl_word_107" value="ⲟ᷍ⲩ"/><!-- ⲟ᷍ⲩ -->
<feat xlink:href="#dipl_word_108" value="ⲡⲉ"/><!-- ⲡⲉ -->
<feat xlink:href="#dipl_word_109" value="ⲡⲅⲁⲙⲟⲥ"/><!-- ⲡ -->
<feat xlink:href="#dipl_word_111" value="ⲉⲧⲧⲁⲉⲓⲏⲩ"/><!-- ⲉⲧ -->
<feat xlink:href="#dipl_word_113" value="ⲙ︤ⲛ︥"/><!-- ⲙ︤ⲛ︥ -->
<feat xlink:href="#dipl_word_114" value="ⲡⲙⲁ⳱"/><!-- ⲡ -->
<feat xlink:href="#dipl_word_116" value="ⲛ̄ⲛ̄ⲕⲟⲧ︤ⲕ︥"/><!-- ⲛ̄ -->
<feat xlink:href="#dipl_word_119" value="ⲉⲧ︤ⲃ︥ⲃⲏⲩ"/><!-- ⲉⲧ︤ⲃ︥ⲃⲏ -->
<feat xlink:href="#dipl_word_121" value="·"/><!-- · -->
<feat xlink:href="#dipl_word_122" value="ⲉⲓⲧⲉ"/><!-- ⲉⲓⲧⲉ -->
<feat xlink:href="#dipl_word_123" value="ⲛⲉⲛⲧⲁⲩϫⲓϩⲓⲙⲉ"/><!-- ⲛⲉ -->
<feat xlink:href="#dipl_word_129" value="ⲙ︤ⲛ︥"/><!-- ⲙ︤ⲛ︥ -->
<feat xlink:href="#dipl_word_130" value="ⲛⲉⲛⲧⲁⲩϫⲓϩⲁⲓ̈"/><!-- ⲛⲉ -->
<feat xlink:href="#dipl_word_136" value="·"/><!-- · -->
<feat xlink:href="#dipl_word_137" value=" "/><!--   -->
<feat xlink:href="#dipl_word_138" value="ⲁⲩⲱ"/><!-- ⲁⲩⲱ -->
<feat xlink:href="#dipl_word_139" value="ⲛ̄ⲧⲉⲣⲟⲩⲣ̄ϩⲛⲁⲩ"/><!-- ⲛ̄ⲧⲉⲣ -->
<feat xlink:href="#dipl_word_143" value="ⲉⲃⲟⲗ"/><!-- ⲉⲃⲟⲗ -->
<feat xlink:href="#dipl_word_144" value="ϩⲓⲧ︤ⲙ︥ⲡⲛⲟⲩⲧⲉ"/><!-- ϩⲓⲧ︤ⲙ︥ -->
<feat xlink:href="#dipl_word_150" value="ϩ︤ⲙ︥ⲡϣⲟϫⲛⲉ"/><!-- ϩ︤ⲙ︥ -->
<feat xlink:href="#dipl_word_154" value="ⲙ̄ⲡⲉⲛⲧⲁϥϫⲟⲟⲥ"/><!-- ⲙ̄ -->
<feat xlink:href="#dipl_word_162" value="ϫⲉ"/><!-- ϫⲉ -->
<feat xlink:href="#dipl_word_163" value="ⲡⲉⲧⲉⲟⲩⲛϭⲟⲙ"/><!-- ⲡ -->
<feat xlink:href="#dipl_word_167" value="ⲙ̄ⲙⲟϥ"/><!-- ⲙ̄ⲙⲟ -->
<feat xlink:href="#dipl_word_169" value="ⲉϥⲓ̂"/><!-- ⲉ -->
<feat xlink:href="#dipl_word_171" value="."/><!-- . -->
<feat xlink:href="#dipl_word_172" value="ⲙⲁⲣⲉϥϥⲓ"/><!-- ⲙⲁⲣⲉ -->
<feat xlink:href="#dipl_word_175" value="·"/><!-- · -->
<feat xlink:href="#dipl_word_176" value="ⲁⲩⲁⲡⲟⲧⲁⲥⲥⲉ"/><!-- ⲁ -->
<feat xlink:href="#dipl_word_180" value="ⲙ̄ⲡⲅⲁⲙⲟⲥ"/><!-- ⲙ̄ -->
<feat xlink:href="#dipl_word_184" value="ⲉⲧⲧⲁⲉⲓⲏⲩ"/><!-- ⲉⲧ -->
<feat xlink:href="#dipl_word_187" value=","/><!-- , -->
<feat xlink:href="#dipl_word_188" value="ⲙ︤ⲛ︥"/><!-- ⲙ︤ⲛ︥ -->
<feat xlink:href="#dipl_word_189" value="ⲡⲙⲁ⳱"/><!-- ⲡ -->
<feat xlink:href="#dipl_word_191" value="ⲛ̄ⲛ̄ⲕⲟⲧⲕ"/><!-- ⲛ̄ -->
<feat xlink:href="#dipl_word_194" value="ⲉⲧⲧ︤ⲃ︥ⲃⲏⲩ"/><!-- ⲉⲧ -->
<feat xlink:href="#dipl_word_197" value="ⲁⲩⲱ"/><!-- ⲁⲩⲱ -->
<feat xlink:href="#dipl_word_198" value="ⲁⲩⲁⲡⲟⲧⲁⲥⲥⲉ"/><!-- ⲁ -->
<feat xlink:href="#dipl_word_201" value="ⲛ̄ⲛⲉⲩϣⲏⲣⲉ"/><!-- ⲛ̄ -->
<feat xlink:href="#dipl_word_205" value="ⲙ︤ⲛ︥"/><!-- ⲙ︤ⲛ︥ -->
<feat xlink:href="#dipl_word_206" value="ⲛⲉⲩϣⲉⲉⲣⲉ"/><!-- ⲛⲉⲩ -->
<feat xlink:href="#dipl_word_208" value="·"/><!-- · -->
<feat xlink:href="#dipl_word_209" value="⸖"/><!-- ⸖ -->
<feat xlink:href="#dipl_word_210" value="ⲙ︤ⲛ︥"/><!-- ⲙ︤ⲛ︥ -->
<feat xlink:href="#dipl_word_211" value="ⲛⲉⲩⲥⲛⲏⲩ"/><!-- ⲛⲉⲩ -->
<feat xlink:href="#dipl_word_213" value="ⲙ︤ⲛ︥"/><!-- ⲙ︤ⲛ︥ -->
<feat xlink:href="#dipl_word_214" value="ⲛⲉⲩⲉⲓⲟⲧⲉ"/><!-- ⲛⲉⲩ -->
<feat xlink:href="#dipl_word_217" value="."/><!-- . -->
<feat xlink:href="#dipl_word_218" value=" "/><!--   -->
<feat xlink:href="#dipl_word_219" value="ⲙ︤ⲛ︥"/><!-- ⲙ︤ⲛ︥ -->
<feat xlink:href="#dipl_word_220" value="ϩⲛⲁⲩ"/><!-- ϩⲛⲁⲩ -->
<feat xlink:href="#dipl_word_221" value="ⲛⲓⲙ"/><!-- ⲛⲓⲙ -->
<feat xlink:href="#dipl_word_222" value="ⲉⲧϣⲟⲟⲡ"/><!-- ⲉⲧ -->
<feat xlink:href="#dipl_word_224" value="ⲛⲁⲩ"/><!-- ⲛⲁ -->
<feat xlink:href="#dipl_word_226" value="·"/><!-- · -->
<feat xlink:href="#dipl_word_227" value="ⲉⲩⲉⲓ̈ⲣⲉ"/><!-- ⲉ -->
<feat xlink:href="#dipl_word_231" value="ⲙ̄ⲡⲙⲉⲉⲩⲉ"/><!-- ⲙ̄ -->
<feat xlink:href="#dipl_word_235" value=","/><!-- , -->
<feat xlink:href="#dipl_word_236" value="ⲙ̄ⲡϣⲁϫⲉ"/><!-- ⲙ̄ -->
<feat xlink:href="#dipl_word_240" value="ⲙ̄ⲡϫⲟⲉⲓⲥ"/><!-- ⲙ̄ -->
<feat xlink:href="#dipl_word_244" value="."/><!-- . -->
<feat xlink:href="#dipl_word_245" value="ϫⲉ"/><!-- ϫⲉ -->
<feat xlink:href="#dipl_word_246" value="ⲡ[ⲉ̣ⲧ]ⲛⲏⲩ"/><!-- ⲡ -->
<feat xlink:href="#dipl_word_249" value="ϣⲁⲣ[ⲟ̣]ⲉⲓ"/><!-- ϣⲁⲣ[ⲟ̣] -->
<feat xlink:href="#dipl_word_251" value=","/><!-- , -->
<feat xlink:href="#dipl_word_252" value="ⲉϥⲙⲟⲥⲧⲉ"/><!-- ⲉ -->
<feat xlink:href="#dipl_word_255" value="ⲙ̄ⲡⲉϥⲉⲓⲱⲧ"/><!-- ⲙ̄ -->
<feat xlink:href="#dipl_word_258" value="ⲙ︤ⲛ︥"/><!-- ⲙ︤ⲛ︥ -->
<feat xlink:href="#dipl_word_259" value="ⲧⲉϥⲙⲁⲁⲩ"/><!-- ⲧⲉ -->
<feat xlink:href="#dipl_word_263" value="·"/><!-- · -->
<feat xlink:href="#dipl_word_264" value="ⲙ︤ⲛ︥"/><!-- ⲙ︤ⲛ︥ -->
<feat xlink:href="#dipl_word_265" value="ⲛⲉϥϣⲏⲣⲉ"/><!-- ⲛⲉϥ -->
<feat xlink:href="#dipl_word_267" value="·"/><!-- · -->
<feat xlink:href="#dipl_word_268" value="ⲙ︤ⲛ︥"/><!-- ⲙ︤ⲛ︥ -->
<feat xlink:href="#dipl_word_269" value="ⲛⲉϥⲥⲛⲏⲩ"/><!-- ⲛⲉϥ -->
<feat xlink:href="#dipl_word_271" value="ⲙ︤ⲛ︥"/><!-- ⲙ︤ⲛ︥ -->
<feat xlink:href="#dipl_word_272" value="ⲛⲉϥⲥⲱⲛⲉ"/><!-- ⲛⲉϥ -->
<feat xlink:href="#dipl_word_275" value=","/><!-- , -->
<feat xlink:href="#dipl_word_276" value="ⲉⲧⲓ"/><!-- ⲉⲧⲓ -->
<feat xlink:href="#dipl_word_277" value="ⲇⲉ"/><!-- ⲇⲉ -->
<feat xlink:href="#dipl_word_278" value="ⲧⲉϥⲕⲉⲯⲩⲭⲏ"/><!-- ⲧⲉ -->
<feat xlink:href="#dipl_word_283" value="."/><!-- . -->
<feat xlink:href="#dipl_word_284" value="ⲛⲁⲓ̈"/><!-- ⲛⲁⲓ̈ -->
<feat xlink:href="#dipl_word_285" value="ⲛ̄ⲧⲉⲓ̈ϩⲉ"/><!-- ⲛ̄ -->
<feat xlink:href="#dipl_word_288" value="ⲛⲉⲧⲛⲁϣϭ︤ⲙ︥ϭⲟⲙ"/><!-- ⲛ -->
<feat xlink:href="#dipl_word_293" value="ⲉⲣ̂ⲙⲁⲑⲏⲧⲏⲥ"/><!-- ⲉ -->
<feat xlink:href="#dipl_word_297" value="ⲙ̄ⲡϫⲟⲉⲓⲥ"/><!-- ⲙ̄ -->
<feat xlink:href="#dipl_word_301" value="ⲕⲁⲧⲁⲛⲉⲅⲣⲁⲫⲏ"/><!-- ⲕⲁⲧⲁ -->
<feat xlink:href="#dipl_word_304" value="·"/><!-- · -->
<feat xlink:href="#dipl_word_305" value="ⲁⲩⲱ"/><!-- ⲁⲩⲱ -->
<feat xlink:href="#dipl_word_306" value="ⲛⲁⲓ̈"/><!-- ⲛⲁⲓ̈ -->
<feat xlink:href="#dipl_word_307" value="ⲛⲉ"/><!-- ⲛⲉ -->
<feat xlink:href="#dipl_word_308" value="ⲛⲉⲥⲓⲟⲩⲣ"/><!-- ⲛⲉ -->
<feat xlink:href="#dipl_word_310" value="ⲉⲧⲉⲙ︤ⲛ︥ⲧⲟⲩϣⲏⲣⲉ"/><!-- ⲉⲧⲉ -->
<feat xlink:href="#dipl_word_314" value="ⲙ̄ⲙⲁⲩ"/><!-- ⲙ̄ⲙⲁⲩ -->
<feat xlink:href="#dipl_word_315" value="ⲛ̄ⲧⲉⲧⲥⲁⲣ︤ⲝ︥"/><!-- ⲛ̄ⲧⲉ -->
<feat xlink:href="#dipl_word_318" value="·"/><!-- · -->
<feat xlink:href="#dipl_word_319" value="ⲉⲁⲩϣⲱⲡⲉ"/><!-- ⲉ -->
<feat xlink:href="#dipl_word_323" value="ⲇⲉ"/><!-- ⲇⲉ -->
<feat xlink:href="#dipl_word_324" value="ⲛ̄ⲉⲓⲱⲧ"/><!-- ⲛ̄ -->
<feat xlink:href="#dipl_word_326" value="ⲛ̣̄ϩⲁϩ"/><!-- ⲛ̣̄ -->
<feat xlink:href="#dipl_word_328" value="ⲛ̄ϣⲏ[ⲣ̣]ⲉ"/><!-- ⲛ̄ -->
<feat xlink:href="#dipl_word_331" value="·"/><!-- · -->
<feat xlink:href="#dipl_word_332" value="ⲛ̄ⲧⲉⲡⲛⲟⲩⲧⲉ"/><!-- ⲛ̄ⲧⲉ -->
<feat xlink:href="#dipl_word_338" value="·"/><!-- · -->
<feat xlink:href="#dipl_word_339" value="ⲉⲃⲟⲗ"/><!-- ⲉⲃⲟⲗ -->
<feat xlink:href="#dipl_word_340" value="ϫⲉ"/><!-- ϫⲉ -->
<feat xlink:href="#dipl_word_341" value="ⲕⲁⲛ`"/><!-- ⲕⲁⲛ` -->
<feat xlink:href="#dipl_word_342" value="ⲉϣϫⲉ"/><!-- ⲉϣ -->
<feat xlink:href="#dipl_word_344" value="ⲙ︤ⲛ︥ⲧⲟⲩϣⲏⲣⲉ"/><!-- ⲙ︤ⲛ︥ⲧⲟⲩ -->
<feat xlink:href="#dipl_word_346" value=","/><!-- , -->
<feat xlink:href="#dipl_word_347" value="ⲙ̄ⲙⲁⲩ"/><!-- ⲙ̄ -->
<feat xlink:href="#dipl_word_349" value="."/><!-- . -->
<feat xlink:href="#dipl_word_350" value="ⲏ⳱"/><!-- ⲏ⳱ -->
<feat xlink:href="#dipl_word_351" value="ⲉϣϫⲉ"/><!-- ⲉϣ -->
<feat xlink:href="#dipl_word_353" value="ⲟⲩⲛ̄ⲧⲁⲩ"/><!-- ⲟⲩⲛ̄ⲧⲁ -->
<feat xlink:href="#dipl_word_355" value="."/><!-- . -->
<feat xlink:href="#dipl_word_356" value="ⲛ̄ⲧⲟϥ"/><!-- ⲛ̄ⲧⲟϥ -->
<feat xlink:href="#dipl_word_357" value="ⲙ̄ⲙⲁⲩ"/><!-- ⲙ̄ⲙⲁⲩ -->
<feat xlink:href="#dipl_word_358" value="."/><!-- . -->
<feat xlink:href="#dipl_word_359" value="ⲉⲁⲩⲁⲡⲟⲧⲁⲥⲥⲉ"/><!-- ⲉ -->
<feat xlink:href="#dipl_word_364" value="ⲙ̄ⲙⲟⲟⲩ"/><!-- ⲙ̄ⲙⲟ -->
<feat xlink:href="#dipl_word_366" value="ⲧⲏⲣⲟⲩ"/><!-- ⲧⲏⲣ -->
<feat xlink:href="#dipl_word_368" value="ⲙ︤ⲛ︥"/><!-- ⲙ︤ⲛ︥ -->
<feat xlink:href="#dipl_word_369" value="ϩⲛⲁⲩ"/><!-- ϩⲛⲁⲩ -->
<feat xlink:href="#dipl_word_370" value="ⲛⲓⲙ"/><!-- ⲛⲓⲙ -->
<feat xlink:href="#dipl_word_371" value="ⲉⲧϣⲟⲟⲡ"/><!-- ⲉⲧ -->
<feat xlink:href="#dipl_word_373" value="ⲛⲁⲩ"/><!-- ⲛⲁ -->
<feat xlink:href="#dipl_word_375" value="."/><!-- . -->
<feat xlink:href="#dipl_word_376" value=" "/><!--   -->
<feat xlink:href="#dipl_word_377" value="ⲁⲩϥⲓ"/><!-- ⲁ -->
<feat xlink:href="#dipl_word_380" value="ⲙ̄ⲡⲉⲩⲥⳁⲟⲥ"/><!-- ⲙ̄ -->
<feat xlink:href="#dipl_word_383" value="ⲁⲩⲟⲩⲁϩⲟⲩ"/><!-- ⲁ -->
<feat xlink:href="#dipl_word_387" value="ⲛ̄ⲥⲁ"/><!-- ⲛ̄ -->
<feat xlink:href="#dipl_word_389" value="ⲡϫⲟⲉⲓⲥ"/><!-- ⲡ -->
<feat xlink:href="#dipl_word_391" value="·"/><!-- · -->
<feat xlink:href="#dipl_word_392" value="ϩⲉⲛⲧⲉⲓ̈ⲙⲓⲛⲉ"/><!-- ϩⲉⲛ -->
<feat xlink:href="#dipl_word_396" value="ⲇⲉ"/><!-- ⲇⲉ -->
<feat xlink:href="#dipl_word_397" value="ⲛⲉ"/><!-- ⲛⲉ -->
<feat xlink:href="#dipl_word_398" value="ⲛⲉ⳯ⲉⲓⲟⲧⲉ"/><!-- ⲛⲉ⳯ -->
<feat xlink:href="#dipl_word_400" value=","/><!-- , -->
<feat xlink:href="#dipl_word_401" value="ⲉⲧⲟⲩⲁⲁⲃ"/><!-- ⲉ -->
<feat xlink:href="#dipl_word_404" value="ⲛⲉⲡⲣⲟⲫⲏⲧⲏⲥ"/><!-- ⲛⲉ -->
<feat xlink:href="#dipl_word_407" value="ⲙ︤ⲛ︥"/><!-- ⲙ︤ⲛ︥ -->
<feat xlink:href="#dipl_word_408" value="ⲛ̄ⲁⲡⲟⲥⲧⲟⲗⲟⲥ"/><!-- ⲛ̄ -->
<feat xlink:href="#dipl_word_411" value="·"/><!-- · -->
<feat xlink:href="#dipl_word_412" value="ⲛⲁⲓ̈"/><!-- ⲛⲁⲓ̈ -->
<feat xlink:href="#dipl_word_413" value="ⲛⲁⲙⲉ"/><!-- ⲛⲁⲙⲉ -->
<feat xlink:href="#dipl_word_414" value="ⲛ̄ⲧⲁⲩϣⲱⲡⲉ"/><!-- ⲛ̄ⲧⲁ -->
<feat xlink:href="#dipl_word_417" value="ⲛ̄ⲥⲓⲟⲩⲣ`"/><!-- ⲛ̄ -->
<feat xlink:href="#dipl_word_420" value="ⲉⲧⲃⲉ"/><!-- ⲉⲧⲃⲉ -->
<feat xlink:href="#dipl_word_421" value="ⲧⲙ︤ⲛ︦ⲧ︥ⲉⲣⲟ̂"/><!-- ⲧ -->
<feat xlink:href="#dipl_word_423" value="ⲙ̄ⲡⲛⲟⲩⲧⲉ"/><!-- ⲙ̄ -->
<feat xlink:href="#dipl_word_426" value="·"/><!-- · -->
<feat xlink:href="#dipl_word_427" value="ⲁⲩⲱ"/><!-- ⲁⲩⲱ -->
<feat xlink:href="#dipl_word_428" value="ⲧⲁⲓ̈"/><!-- ⲧⲁⲓ̈ -->
<feat xlink:href="#dipl_word_429" value="ⲧⲉ"/><!-- ⲧⲉ -->
<feat xlink:href="#dipl_word_430" value="ⲑⲉ"/><!-- ⲑ -->
<feat xlink:href="#dipl_word_432" value="ⲉⲛⲧⲁⲩϣⲱⲡⲉ"/><!-- ⲉⲛⲧ -->
<feat xlink:href="#dipl_word_436" value="ⲛ̄ⲉⲓⲱⲧ`"/><!-- ⲛ̄ -->
<feat xlink:href="#dipl_word_439" value="ⲛ̄ϩⲁϩ`"/><!-- ⲛ̄ -->
<feat xlink:href="#dipl_word_441" value="ⲛ̄ⲗⲁⲟⲥ"/><!-- ⲛ̄ -->
<feat xlink:href="#dipl_word_443" value="·"/><!-- · -->
<feat xlink:href="#dipl_word_444" value="ⲕⲁⲧⲁⲡϣⲁϫⲉ"/><!-- ⲕⲁⲧⲁ -->
<feat xlink:href="#dipl_word_447" value="ⲙ̄ⲡϫⲟⲉⲓⲥ"/><!-- ⲙ̄ -->
<feat xlink:href="#dipl_word_450" value="ϫⲉ"/><!-- ϫⲉ -->
<feat xlink:href="#dipl_word_451" value="ⲟⲩⲟⲛ"/><!-- ⲟⲩⲟⲛ -->
<feat xlink:href="#dipl_word_452" value="ⲛⲓⲙ"/><!-- ⲛⲓⲙ -->
<feat xlink:href="#dipl_word_453" value="ⲉⲛⲧⲁϥⲕⲁⲏⲉⲓ"/><!-- ⲉⲛⲧ -->
<feat xlink:href="#dipl_word_458" value="ⲛ̄ⲥⲱϥ"/><!-- ⲛ̄ⲥⲱ -->
<feat xlink:href="#dipl_word_460" value="·"/><!-- · -->
<feat xlink:href="#dipl_word_461" value="ⲏ̂"/><!-- ⲏ̂ -->
<feat xlink:href="#dipl_word_462" value="ⲥⲟⲛ"/><!-- ⲥⲟⲛ -->
<feat xlink:href="#dipl_word_463" value="."/><!-- . -->
<feat xlink:href="#dipl_word_464" value="ⲏ̂"/><!-- ⲏ̂ -->
<feat xlink:href="#dipl_word_465" value="ⲥⲱⲛⲉ"/><!-- ⲥⲱⲛⲉ -->
<feat xlink:href="#dipl_word_466" value="·"/><!-- · -->
<feat xlink:href="#dipl_word_467" value="ⲏ̂"/><!-- ⲏ̂ -->
<feat xlink:href="#dipl_word_468" value="ⲉⲓⲱⲧ"/><!-- ⲉⲓⲱⲧ -->
<feat xlink:href="#dipl_word_469" value="·"/><!-- · -->
<feat xlink:href="#dipl_word_470" value="ⲏ̂"/><!-- ⲏ̂ -->
<feat xlink:href="#dipl_word_471" value="ⲙⲁⲁⲩ"/><!-- ⲙⲁⲁⲩ -->
<feat xlink:href="#dipl_word_472" value="·"/><!-- · -->
<feat xlink:href="#dipl_word_473" value="ⲏ̂"/><!-- ⲏ̂ -->
<feat xlink:href="#dipl_word_474" value="ⲥϩⲓⲙⲉ"/><!-- ⲥϩⲓ -->
<feat xlink:href="#dipl_word_476" value="·"/><!-- · -->
<feat xlink:href="#dipl_word_477" value="ⲏ̂"/><!-- ⲏ̂ -->
<feat xlink:href="#dipl_word_478" value="ϣⲏⲣⲉ"/><!-- ϣⲏ -->
<feat xlink:href="#dipl_word_480" value="·"/><!-- · -->
<feat xlink:href="#dipl_word_481" value="ⲏ̂"/><!-- ⲏ̂ -->
<feat xlink:href="#dipl_word_482" value="ϣⲉⲉⲣⲉ"/><!-- ϣⲉⲉ -->
<feat xlink:href="#dipl_word_484" value="·"/><!-- · -->
<feat xlink:href="#dipl_word_485" value="ⲏ̂"/><!-- ⲏ̂ -->
<feat xlink:href="#dipl_word_486" value="ⲥⲱϣⲉ"/><!-- ⲥⲱ -->
<feat xlink:href="#dipl_word_488" value=","/><!-- , -->
<feat xlink:href="#dipl_word_489" value="ⲉⲧⲃⲉ"/><!-- ⲉⲧⲃⲉ -->
<feat xlink:href="#dipl_word_490" value="ⲡⲁⲣⲁⲛ"/><!-- ⲡⲁ -->
<feat xlink:href="#dipl_word_492" value="."/><!-- . -->
<feat xlink:href="#dipl_word_493" value="ϥⲛⲁϫⲓⲧⲟⲩ"/><!-- ϥ -->
<feat xlink:href="#dipl_word_497" value="ⲛ̄ϩⲁϩ`"/><!-- ⲛ̄ -->
<feat xlink:href="#dipl_word_499" value="ⲛ̄ⲕⲱⲃ`"/><!-- ⲛ̄ -->
<feat xlink:href="#dipl_word_501" value="ⲁⲩⲱ"/><!-- ⲁⲩⲱ -->
<feat xlink:href="#dipl_word_502" value="ⲛ︤ϥ︥ⲕⲗⲏⲣⲟⲛⲟⲙⲉⲓ"/><!-- ⲛ︤ -->
<feat xlink:href="#dipl_word_506" value=","/><!-- , -->
<feat xlink:href="#dipl_word_507" value="ⲙ̄ⲡⲱⲛ︤ϩ︥"/><!-- ⲙ̄ -->
<feat xlink:href="#dipl_word_510" value="ϣⲁⲉⲛⲉϩ"/><!-- ϣⲁ -->
<feat xlink:href="#dipl_word_512" value=":"/><!-- : -->
<feat xlink:href="#dipl_word_513" value="ⲉⲧⲃⲉ"/><!-- ⲉ -->
<feat xlink:href="#dipl_word_516" value="ⲡⲁⲓ̈"/><!-- ⲡⲁⲓ̈ -->
<feat xlink:href="#dipl_word_517" value="ⲛⲉⲥⲛⲏⲩ"/><!-- ⲛⲉ -->
<feat xlink:href="#dipl_word_519" value=","/><!-- , -->
<feat xlink:href="#dipl_word_520" value="ⲙ̄ⲡⲱⲣ`"/><!-- ⲙ̄ -->
<feat xlink:href="#dipl_word_522" value="ⲉⲧⲣⲉⲡⲟⲩⲁ`"/><!-- ⲉ -->
<feat xlink:href="#dipl_word_526" value="ⲡⲟⲩⲁ`"/><!-- ⲡ -->
<feat xlink:href="#dipl_word_528" value="ⲙ̄ⲙⲟⲛ"/><!-- ⲙ̄ⲙⲟ -->
<feat xlink:href="#dipl_word_530" value="ϩⲣⲟϣ`"/><!-- ϩⲣⲟϣ` -->
<feat xlink:href="#dipl_word_531" value="ⲉⲡⲉⲧϩⲓⲧⲟⲩⲱϥ"/><!-- ⲉ -->
<feat xlink:href="#dipl_word_536" value="ϩ︤ⲙ︥ⲡⲉⲛⲙⲉⲉⲩⲉ"/><!-- ϩ︤ⲙ︥ -->
<feat xlink:href="#dipl_word_539" value="ⲙ̄ⲙ︤ⲛ︦ⲧ︥ϣ︤ⲙ︥ⲙⲟ̂"/><!-- ⲙ̄ -->
<feat xlink:href="#dipl_word_541" value="ⲉⲧϣⲟⲟⲡ"/><!-- ⲉⲧ -->
<feat xlink:href="#dipl_word_543" value="ⲛϩⲏⲧ︤ⲛ︥"/><!-- ⲛϩⲏⲧ︤ -->
<feat xlink:href="#dipl_word_545" value="."/><!-- . -->
<feat xlink:href="#dipl_word_546" value="ⲉⲛⲡⲏϣ"/><!-- ⲉ -->
<feat xlink:href="#dipl_word_549" value="ϩ︤ⲙ︥ⲡⲉⲛϩⲏⲧ"/><!-- ϩ︤ⲙ︥ -->
<feat xlink:href="#dipl_word_552" value="ⲉϩⲟⲩⲛ"/><!-- ⲉϩⲟⲩⲛ -->
<feat xlink:href="#dipl_word_553" value="ⲉⲛⲉ⳯ⲉⲣⲏⲩ"/><!-- ⲉ -->
<feat xlink:href="#dipl_word_556" value="·"/><!-- · -->
<feat xlink:href="#dipl_word_557" value="ϫⲉ"/><!-- ϫⲉ -->
<feat xlink:href="#dipl_word_558" value="ⲥⲉⲁⲛⲁⲅⲕⲁⲍⲉ"/><!-- ⲥⲉ -->
<feat xlink:href="#dipl_word_561" value="ⲙ̄ⲙⲟⲛ"/><!-- ⲙ̄ⲙⲟ -->
<feat xlink:href="#dipl_word_563" value="ϩ︤ⲛ︥ⲛⲉⲛⲙⲟⲕⲙⲉⲕ"/><!-- ϩ︤ⲛ︥ -->
<feat xlink:href="#dipl_word_567" value="ⲙ̄ⲙ︤ⲛ︦ⲧ︥ⲥⲁⲃⲉ"/><!-- ⲙ̄ -->
<feat xlink:href="#dipl_word_570" value="ⲛⲁⲛ"/><!-- ⲛⲁ -->
<feat xlink:href="#dipl_word_572" value="[..]"/><!-- [..] -->
<feat xlink:href="#dipl_word_573" value="ⲙⲁⲩⲁⲁⲛ"/><!-- ⲙⲁⲩⲁⲁ -->
<feat xlink:href="#dipl_word_575" value="[..]"/><!-- [..] -->
<feat xlink:href="#dipl_word_576" value="ⲧ︤ⲙ︥ⲧⲣⲉⲛϥⲓ"/><!-- ⲧ︤ⲙ︥ -->
<feat xlink:href="#dipl_word_580" value="ⲡⲣⲟⲟⲩϣ"/><!-- ⲡ -->
<feat xlink:href="#dipl_word_582" value="ⲛ̄ⲛⲉⲛⲉⲣⲏⲩ"/><!-- ⲛ̄ -->
<feat xlink:href="#dipl_word_585" value="·"/><!-- · -->
<feat xlink:href="#dipl_word_586" value="ⲁⲗⲗⲁ"/><!-- ⲁⲗⲗⲁ -->
<feat xlink:href="#dipl_word_587" value="ϩⲱⲥ"/><!-- ϩⲱⲥ -->
<feat xlink:href="#dipl_word_588" value="ϣⲃ︤ⲣ︥"/><!-- ϣⲃ︤ⲣ︥ -->
<feat xlink:href="#dipl_word_589" value="ⲣ̂ϩⲱⲃ"/><!-- ⲣ̂ -->
<feat xlink:href="#dipl_word_591" value="ⲛ̄ⲧⲉⲡⲛⲟⲩⲧⲉ"/><!-- ⲛ̄ⲧⲉ -->
<feat xlink:href="#dipl_word_595" value="."/><!-- . -->
<feat xlink:href="#dipl_word_596" value="ⲙⲁⲣⲉⲡⲟⲩⲁ`"/><!-- ⲙⲁⲣⲉ -->
<feat xlink:href="#dipl_word_599" value="ⲡⲟⲩⲁ`"/><!-- ⲡ -->
<feat xlink:href="#dipl_word_601" value="ⲙ̄ⲙⲟⲛ"/><!-- ⲙ̄ⲙⲟ -->
<feat xlink:href="#dipl_word_603" value="ϥⲓ`ϩⲁⲡⲉⲧϩⲓⲧⲟⲩⲱϥ`"/><!-- ϥⲓ` -->
<feat xlink:href="#dipl_word_610" value="ⲉⲓⲧⲉ"/><!-- ⲉⲓⲧⲉ -->
<feat xlink:href="#dipl_word_611" value="ⲛⲟϭ"/><!-- ⲛⲟϭ -->
<feat xlink:href="#dipl_word_612" value="."/><!-- . -->
<feat xlink:href="#dipl_word_613" value="ⲉⲓⲧⲉ"/><!-- ⲉⲓⲧⲉ -->
<feat xlink:href="#dipl_word_614" value="ⲕⲟⲩⲓ̈"/><!-- ⲕⲟⲩⲓ̈ -->
<feat xlink:href="#dipl_word_615" value="·"/><!-- · -->
<feat xlink:href="#dipl_word_616" value="ⲁⲩⲱ"/><!-- ⲁⲩⲱ -->
<feat xlink:href="#dipl_word_617" value="ⲛ̄ⲧ︤ⲛ︥ⲙⲉⲣⲉⲟⲩⲱϩ`"/><!-- ⲛ̄ -->
<feat xlink:href="#dipl_word_621" value="ⲙ︤ⲛ︥"/><!-- ⲙ︤ⲛ︥ -->
<feat xlink:href="#dipl_word_622" value="ⲛⲉⲛⲉⲣⲏⲩ"/><!-- ⲛⲉⲛ -->
<feat xlink:href="#dipl_word_624" value="ϩ︤ⲛ︥ⲟⲩⲉⲓⲣⲏⲛⲏ"/><!-- ϩ︤ⲛ︥ -->
<feat xlink:href="#dipl_word_628" value="."/><!-- . -->
<feat xlink:href="#dipl_word_629" value="ⲁϫ︤ⲛ︥ⲛⲟⲃⲉ"/><!-- ⲁϫ︤ⲛ︥ -->
<feat xlink:href="#dipl_word_632" value="ϩⲓⲕⲣⲟϥ"/><!-- ϩⲓ -->
<feat xlink:href="#dipl_word_634" value="·"/><!-- · -->
<feat xlink:href="#dipl_word_635" value="ⲛ̄ⲑⲉ"/><!-- ⲛ̄ -->
<feat xlink:href="#dipl_word_638" value="ⲙ̄ⲡⲛⲟⲩⲧⲉ"/><!-- ⲙ̄ -->
<feat xlink:href="#dipl_word_644" value="ⲙ︤ⲛ︥"/><!-- ⲙ︤ⲛ︥ -->
<feat xlink:href="#dipl_word_645" value="ⲛⲉϥⲁⲅⲅⲉⲗⲟⲥ"/><!-- ⲛⲉϥ -->
<feat xlink:href="#dipl_word_647" value="ⲉⲧⲟⲩⲏϩ`"/><!-- ⲉⲧ -->
<feat xlink:href="#dipl_word_649" value="[.]ⲛ"/><!-- [.]ⲛ -->
<feat xlink:href="#dipl_word_650" value="ⲙ̄ⲡⲏⲩⲉ"/><!-- ⲙ̄ -->
<feat xlink:href="#dipl_word_652" value=":"/><!-- : -->
<feat xlink:href="#dipl_word_653" value="[.]ⲙ"/><!-- [.]ⲙ -->
<feat xlink:href="#dipl_word_654" value="ⲛ̄ϣⲏⲣⲉ"/><!-- ⲛ̄ -->
<feat xlink:href="#dipl_word_656" value="ⲛ̄ⲣ︤ⲙ︦ⲛ︥ϩⲏⲧ"/><!-- ⲛ̄ -->
<feat xlink:href="#dipl_word_659" value="ⲛⲉⲧⲛⲁⲉⲡⲓⲑⲩⲙⲉⲓ"/><!-- ⲛ -->
<feat xlink:href="#dipl_word_664" value="ⲁⲛ`"/><!-- ⲁⲛ` -->
<feat xlink:href="#dipl_word_665" value="ⲉⲣ̂ϩⲱⲃ`"/><!-- ⲉ -->
<feat xlink:href="#dipl_word_668" value="ⲉⲛϩⲱⲃ`"/><!-- ⲉ -->
<feat xlink:href="#dipl_word_671" value="ⲉⲧⲉⲣⲉⲡⲉⲩⲉⲓⲱⲧ"/><!-- ⲉⲧⲉ -->
<feat xlink:href="#dipl_word_675" value="ⲛ̄ⲇⲓⲕⲁⲓⲟⲥ"/><!-- ⲛ̄ -->
<feat xlink:href="#dipl_word_677" value="ⲣ̂ϩⲱⲃ`"/><!-- ⲣ̂ -->
<feat xlink:href="#dipl_word_679" value="ⲉⲣⲟϥ"/><!-- ⲉⲣⲟ -->
<feat xlink:href="#dipl_word_681" value="·"/><!-- · -->
<feat xlink:href="#dipl_word_682" value="ⲛⲓⲙ"/><!-- ⲛ -->
<feat xlink:href="#dipl_word_684" value="ⲛ̄ⲥⲟⲛ"/><!-- ⲛ̄ -->
<feat xlink:href="#dipl_word_686" value="ⲛ̄ⲥⲁⲃⲉ"/><!-- ⲛ̄ -->
<feat xlink:href="#dipl_word_688" value="ⲛ̄ⲉⲧⲛⲁⲟⲩⲁϩⲟⲩ"/><!-- ⲛ̄ -->
<feat xlink:href="#dipl_word_693" value="ⲁⲛ"/><!-- ⲁⲛ -->
<feat xlink:href="#dipl_word_694" value="ⲛⲥⲁⲡⲉⲥⲙⲟⲧ"/><!-- ⲛⲥⲁ -->
<feat xlink:href="#dipl_word_697" value="ⲛ̄ⲛⲉⲩⲥⲛⲏⲩ"/><!-- ⲛ̄ -->
<feat xlink:href="#dipl_word_700" value="ⲙ̄ⲡⲓⲥⲧⲟⲥ"/><!-- ⲙ̄ -->
<feat xlink:href="#dipl_word_703" value="ⲉⲟ̂"/><!-- ⲉ -->
<feat xlink:href="#dipl_word_705" value="ⲛ̄ⲛⲟϭ"/><!-- ⲛ̄ -->
<feat xlink:href="#dipl_word_707" value="ⲉⲣⲟⲟⲩ"/><!-- ⲉⲣⲟ -->
<feat xlink:href="#dipl_word_709" value=":"/><!-- : -->
<feat xlink:href="#dipl_word_710" value=" "/><!--   -->
<feat xlink:href="#dipl_word_711" value="ⲉⲧⲉⲡⲁⲓ̈"/><!-- ⲉⲧⲉ -->
<feat xlink:href="#dipl_word_713" value="ⲡⲉ"/><!-- ⲡⲉ -->
<feat xlink:href="#dipl_word_714" value="ϫⲉ"/><!-- ϫⲉ -->
<feat xlink:href="#dipl_word_715" value="ⲛⲓⲙ"/><!-- ⲛⲓⲙ -->
<feat xlink:href="#dipl_word_716" value="ⲛ̄ⲣⲱⲙⲉ"/><!-- ⲛ̄ -->
<feat xlink:href="#dipl_word_719" value="ⲛ̄ⲥⲟⲫⲟⲥ"/><!-- ⲛ̄ -->
<feat xlink:href="#dipl_word_721" value="ⲛⲉⲧⲛⲁⲉⲡⲓⲑⲩⲙⲉⲓ"/><!-- ⲛ -->
<feat xlink:href="#dipl_word_726" value="ⲁⲛ"/><!-- ⲁⲛ -->
<feat xlink:href="#dipl_word_727" value="ⲉⲣ̂ϩⲱⲃ`"/><!-- ⲉ -->
<feat xlink:href="#dipl_word_730" value="ⲉⲛⲉϩⲃⲏⲩⲉ"/><!-- ⲉ -->
<feat xlink:href="#dipl_word_733" value="ⲉⲧⲣⲉⲡⲉⲩⲉⲓⲱⲧ`"/><!-- ⲉ -->
<feat xlink:href="#dipl_word_737" value="ⲉⲧϩ︤ⲛ︥ⲙ̄ⲡⲏⲩⲉ"/><!-- ⲉⲧ -->
<feat xlink:href="#dipl_word_741" value="ⲣϩⲱⲃ"/><!-- ⲣ -->
<feat xlink:href="#dipl_word_743" value="ⲉⲣⲟⲟⲩ"/><!-- ⲉⲣⲟ -->
<feat xlink:href="#dipl_word_745" value="ⲉⲧⲉⲡⲛⲟⲩⲧⲉ"/><!-- ⲉⲧⲉ -->
<feat xlink:href="#dipl_word_751" value="ⲡⲉ"/><!-- ⲡⲉ -->
<feat xlink:href="#dipl_word_752" value="ⲙ︤ⲛ︥"/><!-- ⲙ︤ⲛ︥ -->
<feat xlink:href="#dipl_word_753" value="ⲡⲉ⳯ϫⲟⲉⲓⲥ"/><!-- ⲡⲉ⳯ -->
<feat xlink:href="#dipl_word_755" value="ⲓ︤ⲥ︥"/><!-- ⲓ︤ⲥ︥ -->
<feat xlink:href="#dipl_word_756" value="ⲁⲩⲱ"/><!-- ⲁⲩⲱ -->
<feat xlink:href="#dipl_word_757" value="ⲛ̄ⲥⲉⲟⲩⲁϩⲟⲩ"/><!-- ⲛ̄ -->
<feat xlink:href="#dipl_word_762" value="ⲛ̄ⲥⲁ"/><!-- ⲛ̄ⲥⲁ -->
<feat xlink:href="#dipl_word_763" value="ⲡⲉⲥⲙⲟⲧ"/><!-- ⲡⲉ -->
<feat xlink:href="#dipl_word_765" value="ⲛ̄ⲛ̄ⲁⲅⲅⲉⲗⲟⲥ"/><!-- ⲛ̄ -->
<feat xlink:href="#dipl_word_768" value="ⲙ̄ⲡϫⲟⲉⲓⲥ"/><!-- ⲙ̄ -->
<feat xlink:href="#dipl_word_771" value="."/><!-- . -->
<feat xlink:href="#dipl_word_772" value="ⲙ︤ⲛ︥"/><!-- ⲙ︤ⲛ︥ -->
<feat xlink:href="#dipl_word_773" value="ⲡⲉⲥⲙⲟⲧ"/><!-- ⲡⲉ -->
<feat xlink:href="#dipl_word_775" value="ⲛ̄ⲛⲉⲡⲣⲟⲫⲏⲧⲏⲥ"/><!-- ⲛ̄ -->
<feat xlink:href="#dipl_word_779" value="."/><!-- . -->
<feat xlink:href="#dipl_word_780" value="ⲙ︤ⲛ︥"/><!-- ⲙ︤ⲛ︥ -->
<feat xlink:href="#dipl_word_781" value="ⲡⲉⲥⲙⲟⲧ"/><!-- ⲡⲉ -->
<feat xlink:href="#dipl_word_783" value="ⲙ̄ⲡⲁⲩⲗⲟⲥ"/><!-- ⲙ̄ -->
<feat xlink:href="#dipl_word_785" value="ⲙ︤ⲛ︥"/><!-- ⲙ︤ⲛ︥ -->
<feat xlink:href="#dipl_word_786" value="ⲛ̄ⲁⲡⲟⲥⲧⲟⲗⲟⲥ"/><!-- ⲛ̄ -->
<feat xlink:href="#dipl_word_789" value="ⲧⲏⲣⲟⲩ"/><!-- ⲧⲏⲣ -->
<feat xlink:href="#dipl_word_791" value="ⲛⲁⲓ̈"/><!-- ⲛⲁⲓ̈ -->
<feat xlink:href="#dipl_word_792" value="ⲉⲛⲧⲁⲩϫⲟⲟⲥ"/><!-- ⲉⲛⲧ -->
<feat xlink:href="#dipl_word_798" value="ϫⲉ"/><!-- ϫⲉ -->
<feat xlink:href="#dipl_word_799" value="ⲟⲩⲉϩⲧⲏⲩⲧ︤ⲛ︥"/><!-- ⲟⲩ -->
<feat xlink:href="#dipl_word_802" value="ⲛ̄ⲥⲁ"/><!-- ⲛ̄ⲥⲁ -->
<feat xlink:href="#dipl_word_803" value="ⲡⲉⲛⲥⲙⲟⲧ"/><!-- ⲡⲉⲛ -->
<feat xlink:href="#dipl_word_805" value="ⲡⲉ⳯ⲧⲱϣ"/><!-- ⲡⲉ⳯ -->
<feat xlink:href="#dipl_word_807" value="."/><!-- . -->
<feat xlink:href="#dipl_word_808" value="ⲧⲉⲛⲡⲓⲥⲧⲓⲥ"/><!-- ⲧⲉ -->
<feat xlink:href="#dipl_word_811" value="ⲧⲉ⳯ⲙ︤ⲛ︦ⲧ︥ϩⲁⲣ︤ϣ︥ϩⲏⲧ`"/><!-- ⲧⲉ⳯ -->
<feat xlink:href="#dipl_word_814" value="ⲧⲉⲛⲁⲅⲁⲡⲏ"/><!-- ⲧⲉ -->
<feat xlink:href="#dipl_word_817" value="·"/><!-- · -->
<feat xlink:href="#dipl_word_818" value="ⲧⲉ⳯ϩⲩⲡⲟⲙⲟⲛⲏ"/><!-- ⲧⲉ⳯ -->
<feat xlink:href="#dipl_word_821" value=" "/><!--   -->
<feat xlink:href="#dipl_word_822" value="·"/><!-- · -->
<feat xlink:href="#dipl_word_823" value="ⲛⲉⲛⲇⲓⲱⲅⲙⲟⲥ"/><!-- ⲛⲉⲛ -->
<feat xlink:href="#dipl_word_825" value="·"/><!-- · -->
<feat xlink:href="#dipl_word_826" value="ⲛⲉⲛϩⲓⲥⲉ"/><!-- ⲛⲉⲛ -->
<feat xlink:href="#dipl_word_828" value="·"/><!-- · -->
<feat xlink:href="#dipl_word_829" value="ⲉⲓⲧⲁ"/><!-- ⲉⲓⲧⲁ -->
<feat xlink:href="#dipl_word_830" value="ⲟⲛ"/><!-- ⲟⲛ -->
<feat xlink:href="#dipl_word_831" value="ϫⲉ"/><!-- ϫⲉ -->
<feat xlink:href="#dipl_word_832" value="ⲁⲛⲧⲁⲁⲛ`"/><!-- ⲁ -->
<feat xlink:href="#dipl_word_836" value="ⲛⲏⲧ︤ⲛ︥"/><!-- ⲛⲏ -->
<feat xlink:href="#dipl_word_838" value="ⲛ̄ⲥⲙⲟⲧ"/><!-- ⲛ̄ -->
<feat xlink:href="#dipl_word_840" value="·"/><!-- · -->
<feat xlink:href="#dipl_word_841" value="ⲁⲩⲱ"/><!-- ⲁⲩⲱ -->
<feat xlink:href="#dipl_word_842" value="ⲟⲛ"/><!-- ⲟⲛ -->
<feat xlink:href="#dipl_word_843" value="ϫⲉ"/><!-- ϫⲉ -->
<feat xlink:href="#dipl_word_844" value="ϫⲓ̂"/><!-- ϫⲓ̂ -->
<feat xlink:href="#dipl_word_845" value="ϭⲉ"/><!-- ϭⲉ -->
<feat xlink:href="#dipl_word_846" value="ⲙ̄ⲡⲉⲥⲙⲟⲧ`"/><!-- ⲙ̄ -->
<feat xlink:href="#dipl_word_849" value="ⲛⲁⲥⲛⲏⲩ"/><!-- ⲛⲁ -->
<feat xlink:href="#dipl_word_851" value="ⲙ̄ⲡϩⲓⲥⲉ"/><!-- ⲙ̄ -->
<feat xlink:href="#dipl_word_855" value="ⲙ︤ⲛ︥"/><!-- ⲙ︤ⲛ︥ -->
<feat xlink:href="#dipl_word_856" value="ⲧⲙ︤ⲛ︦ⲧ︥ϩⲁⲣ︤ϣ︥ϩⲏⲧ"/><!-- ⲧ -->
<feat xlink:href="#dipl_word_860" value="ⲛ̄ⲛⲉⲡⲣⲟⲫⲏⲧⲏⲥ"/><!-- ⲛ̄ -->
<feat xlink:href="#dipl_word_864" value="·"/><!-- · -->
<feat xlink:href="#dipl_word_865" value="⸖"/><!-- ⸖ -->
<feat xlink:href="#dipl_word_866" value="ⲡⲁⲗⲓⲛ"/><!-- ⲡⲁⲗⲓⲛ -->
<feat xlink:href="#dipl_word_867" value="ⲟⲛ"/><!-- ⲟⲛ -->
<feat xlink:href="#dipl_word_868" value="ϫⲉ"/><!-- ϫⲉ -->
<feat xlink:href="#dipl_word_869" value="ⲉⲕⲉⲉⲓⲣⲉ"/><!-- ⲉⲕⲉ -->
<feat xlink:href="#dipl_word_871" value="ⲙ̄ⲙⲟⲕ`"/><!-- ⲙ̄ⲙⲟ -->
<feat xlink:href="#dipl_word_873" value="ⲛ̄ⲥⲙⲟⲧ`"/><!-- ⲛ̄ -->
<feat xlink:href="#dipl_word_875" value="ϩ︤ⲛ︥ϩⲱⲃ"/><!-- ϩ︤ⲛ︥ -->
<feat xlink:href="#dipl_word_877" value="ⲛⲓⲙ"/><!-- ⲛⲓⲙ -->
<feat xlink:href="#dipl_word_878" value="ⲉⲓⲧⲁ"/><!-- ⲉⲓⲧⲁ -->
<feat xlink:href="#dipl_word_879" value="ⲟⲛ"/><!-- ⲟⲛ -->
<feat xlink:href="#dipl_word_880" value="ϫ[ⲉ]"/><!-- ϫ[ⲉ] -->
<feat xlink:href="#dipl_word_881" value="ⲛ̄ϩ︤ⲗ︥ⲗⲱ̂"/><!-- ⲛ̄ -->
<feat xlink:href="#dipl_word_883" value="ⲟⲛ"/><!-- ⲟⲛ -->
<feat xlink:href="#dipl_word_884" value="ⲛ̄ⲧⲉⲓ̈ϩⲉ`"/><!-- ⲛ̄ -->
<feat xlink:href="#dipl_word_887" value="ϩ︤ⲛ︥ⲟⲩⲥⲙⲟⲧ"/><!-- ϩ︤ⲛ︥ -->
<feat xlink:href="#dipl_word_890" value="ⲉϥⲟⲩⲁⲁⲃ"/><!-- ⲉ -->
<feat xlink:href="#dipl_word_893" value="·"/><!-- · -->
<feat xlink:href="#dipl_word_894" value="ⲙⲁⲗⲓⲥⲧⲁ"/><!-- ⲙⲁⲗⲓⲥⲧⲁ -->
<feat xlink:href="#dipl_word_895" value="ⲇⲉ"/><!-- ⲇⲉ -->
<feat xlink:href="#dipl_word_896" value="ⲉⲣⲉⲧⲉⲅⲣⲁⲫⲏ"/><!-- ⲉⲣⲉ -->
<feat xlink:href="#dipl_word_900" value="ⲧⲁⲙⲟ̂"/><!-- ⲧⲁⲙⲟ̂ -->
<feat xlink:href="#dipl_word_901" value="ⲙ̄ⲙⲟⲛ`"/><!-- ⲙ̄ -->
<feat xlink:href="#dipl_word_904" value="ⲉⲧⲃⲉ"/><!-- ⲉⲧⲃⲉ -->
<feat xlink:href="#dipl_word_905" value="ⲡⲉⲛϫⲟⲉⲓⲥ"/><!-- ⲡⲉⲛ -->
<feat xlink:href="#dipl_word_907" value="ⲓ︤ⲥ︥"/><!-- ⲓ︤ⲥ︥ -->
<feat xlink:href="#dipl_word_908" value="."/><!-- . -->
<feat xlink:href="#dipl_word_909" value=" "/><!--   -->
<feat xlink:href="#dipl_word_910" value="ϫⲉ"/><!-- ϫⲉ -->
<feat xlink:href="#dipl_word_911" value="ⲡⲁⲓ̈"/><!-- ⲡⲁⲓ̈ -->
<feat xlink:href="#dipl_word_912" value="ⲉⲛⲧⲁϥⲕⲱ̂"/><!-- ⲉⲛⲧ -->
<feat xlink:href="#dipl_word_916" value="ⲛⲏⲧ︤ⲛ︥"/><!-- ⲛⲏ -->
<feat xlink:href="#dipl_word_918" value="ⲛ̄ⲟⲩⲥⲙⲟⲧ`"/><!-- ⲛ̄ -->
<feat xlink:href="#dipl_word_921" value="ϫⲉⲕⲁⲥ`"/><!-- ϫⲉ -->
<feat xlink:href="#dipl_word_923" value="ⲉⲧⲣⲉⲉⲧⲛⲁⲟⲩⲉϩⲧⲏⲩⲧ︤ⲛ︥"/><!-- ⲉ -->
<feat xlink:href="#dipl_word_930" value="ⲛ̄ⲥⲁ"/><!-- ⲛ̄ -->
<feat xlink:href="#dipl_word_932" value="ⲛⲉϥϩⲓⲟⲟⲩⲉ"/><!-- ⲛⲉϥ -->
<feat xlink:href="#dipl_word_935" value="·"/><!-- · -->
<feat xlink:href="#dipl_word_936" value="ⲟ᷍ⲩ"/><!-- ⲟ᷍ⲩ -->
<feat xlink:href="#dipl_word_937" value="ⲡⲉ"/><!-- ⲡⲉ -->
<feat xlink:href="#dipl_word_938" value="ⲡϩⲱⲃ`"/><!-- ⲡ -->
<feat xlink:href="#dipl_word_940" value="ⲙ̄ⲡⲛⲟⲩⲧⲉ"/><!-- ⲙ̄ -->
<feat xlink:href="#dipl_word_943" value="ⲙ︤ⲛ︥"/><!-- ⲙ︤ⲛ︥ -->
<feat xlink:href="#dipl_word_944" value="ⲡⲉⲛϫⲟⲉⲓⲥ"/><!-- ⲡⲉⲛ -->
<feat xlink:href="#dipl_word_947" value="ⲓ︤ⲥ︥"/><!-- ⲓ︤ⲥ︥ -->
<feat xlink:href="#dipl_word_948" value="."/><!-- . -->
<feat xlink:href="#dipl_word_949" value=" "/><!--   -->
<feat xlink:href="#dipl_word_950" value="ⲉⲓⲙⲏⲧⲓ"/><!-- ⲉⲓⲙⲏⲧⲓ -->
<feat xlink:href="#dipl_word_951" value=","/><!-- , -->
<feat xlink:href="#dipl_word_952" value="[ϩ̣]ⲃⲏⲩⲉ"/><!-- [ϩ̣]ⲃⲏⲩⲉ -->
<feat xlink:href="#dipl_word_953" value="ⲛ̄[.]ⲉϥϭⲓϫ"/><!-- ⲛ̄ -->
<feat xlink:href="#dipl_word_957" value="·"/><!-- · -->
<feat xlink:href="#dipl_word_958" value="⸖ⲛ̣ⲉϥϭⲓϫ"/><!-- ⸖ -->
<feat xlink:href="#dipl_word_961" value="ⲛⲉ⳯ⲧⲁⲩⲡⲗⲁⲥⲥⲉ"/><!-- ⲛⲉ -->
<feat xlink:href="#dipl_word_966" value="ⲙ̄ⲙⲟⲛ`"/><!-- ⲙ̄ⲙⲟ -->
<feat xlink:href="#dipl_word_968" value="ⲁⲩⲧⲁⲙⲓⲟⲛ"/><!-- ⲁ -->
<feat xlink:href="#dipl_word_973" value=":"/><!-- : -->
<feat xlink:href="#dipl_word_974" value="ⲉⲧⲃⲉ"/><!-- ⲉ -->
<feat xlink:href="#dipl_word_977" value="ⲡⲁⲓ̈"/><!-- ⲡⲁⲓ̈ -->
<feat xlink:href="#dipl_word_978" value="ⲕⲁⲧⲁⲛⲉⲅⲣⲁⲫⲏ"/><!-- ⲕⲁⲧⲁ -->
<feat xlink:href="#dipl_word_981" value="ⲡⲛⲟⲩⲧⲉ"/><!-- ⲡ -->
<feat xlink:href="#dipl_word_983" value="ⲁⲩⲱ"/><!-- ⲁⲩⲱ -->
<feat xlink:href="#dipl_word_984" value="ⲡⲉⲛϫⲟⲉⲓⲥ"/><!-- ⲡⲉⲛ -->
<feat xlink:href="#dipl_word_987" value="ⲓ︤ⲥ︥"/><!-- ⲓ︤ⲥ︥ -->
<feat xlink:href="#dipl_word_988" value="ⲣ̄ϩⲱⲃ"/><!-- ⲣ̄ -->
<feat xlink:href="#dipl_word_990" value="ⲉⲡⲟⲩϫⲁⲓ̈"/><!-- ⲉ -->
<feat xlink:href="#dipl_word_993" value="ⲛ̄ⲣⲱⲙⲉ"/><!-- ⲛ̄ -->
<feat xlink:href="#dipl_word_995" value="ⲛⲓⲙ"/><!-- ⲛⲓⲙ -->
<feat xlink:href="#dipl_word_996" value="ϣⲁϩⲣⲁⲓ̈"/><!-- ϣⲁ -->
<feat xlink:href="#dipl_word_998" value=","/><!-- , -->
<feat xlink:href="#dipl_word_999" value="ⲉⲧⲉⲛⲟⲩ"/><!-- ⲉ -->
<feat xlink:href="#dipl_word_1001" value="·"/><!-- · -->
<feat xlink:href="#dipl_word_1002" value="⸖"/><!-- ⸖ -->
<feat xlink:href="#dipl_word_1003" value="ⲕⲁⲧⲁⲡϣⲁϫⲉ"/><!-- ⲕⲁⲧⲁ -->
<feat xlink:href="#dipl_word_1007" value="ⲙ̄ⲡⲁⲡⲟⲥⲧⲟⲗⲟⲥ"/><!-- ⲙ̄ -->
<feat xlink:href="#dipl_word_1011" value="ϫⲉ"/><!-- ϫⲉ -->
<feat xlink:href="#dipl_word_1012" value="ⲡⲉⲛⲧⲁϥⲣ̄ϩⲱⲃ"/><!-- ⲡⲉ -->
<feat xlink:href="#dipl_word_1018" value="ⲇⲉ"/><!-- ⲇⲉ -->
<feat xlink:href="#dipl_word_1019" value="ⲉⲣⲟⲛ"/><!-- ⲉ -->
<feat xlink:href="#dipl_word_1022" value="ⲉⲡⲁⲓ̈"/><!-- ⲉ -->
<feat xlink:href="#dipl_word_1024" value="ⲡⲉ"/><!-- ⲡⲉ -->
<feat xlink:href="#dipl_word_1025" value="ⲡⲛⲟⲩⲧⲉ"/><!-- ⲡ -->
<feat xlink:href="#dipl_word_1028" value="ⲁϣ"/><!-- ⲁϣ -->
<feat xlink:href="#dipl_word_1029" value="ⲡⲉ"/><!-- ⲡⲉ -->
<feat xlink:href="#dipl_word_1030" value="ⲡⲉⲥⲙⲟⲧ"/><!-- ⲡⲉ -->
<feat xlink:href="#dipl_word_1032" value="ⲛ̄ⲛ̄ⲁⲅⲅⲉⲗⲟⲥ"/><!-- ⲛ̄ -->
<feat xlink:href="#dipl_word_1035" value="ⲉⲧϩ︤ⲛ︥ⲙ̄ⲡⲏⲟⲩⲉ"/><!-- ⲉⲧ -->
<feat xlink:href="#dipl_word_1040" value="."/><!-- . -->
<feat xlink:href="#dipl_word_1041" value="ⲉⲓⲙⲏⲧⲓ"/><!-- ⲉⲓⲙⲏ -->
<feat xlink:href="#dipl_word_1043" value=","/><!-- , -->
<feat xlink:href="#dipl_word_1044" value="ⲉⲧⲣⲉⲩϫⲱⲕ"/><!-- ⲉ -->
<feat xlink:href="#dipl_word_1048" value="ⲉⲃⲟⲗ"/><!-- ⲉⲃⲟⲗ -->
<feat xlink:href="#dipl_word_1049" value="ⲙ̄ⲙⲏⲛⲉ"/><!-- ⲙ̄ⲙⲏⲛⲉ -->
<feat xlink:href="#dipl_word_1050" value="ⲛ̄ⲛⲉⲩϩⲃⲏⲩⲉ"/><!-- ⲛ̄ -->
<feat xlink:href="#dipl_word_1053" value="ⲉⲧϩⲁⲉⲟⲟⲩ"/><!-- ⲉⲧ -->
<feat xlink:href="#dipl_word_1056" value="."/><!-- . -->
<feat xlink:href="#dipl_word_1057" value="ⲉⲩⲥⲙⲟⲩ"/><!-- ⲉ -->
<feat xlink:href="#dipl_word_1060" value="ⲁⲩⲱ"/><!-- ⲁⲩⲱ -->
<feat xlink:href="#dipl_word_1061" value="ⲉⲩϯⲉⲟⲟⲩ"/><!-- ⲉ -->
<feat xlink:href="#dipl_word_1066" value="ⲙ̄ⲡⲛⲟⲩⲧⲉ"/><!-- ⲙ̄ -->
<feat xlink:href="#dipl_word_1072" value="ⲙ︤ⲛ︥"/><!-- ⲙ︤ⲛ︥ -->
<feat xlink:href="#dipl_word_1073" value="ⲡⲉⲛϫⲟⲉⲓⲥ"/><!-- ⲡⲉⲛ -->
<feat xlink:href="#dipl_word_1075" value="ⲓ︤ⲥ︥"/><!-- ⲓ︤ⲥ︥ -->
<feat xlink:href="#dipl_word_1076" value="·"/><!-- · -->
<feat xlink:href="#dipl_word_1077" value="ⲁⲩⲱ"/><!-- ⲁⲩⲱ -->
<feat xlink:href="#dipl_word_1078" value="ⲉⲧⲣⲉⲩϫⲱⲕ"/><!-- ⲉ -->
<feat xlink:href="#dipl_word_1082" value="ⲉⲃⲟⲗ"/><!-- ⲉⲃⲟⲗ -->
<feat xlink:href="#dipl_word_1083" value="ⲛ̄ϩⲉⲛⲇⲓⲁⲕⲟⲛⲓⲁ"/><!-- ⲛ̄ -->
<feat xlink:href="#dipl_word_1087" value="ϣⲁⲛⲉⲧϣⲟⲟⲡ"/><!-- ϣⲁ -->
<feat xlink:href="#dipl_word_1091" value="ϩⲓϫ︤ⲙ︥ⲡⲕⲁϩ"/><!-- ϩⲓϫ︤ⲙ︥ -->
<feat xlink:href="#dipl_word_1094" value="ⲉⲧⲣⲉⲩⲕⲗⲏⲣⲟⲛⲟⲙⲉⲓ"/><!-- ⲉ -->
<feat xlink:href="#dipl_word_1099" value="ⲛ̄ⲟⲩⲟⲩϫⲁⲓ̈"/><!-- ⲛ̄ -->
<feat xlink:href="#dipl_word_1102" value="·"/><!-- · -->
<feat xlink:href="#dipl_word_1103" value="ⲁϣ"/><!-- ⲁϣ -->
<feat xlink:href="#dipl_word_1104" value="ⲡⲉ"/><!-- ⲡⲉ -->
<feat xlink:href="#dipl_word_1105" value="ⲡⲉⲥⲙⲟⲧ`"/><!-- ⲡⲉ -->
<feat xlink:href="#dipl_word_1107" value="[ⲛ̣̄]ⲛⲉⲡⲣⲟⲫⲏⲧⲏⲥ"/><!-- [ⲛ̣̄] -->
<feat xlink:href="#dipl_word_1111" value="ⲙ︤ⲛ︥"/><!-- ⲙ︤ⲛ︥ -->
<feat xlink:href="#dipl_word_1112" value="ⲛ̄ⲁⲡⲟⲥⲧⲟⲗⲟⲥ"/><!-- ⲛ̄ -->
<feat xlink:href="#dipl_word_1114" value="ⲉⲓⲙⲏⲧⲓ"/><!-- ⲉⲓⲙⲏⲧⲓ -->
<feat xlink:href="#dipl_word_1115" value="ⲉⲧⲣⲉⲩⲥⲟⲧⲡ︤ⲥ︥"/><!-- ⲉ -->
<feat xlink:href="#dipl_word_1120" value="ⲛⲁⲩ"/><!-- ⲛⲁ -->
<feat xlink:href="#dipl_word_1122" value="ⲉϣ︤ⲡ︥ϩⲓⲥⲉ"/><!-- ⲉ -->
<feat xlink:href="#dipl_word_1125" value="ⲙ︤ⲛ︥"/><!-- ⲙ︤ⲛ︥ -->
<feat xlink:href="#dipl_word_1126" value="ϩⲉⲛⲕⲟⲟⲩⲉ"/><!-- ϩⲉⲛ -->
<feat xlink:href="#dipl_word_1129" value="ϣⲁϩⲣⲁⲓ̈"/><!-- ϣⲁ -->
<feat xlink:href="#dipl_word_1131" value="ⲉⲡⲙⲟⲩ"/><!-- ⲉ -->
<feat xlink:href="#dipl_word_1134" value="·"/><!-- · -->
<feat xlink:href="#dipl_word_1135" value="ⲁⲩⲱ"/><!-- ⲁⲩⲱ -->
<feat xlink:href="#dipl_word_1136" value="ϩ︤ⲛ︥ⲛⲁⲓ̈"/><!-- ϩ︤ⲛ︥ -->
<feat xlink:href="#dipl_word_1138" value="ⲧⲏⲣⲟⲩ"/><!-- ⲧⲏⲣ -->
<feat xlink:href="#dipl_word_1140" value="ⲉⲩϣ︤ⲡ︥ϩⲙⲟⲧ"/><!-- ⲉ -->
<feat xlink:href="#dipl_word_1144" value="ⲛ̄ⲧ︤ⲙ︥ⲡϫⲟⲉⲓⲥ"/><!-- ⲛ̄ -->
<feat xlink:href="#dipl_word_1149" value="."/><!-- . -->
<feat xlink:href="#dipl_word_1150" value="ⲉⲩⲥⲙⲟⲩ"/><!-- ⲉ -->
<feat xlink:href="#dipl_word_1153" value="ⲉⲛⲉⲧⲥⲁϩⲟⲩ"/><!-- ⲉ -->
<feat xlink:href="#dipl_word_1158" value="ⲙ̄ⲙⲟⲟⲩ"/><!-- ⲙ̄ⲙⲟ -->
<feat xlink:href="#dipl_word_1160" value="."/><!-- . -->
<feat xlink:href="#dipl_word_1161" value="ⲉⲩϣⲗⲏⲗ"/><!-- ⲉ -->
<feat xlink:href="#dipl_word_1164" value="ⲉϫ︤ⲛ︥ⲛⲉⲧⲡⲏⲧ`"/><!-- ⲉϫ︤ⲛ︥ -->
<feat xlink:href="#dipl_word_1168" value="ⲛ̄ⲥⲱⲟⲩ"/><!-- ⲛ̄ⲥⲱ -->
<feat xlink:href="#dipl_word_1170" value="·"/><!-- · -->
<feat xlink:href="#dipl_word_1171" value="ⲁⲩⲱ"/><!-- ⲁⲩⲱ -->
<feat xlink:href="#dipl_word_1172" value="ⲉⲩϣⲗⲏⲗ`"/><!-- ⲉ -->
<feat xlink:href="#dipl_word_1175" value="ⲉϩⲣⲁⲓ̈"/><!-- ⲉ -->
<feat xlink:href="#dipl_word_1177" value="ⲉⲡⲛⲟⲩⲧⲉ"/><!-- ⲉ -->
<feat xlink:href="#dipl_word_1183" value="ⲧ︤ⲙ︥ⲧⲣⲉϥⲧⲱⲱⲃⲉ"/><!-- ⲧ︤ⲙ︥ -->
<feat xlink:href="#dipl_word_1188" value="ⲛ̄ⲛⲉⲧⲙⲟⲩⲟⲩⲧ"/><!-- ⲛ̄ -->
<feat xlink:href="#dipl_word_1193" value=","/><!-- , -->
<feat xlink:href="#dipl_word_1194" value="ⲙ̄ⲙⲟⲟⲩ"/><!-- ⲙ̄ⲙⲟ -->
<feat xlink:href="#dipl_word_1196" value="."/><!-- . -->
<feat xlink:href="#dipl_word_1197" value="ⲁⲩⲱ"/><!-- ⲁⲩⲱ -->
<feat xlink:href="#dipl_word_1198" value="[ⲉⲧ]ⲙⲁⲥⲧⲓⲕ[ⲟⲩ]"/><!-- [ⲉ -->
<feat xlink:href="#dipl_word_1201" value="ⲙ̄ⲙⲟⲟⲩ"/><!-- ⲙ̄ⲙⲟ -->
<feat xlink:href="#dipl_word_1203" value="·"/><!-- · -->
<feat xlink:href="#dipl_word_1204" value="ⲛ̄ⲑⲉ"/><!-- ⲛ̄ -->
<feat xlink:href="#dipl_word_1207" value="ⲉϣⲁⲩⲥⲩⲣⲉ"/><!-- ⲉ -->
<feat xlink:href="#dipl_word_1212" value="ⲙ̄ⲙⲟⲟⲩ"/><!-- ⲙ̄ⲙⲟ -->
<feat xlink:href="#dipl_word_1214" value="ⲛ̄ⲥⲉⲛⲟϫⲟⲩ"/><!-- ⲛ̄ -->
<feat xlink:href="#dipl_word_1219" value="ⲉⲃⲟⲗ"/><!-- ⲉⲃⲟⲗ -->
<feat xlink:href="#dipl_word_1220" value="ⲡⲃⲟⲗ"/><!-- ⲡ -->
<feat xlink:href="#dipl_word_1222" value="ⲛ̄ⲧⲡⲟⲗⲓⲥ"/><!-- ⲛ̄ -->
<feat xlink:href="#dipl_word_1226" value="."/><!-- . -->
<feat xlink:href="#dipl_word_1227" value="ⲙ︤ⲛ︥"/><!-- ⲙ︤ⲛ︥ -->
<feat xlink:href="#dipl_word_1228" value="ⲛⲉϣⲁⲩⲁⲁⲩ"/><!-- ⲛⲉ -->
<feat xlink:href="#dipl_word_1233" value="ⲛⲁⲩ"/><!-- ⲛⲁ -->
<feat xlink:href="#dipl_word_1235" value="ⲧⲏⲣⲟⲩ"/><!-- ⲧⲏⲣ -->
<feat xlink:href="#dipl_word_1237" value="ϩ︤ⲛ︥ⲛ̄ⲥⲩⲛⲁⲅⲱⲅⲏ"/><!-- ϩ︤ⲛ︥ -->
<feat xlink:href="#dipl_word_1241" value="ⲁⲩⲱ"/><!-- ⲁⲩⲱ -->
<feat xlink:href="#dipl_word_1242" value="ϩ︤ⲛ︥"/><!-- ϩ︤ⲛ︥ -->
<feat xlink:href="#dipl_word_1243" value="ⲛ̄ⲥⲩⲛϩⲉⲇⲣⲓⲟⲛ"/><!-- ⲛ̄ -->
<feat xlink:href="#dipl_word_1246" value="·"/><!-- · -->
<feat xlink:href="#dipl_word_1247" value="ⲙ︤ⲛ︥"/><!-- ⲙ︤ⲛ︥ -->
<feat xlink:href="#dipl_word_1248" value="ⲑⲉ"/><!-- ⲑ -->
<feat xlink:href="#dipl_word_1250" value="ⲉⲧⲉϣⲁⲩϫⲓⲧⲟⲩ"/><!-- ⲉⲧⲉ -->
<feat xlink:href="#dipl_word_1255" value="ⲉⲛϩⲏⲅⲉⲙⲱⲛ"/><!-- ⲉ -->
<feat xlink:href="#dipl_word_1259" value="ⲙ︤ⲛ︥"/><!-- ⲙ︤ⲛ︥ -->
<feat xlink:href="#dipl_word_1260" value="ⲛⲉⲣⲱⲟⲩ"/><!-- ⲛⲉ -->
<feat xlink:href="#dipl_word_1263" value="."/><!-- . -->
<feat xlink:href="#dipl_word_1264" value="ⲙ︤ⲛ︥"/><!-- ⲙ︤ⲛ︥ -->
<feat xlink:href="#dipl_word_1265" value="ϩⲉⲛⲛⲟϭ"/><!-- ϩⲉⲛ -->
<feat xlink:href="#dipl_word_1267" value="ⲛ̄ϩⲓⲥⲉ"/><!-- ⲛ̄ -->
<feat xlink:href="#dipl_word_1270" value=","/><!-- , -->
<feat xlink:href="#dipl_word_1271" value="ϣⲁ"/><!-- ϣⲁ -->
<feat xlink:href="#dipl_word_1272" value="ϩⲣⲁⲓ̈"/><!-- ϩⲣⲁⲓ̈ -->
<feat xlink:href="#dipl_word_1273" value="ⲉⲡⲙⲟⲩ"/><!-- ⲉ -->
<feat xlink:href="#dipl_word_1276" value="."/><!-- . -->
<feat xlink:href="#dipl_word_1277" value="ⲉⲛⲉⲓⲣⲉ"/><!-- ⲉ -->
<feat xlink:href="#dipl_word_1280" value="ϭⲉ"/><!-- ϭⲉ -->
</featList>
</paula>
