<?xml version='1.0' encoding='UTF-8'?><!DOCTYPE paula SYSTEM "paula_rel.dtd">
<paula version="1.1">
	<header paula_id="scriptorium.AP.002.n136.account.head"/>
	<relList xmlns:xlink="http://www.w3.org/1999/xlink" type="head">
		<rel id="sPointingRel255" xlink:href="scriptorium.AP.002.n136.account.mark.xml#sSpan365" target="scriptorium.AP.002.n136.account.mark.xml#sSpan363"/>
		<rel id="sPointingRel257" xlink:href="scriptorium.AP.002.n136.account.mark.xml#sSpan116" target="scriptorium.AP.002.n136.account.mark.xml#sSpan118"/>
		<rel id="sPointingRel259" xlink:href="scriptorium.AP.002.n136.account.mark.xml#sSpan95" target="scriptorium.AP.002.n136.account.mark.xml#sSpan97"/>
		<rel id="sPointingRel261" xlink:href="scriptorium.AP.002.n136.account.mark.xml#sSpan39" target="scriptorium.AP.002.n136.account.mark.xml#sSpan41"/>
		<rel id="sPointingRel263" xlink:href="scriptorium.AP.002.n136.account.mark.xml#sSpan261" target="scriptorium.AP.002.n136.account.mark.xml#sSpan263"/>
		<rel id="sPointingRel265" xlink:href="scriptorium.AP.002.n136.account.mark.xml#sSpan213" target="scriptorium.AP.002.n136.account.mark.xml#sSpan217"/>
		<rel id="sPointingRel267" xlink:href="scriptorium.AP.002.n136.account.mark.xml#sSpan292" target="scriptorium.AP.002.n136.account.mark.xml#sSpan290"/>
		<rel id="sPointingRel269" xlink:href="scriptorium.AP.002.n136.account.mark.xml#sSpan188" target="scriptorium.AP.002.n136.account.mark.xml#sSpan189"/>
		<rel id="sPointingRel271" xlink:href="scriptorium.AP.002.n136.account.mark.xml#sSpan75" target="scriptorium.AP.002.n136.account.mark.xml#sSpan76"/>
		<rel id="sPointingRel273" xlink:href="scriptorium.AP.002.n136.account.mark.xml#sSpan283" target="scriptorium.AP.002.n136.account.mark.xml#sSpan278"/>
		<rel id="sPointingRel275" xlink:href="scriptorium.AP.002.n136.account.mark.xml#sSpan50" target="scriptorium.AP.002.n136.account.mark.xml#sSpan51"/>
		<rel id="sPointingRel277" xlink:href="scriptorium.AP.002.n136.account.mark.xml#sSpan85" target="scriptorium.AP.002.n136.account.mark.xml#sSpan87"/>
		<rel id="sPointingRel279" xlink:href="scriptorium.AP.002.n136.account.mark.xml#sSpan25" target="scriptorium.AP.002.n136.account.mark.xml#sSpan26"/>
		<rel id="sPointingRel281" xlink:href="scriptorium.AP.002.n136.account.mark.xml#sSpan106" target="scriptorium.AP.002.n136.account.mark.xml#sSpan107"/>
		<rel id="sPointingRel283" xlink:href="scriptorium.AP.002.n136.account.mark.xml#sSpan302" target="scriptorium.AP.002.n136.account.mark.xml#sSpan300"/>
		<rel id="sPointingRel285" xlink:href="scriptorium.AP.002.n136.account.mark.xml#sSpan418" target="scriptorium.AP.002.n136.account.mark.xml#sSpan419"/>
		<rel id="sPointingRel287" xlink:href="scriptorium.AP.002.n136.account.mark.xml#sSpan454" target="scriptorium.AP.002.n136.account.mark.xml#sSpan452"/>
		<rel id="sPointingRel289" xlink:href="scriptorium.AP.002.n136.account.mark.xml#sSpan472" target="scriptorium.AP.002.n136.account.mark.xml#sSpan474"/>
		<rel id="sPointingRel291" xlink:href="scriptorium.AP.002.n136.account.mark.xml#sSpan137" target="scriptorium.AP.002.n136.account.mark.xml#sSpan135"/>
		<rel id="sPointingRel293" xlink:href="scriptorium.AP.002.n136.account.mark.xml#sSpan245" target="scriptorium.AP.002.n136.account.mark.xml#sSpan247"/>
		<rel id="sPointingRel295" xlink:href="scriptorium.AP.002.n136.account.mark.xml#sSpan149" target="scriptorium.AP.002.n136.account.mark.xml#sSpan147"/>
		<rel id="sPointingRel297" xlink:href="scriptorium.AP.002.n136.account.mark.xml#sSpan325" target="scriptorium.AP.002.n136.account.mark.xml#sSpan327"/></relList></paula>