<?xml version='1.0' encoding='UTF-8'?><!DOCTYPE paula SYSTEM "paula_feat.dtd">
<paula version="1.1">
	<header paula_id="scriptorium.AP.002.n136.account.mark_supplied_reason"/>
	<featList xmlns:xlink="http://www.w3.org/1999/xlink" type="supplied_reason" xml:base="scriptorium.AP.002.n136.account.mark.xml">
		<feat xlink:href="#sSpan260" value="lost"/>
		<feat xlink:href="#sSpan298" value="lost"/>
		<feat xlink:href="#sSpan316" value="lost"/>
		<feat xlink:href="#sSpan338" value="lost"/>
		<feat xlink:href="#sSpan358" value="lost"/>
		<feat xlink:href="#sSpan361" value="lost"/></featList></paula>