<?xml version="1.0" standalone="no"?>

<!DOCTYPE paula SYSTEM "paula_mark.dtd">
<paula version="1.0">

<header paula_id="AP.157.papnoute_tok"/>

<markList xmlns:xlink="http://www.w3.org/1999/xlink" type="tok" xml:base="AP.157.papnoute.text.xml">
<mark id="tok_1" xlink:href="#xpointer(string-range(//body,'',1,1))"/><!-- Ⲁ -->
<mark id="tok_2" xlink:href="#xpointer(string-range(//body,'',3,1))"/><!-- ⲩ -->
<mark id="tok_3" xlink:href="#xpointer(string-range(//body,'',5,4))"/><!-- ϫⲟⲟ̇ -->
<mark id="tok_4" xlink:href="#xpointer(string-range(//body,'',10,1))"/><!-- ⲥ -->
<mark id="tok_5" xlink:href="#xpointer(string-range(//body,'',12,5))"/><!-- ⲉ̇ⲧⲃⲉ -->
<mark id="tok_6" xlink:href="#xpointer(string-range(//body,'',18,4))"/><!-- ⲁ̇ⲡⲁ -->
<mark id="tok_7" xlink:href="#xpointer(string-range(//body,'',23,4))"/><!-- ⲡⲁ̇ⲡ -->
<mark id="tok_8" xlink:href="#xpointer(string-range(//body,'',28,5))"/><!-- ⲛⲟⲩⲧⲉ -->
<mark id="tok_9" xlink:href="#xpointer(string-range(//body,'',34,2))"/><!-- ϫⲉ -->
<mark id="tok_10" xlink:href="#xpointer(string-range(//body,'',37,2))"/><!-- ⲙⲉ -->
<mark id="tok_11" xlink:href="#xpointer(string-range(//body,'',40,1))"/><!-- ϥ -->
<mark id="tok_12" xlink:href="#xpointer(string-range(//body,'',42,2))"/><!-- ϭⲉ -->
<mark id="tok_13" xlink:href="#xpointer(string-range(//body,'',45,2))"/><!-- ⲡⲏ -->
<mark id="tok_14" xlink:href="#xpointer(string-range(//body,'',48,2))"/><!-- ⲉ̇ -->
<mark id="tok_15" xlink:href="#xpointer(string-range(//body,'',51,2))"/><!-- ⲥⲉ -->
<mark id="tok_16" xlink:href="#xpointer(string-range(//body,'',54,5))"/><!-- ⲏ̇ⲣⲡ̇ -->
<mark id="tok_17" xlink:href="#xpointer(string-range(//body,'',60,1))"/><!-- . -->
<mark id="tok_18" xlink:href="#xpointer(string-range(//body,'',62,1))"/><!-- ⲻ -->
<mark id="tok_19" xlink:href="#xpointer(string-range(//body,'',64,1))"/><!-- Ⲉ -->
<mark id="tok_20" xlink:href="#xpointer(string-range(//body,'',66,1))"/><!-- ϥ -->
<mark id="tok_21" xlink:href="#xpointer(string-range(//body,'',68,6))"/><!-- ⲙⲟⲟ̇ϣⲉ -->
<mark id="tok_22" xlink:href="#xpointer(string-range(//body,'',75,2))"/><!-- ⲇⲉ -->
<mark id="tok_23" xlink:href="#xpointer(string-range(//body,'',78,2))"/><!-- ⲛ̅ -->
<mark id="tok_24" xlink:href="#xpointer(string-range(//body,'',81,2))"/><!-- ⲟⲩ -->
<mark id="tok_25" xlink:href="#xpointer(string-range(//body,'',84,4))"/><!-- ⲟⲩⲟ̇ -->
<mark id="tok_26" xlink:href="#xpointer(string-range(//body,'',89,4))"/><!-- ⲉⲓ̇ϣ -->
<mark id="tok_27" xlink:href="#xpointer(string-range(//body,'',94,1))"/><!-- ⲁ -->
<mark id="tok_28" xlink:href="#xpointer(string-range(//body,'',96,1))"/><!-- ϥ -->
<mark id="tok_29" xlink:href="#xpointer(string-range(//body,'',98,3))"/><!-- ⲉⲓ̇ -->
<mark id="tok_30" xlink:href="#xpointer(string-range(//body,'',102,4))"/><!-- ⲉ̇ϫⲛ -->
<mark id="tok_31" xlink:href="#xpointer(string-range(//body,'',107,2))"/><!-- ⲟⲩ -->
<mark id="tok_32" xlink:href="#xpointer(string-range(//body,'',110,10))"/><!-- ⲕⲟⲗⲗⲩⲕⲓ̇ⲟⲛ -->
<mark id="tok_33" xlink:href="#xpointer(string-range(//body,'',121,2))"/><!-- ⲛ̇ -->
<mark id="tok_34" xlink:href="#xpointer(string-range(//body,'',124,3))"/><!-- ⲗⲩⲥ -->
<mark id="tok_35" xlink:href="#xpointer(string-range(//body,'',128,3))"/><!-- ⲧⲏⲥ -->
<mark id="tok_36" xlink:href="#xpointer(string-range(//body,'',132,4))"/><!-- ⲁⲩⲱ̇ -->
<mark id="tok_37" xlink:href="#xpointer(string-range(//body,'',137,2))"/><!-- ⲁ̇ -->
<mark id="tok_38" xlink:href="#xpointer(string-range(//body,'',140,1))"/><!-- ϥ -->
<mark id="tok_39" xlink:href="#xpointer(string-range(//body,'',142,4))"/><!-- ϭⲛ̇ⲧ -->
<mark id="tok_40" xlink:href="#xpointer(string-range(//body,'',147,2))"/><!-- ⲟⲩ -->
<mark id="tok_41" xlink:href="#xpointer(string-range(//body,'',150,2))"/><!-- ⲉ̇ -->
<mark id="tok_42" xlink:href="#xpointer(string-range(//body,'',153,1))"/><!-- ⲩ -->
<mark id="tok_43" xlink:href="#xpointer(string-range(//body,'',155,2))"/><!-- ⲥⲱ -->
<mark id="tok_44" xlink:href="#xpointer(string-range(//body,'',158,1))"/><!-- . -->
<mark id="tok_45" xlink:href="#xpointer(string-range(//body,'',160,2))"/><!-- ⲁ̇ -->
<mark id="tok_46" xlink:href="#xpointer(string-range(//body,'',163,1))"/><!-- ϥ -->
<mark id="tok_47" xlink:href="#xpointer(string-range(//body,'',165,5))"/><!-- ⲥⲟⲩⲱⲛ -->
<mark id="tok_48" xlink:href="#xpointer(string-range(//body,'',171,2))"/><!-- ϥ̇ -->
<mark id="tok_49" xlink:href="#xpointer(string-range(//body,'',174,3))"/><!-- Ⲇⲉ̇ -->
<mark id="tok_50" xlink:href="#xpointer(string-range(//body,'',178,5))"/><!-- ⲛ̇ϭⲓ̇ -->
<mark id="tok_51" xlink:href="#xpointer(string-range(//body,'',184,1))"/><!-- ⲡ -->
<mark id="tok_52" xlink:href="#xpointer(string-range(//body,'',186,2))"/><!-- ⲉⲧ -->
<mark id="tok_53" xlink:href="#xpointer(string-range(//body,'',189,1))"/><!-- ⲟ -->
<mark id="tok_54" xlink:href="#xpointer(string-range(//body,'',191,1))"/><!-- ⲛ -->
<mark id="tok_55" xlink:href="#xpointer(string-range(//body,'',193,6))"/><!-- ⲁ̇ⲛϫⲱϫ -->
<mark id="tok_56" xlink:href="#xpointer(string-range(//body,'',200,4))"/><!-- ⲁⲩⲱ̇ -->
<mark id="tok_57" xlink:href="#xpointer(string-range(//body,'',205,2))"/><!-- ⲉ̇ -->
<mark id="tok_58" xlink:href="#xpointer(string-range(//body,'',208,2))"/><!-- ϥ̇ -->
<mark id="tok_59" xlink:href="#xpointer(string-range(//body,'',211,7))"/><!-- ⲥⲟⲟ̇ⲩⲛ̇ -->
<mark id="tok_60" xlink:href="#xpointer(string-range(//body,'',219,3))"/><!-- ϫⲉ̇ -->
<mark id="tok_61" xlink:href="#xpointer(string-range(//body,'',223,2))"/><!-- ⲙⲉ -->
<mark id="tok_62" xlink:href="#xpointer(string-range(//body,'',226,1))"/><!-- ϥ -->
<mark id="tok_63" xlink:href="#xpointer(string-range(//body,'',228,2))"/><!-- ⲥⲉ -->
<mark id="tok_64" xlink:href="#xpointer(string-range(//body,'',231,5))"/><!-- ⲏ̇ⲣⲡ̇ -->
<mark id="tok_65" xlink:href="#xpointer(string-range(//body,'',237,1))"/><!-- · -->
<mark id="tok_66" xlink:href="#xpointer(string-range(//body,'',239,1))"/><!-- ⲻ -->
<mark id="tok_67" xlink:href="#xpointer(string-range(//body,'',241,1))"/><!-- Ⲁ -->
<mark id="tok_68" xlink:href="#xpointer(string-range(//body,'',243,1))"/><!-- ϥ -->
<mark id="tok_69" xlink:href="#xpointer(string-range(//body,'',245,3))"/><!-- ⲛⲁⲩ -->
<mark id="tok_70" xlink:href="#xpointer(string-range(//body,'',249,4))"/><!-- ⲉ̇ⲣⲟ -->
<mark id="tok_71" xlink:href="#xpointer(string-range(//body,'',254,1))"/><!-- ϥ -->
<mark id="tok_72" xlink:href="#xpointer(string-range(//body,'',256,3))"/><!-- ϩⲛ̇ -->
<mark id="tok_73" xlink:href="#xpointer(string-range(//body,'',260,2))"/><!-- ⲟⲩ -->
<mark id="tok_74" xlink:href="#xpointer(string-range(//body,'',263,3))"/><!-- ⲛⲟϭ -->
<mark id="tok_75" xlink:href="#xpointer(string-range(//body,'',267,2))"/><!-- ⲛ̇ -->
<mark id="tok_76" xlink:href="#xpointer(string-range(//body,'',270,4))"/><!-- ϩⲓⲥⲉ -->
<mark id="tok_77" xlink:href="#xpointer(string-range(//body,'',275,2))"/><!-- ⲁ̇ -->
<mark id="tok_78" xlink:href="#xpointer(string-range(//body,'',278,1))"/><!-- ϥ -->
<mark id="tok_79" xlink:href="#xpointer(string-range(//body,'',280,4))"/><!-- ⲙⲟⲩϩ -->
<mark id="tok_80" xlink:href="#xpointer(string-range(//body,'',285,1))"/><!-- ⲛ -->
<mark id="tok_81" xlink:href="#xpointer(string-range(//body,'',287,2))"/><!-- ⲟⲩ -->
<mark id="tok_82" xlink:href="#xpointer(string-range(//body,'',290,5))"/><!-- ⲁ̇ⲡⲟⲧ -->
<mark id="tok_83" xlink:href="#xpointer(string-range(//body,'',296,1))"/><!-- ⲛ -->
<mark id="tok_84" xlink:href="#xpointer(string-range(//body,'',298,5))"/><!-- ⲏⲣ̇ⲡ̇ -->
<mark id="tok_85" xlink:href="#xpointer(string-range(//body,'',304,4))"/><!-- ⲉ̇ⲣⲉ -->
<mark id="tok_86" xlink:href="#xpointer(string-range(//body,'',309,3))"/><!-- ⲧⲉϥ -->
<mark id="tok_87" xlink:href="#xpointer(string-range(//body,'',313,4))"/><!-- ⲥⲏϥⲉ -->
<mark id="tok_88" xlink:href="#xpointer(string-range(//body,'',318,3))"/><!-- ϩⲛ̇ -->
<mark id="tok_89" xlink:href="#xpointer(string-range(//body,'',322,3))"/><!-- ⲧⲉϥ -->
<mark id="tok_90" xlink:href="#xpointer(string-range(//body,'',326,4))"/><!-- ϭⲓ̇ϫ -->
<mark id="tok_91" xlink:href="#xpointer(string-range(//body,'',331,1))"/><!-- · -->
<mark id="tok_92" xlink:href="#xpointer(string-range(//body,'',333,4))"/><!-- ⲁⲩⲱ̇ -->
<mark id="tok_93" xlink:href="#xpointer(string-range(//body,'',338,4))"/><!-- ⲡⲉϫⲁ -->
<mark id="tok_94" xlink:href="#xpointer(string-range(//body,'',343,1))"/><!-- ϥ -->
<mark id="tok_95" xlink:href="#xpointer(string-range(//body,'',345,2))"/><!-- ⲙ̇ -->
<mark id="tok_96" xlink:href="#xpointer(string-range(//body,'',348,2))"/><!-- ⲡ̇ -->
<mark id="tok_97" xlink:href="#xpointer(string-range(//body,'',351,3))"/><!-- ϩⲗ̇ -->
<mark id="tok_98" xlink:href="#xpointer(string-range(//body,'',355,2))"/><!-- ⲗⲟ -->
<mark id="tok_99" xlink:href="#xpointer(string-range(//body,'',358,2))"/><!-- ϫⲉ -->
<mark id="tok_100" xlink:href="#xpointer(string-range(//body,'',361,2))"/><!-- ⲉ̇ -->
<mark id="tok_101" xlink:href="#xpointer(string-range(//body,'',364,1))"/><!-- ⲕ -->
<mark id="tok_102" xlink:href="#xpointer(string-range(//body,'',366,3))"/><!-- ⲧⲙ̇ -->
<mark id="tok_103" xlink:href="#xpointer(string-range(//body,'',370,2))"/><!-- ⲥⲱ -->
<mark id="tok_104" xlink:href="#xpointer(string-range(//body,'',373,2))"/><!-- ϯ̇ -->
<mark id="tok_105" xlink:href="#xpointer(string-range(//body,'',376,2))"/><!-- ⲛⲁ -->
<mark id="tok_106" xlink:href="#xpointer(string-range(//body,'',379,5))"/><!-- ϩⲟⲧⲃⲉ -->
<mark id="tok_107" xlink:href="#xpointer(string-range(//body,'',385,1))"/><!-- ⲕ -->
<mark id="tok_108" xlink:href="#xpointer(string-range(//body,'',387,2))"/><!-- .ⲻ -->
<mark id="tok_109" xlink:href="#xpointer(string-range(//body,'',390,1))"/><!-- Ⲁ -->
<mark id="tok_110" xlink:href="#xpointer(string-range(//body,'',392,1))"/><!-- ϥ -->
<mark id="tok_111" xlink:href="#xpointer(string-range(//body,'',394,4))"/><!-- ⲉⲓⲙⲉ -->
<mark id="tok_112" xlink:href="#xpointer(string-range(//body,'',399,5))"/><!-- ⲛ̇ϭⲓ̇ -->
<mark id="tok_113" xlink:href="#xpointer(string-range(//body,'',405,2))"/><!-- ⲡ̇ -->
<mark id="tok_114" xlink:href="#xpointer(string-range(//body,'',408,5))"/><!-- ϩⲗ̇ⲗⲟ -->
<mark id="tok_115" xlink:href="#xpointer(string-range(//body,'',414,2))"/><!-- ϫⲉ -->
<mark id="tok_116" xlink:href="#xpointer(string-range(//body,'',417,2))"/><!-- ⲉ̇ -->
<mark id="tok_117" xlink:href="#xpointer(string-range(//body,'',420,1))"/><!-- ϥ -->
<mark id="tok_118" xlink:href="#xpointer(string-range(//body,'',422,5))"/><!-- ⲟⲩⲱ̇ϣ -->
<mark id="tok_119" xlink:href="#xpointer(string-range(//body,'',428,2))"/><!-- ⲉ̇ -->
<mark id="tok_120" xlink:href="#xpointer(string-range(//body,'',431,5))"/><!-- ⲉⲓ̇ⲣⲉ -->
<mark id="tok_121" xlink:href="#xpointer(string-range(//body,'',437,1))"/><!-- ⲛ -->
<mark id="tok_122" xlink:href="#xpointer(string-range(//body,'',439,2))"/><!-- ⲟⲩ -->
<mark id="tok_123" xlink:href="#xpointer(string-range(//body,'',442,2))"/><!-- ⲛ̇ -->
<mark id="tok_124" xlink:href="#xpointer(string-range(//body,'',445,5))"/><!-- ⲧⲟⲗⲏ̇ -->
<mark id="tok_125" xlink:href="#xpointer(string-range(//body,'',451,4))"/><!-- ⲛ̇ⲧⲉ -->
<mark id="tok_126" xlink:href="#xpointer(string-range(//body,'',456,2))"/><!-- ⲡ̇ -->
<mark id="tok_127" xlink:href="#xpointer(string-range(//body,'',459,5))"/><!-- ⲛⲟⲩⲧⲉ -->
<mark id="tok_128" xlink:href="#xpointer(string-range(//body,'',465,2))"/><!-- ⲉ̇ -->
<mark id="tok_129" xlink:href="#xpointer(string-range(//body,'',468,1))"/><!-- ϥ -->
<mark id="tok_130" xlink:href="#xpointer(string-range(//body,'',470,5))"/><!-- ⲟⲩⲱ̇ϣ -->
<mark id="tok_131" xlink:href="#xpointer(string-range(//body,'',476,2))"/><!-- ⲉ̇ -->
<mark id="tok_132" xlink:href="#xpointer(string-range(//body,'',479,2))"/><!-- ϯ̇ -->
<mark id="tok_133" xlink:href="#xpointer(string-range(//body,'',482,3))"/><!-- ϩⲏⲩ -->
<mark id="tok_134" xlink:href="#xpointer(string-range(//body,'',486,2))"/><!-- ⲙ̇ -->
<mark id="tok_135" xlink:href="#xpointer(string-range(//body,'',489,2))"/><!-- ⲙⲟ -->
<mark id="tok_136" xlink:href="#xpointer(string-range(//body,'',492,1))"/><!-- ϥ -->
<mark id="tok_137" xlink:href="#xpointer(string-range(//body,'',494,2))"/><!-- ⲁ̇ -->
<mark id="tok_138" xlink:href="#xpointer(string-range(//body,'',497,1))"/><!-- ϥ -->
<mark id="tok_139" xlink:href="#xpointer(string-range(//body,'',499,4))"/><!-- ϫⲓ̇ⲧ -->
<mark id="tok_140" xlink:href="#xpointer(string-range(//body,'',504,2))"/><!-- ϥ̇ -->
<mark id="tok_141" xlink:href="#xpointer(string-range(//body,'',507,2))"/><!-- ⲁ̇ -->
<mark id="tok_142" xlink:href="#xpointer(string-range(//body,'',510,1))"/><!-- ϥ -->
<mark id="tok_143" xlink:href="#xpointer(string-range(//body,'',512,4))"/><!-- ⲥⲟ̇ⲟ -->
<mark id="tok_144" xlink:href="#xpointer(string-range(//body,'',517,2))"/><!-- ϥ̇ -->
<mark id="tok_145" xlink:href="#xpointer(string-range(//body,'',520,1))"/><!-- . -->
<mark id="tok_146" xlink:href="#xpointer(string-range(//body,'',522,1))"/><!-- Ⲡ -->
<mark id="tok_147" xlink:href="#xpointer(string-range(//body,'',524,5))"/><!-- ⲁⲛϫⲱϫ -->
<mark id="tok_148" xlink:href="#xpointer(string-range(//body,'',530,2))"/><!-- ⲇⲉ -->
<mark id="tok_149" xlink:href="#xpointer(string-range(//body,'',533,2))"/><!-- ⲛ̇ -->
<mark id="tok_150" xlink:href="#xpointer(string-range(//body,'',536,3))"/><!-- ⲗⲩⲥ -->
<mark id="tok_151" xlink:href="#xpointer(string-range(//body,'',540,3))"/><!-- ⲧⲏⲥ -->
<mark id="tok_152" xlink:href="#xpointer(string-range(//body,'',544,2))"/><!-- ⲁ̇ -->
<mark id="tok_153" xlink:href="#xpointer(string-range(//body,'',547,1))"/><!-- ϥ -->
<mark id="tok_154" xlink:href="#xpointer(string-range(//body,'',549,7))"/><!-- ⲙⲉⲧⲁⲛⲟⲓ -->
<mark id="tok_155" xlink:href="#xpointer(string-range(//body,'',557,2))"/><!-- ⲉ̇ -->
<mark id="tok_156" xlink:href="#xpointer(string-range(//body,'',560,1))"/><!-- ϥ -->
<mark id="tok_157" xlink:href="#xpointer(string-range(//body,'',562,2))"/><!-- ϫⲱ -->
<mark id="tok_158" xlink:href="#xpointer(string-range(//body,'',565,4))"/><!-- ⲙ̇ⲙⲟ -->
<mark id="tok_159" xlink:href="#xpointer(string-range(//body,'',570,1))"/><!-- ⲥ -->
<mark id="tok_160" xlink:href="#xpointer(string-range(//body,'',572,2))"/><!-- ϫⲉ -->
<mark id="tok_161" xlink:href="#xpointer(string-range(//body,'',575,2))"/><!-- ⲕⲱ -->
<mark id="tok_162" xlink:href="#xpointer(string-range(//body,'',578,2))"/><!-- ⲛⲁ -->
<mark id="tok_163" xlink:href="#xpointer(string-range(//body,'',581,2))"/><!-- ⲓ̇ -->
<mark id="tok_164" xlink:href="#xpointer(string-range(//body,'',584,5))"/><!-- ⲉ̇ⲃⲟⲗ -->
<mark id="tok_165" xlink:href="#xpointer(string-range(//body,'',590,2))"/><!-- ⲡⲁ -->
<mark id="tok_166" xlink:href="#xpointer(string-range(//body,'',593,5))"/><!-- ⲉⲓ̇ⲱⲧ -->
<mark id="tok_167" xlink:href="#xpointer(string-range(//body,'',599,2))"/><!-- ϫⲉ -->
<mark id="tok_168" xlink:href="#xpointer(string-range(//body,'',602,1))"/><!-- ⲁ -->
<mark id="tok_169" xlink:href="#xpointer(string-range(//body,'',604,2))"/><!-- ⲓ̇ -->
<mark id="tok_170" xlink:href="#xpointer(string-range(//body,'',607,2))"/><!-- ϯ̇ -->
<mark id="tok_171" xlink:href="#xpointer(string-range(//body,'',610,5))"/><!-- ϩⲓ̈ⲥⲉ -->
<mark id="tok_172" xlink:href="#xpointer(string-range(//body,'',616,2))"/><!-- ⲛⲁ -->
<mark id="tok_173" xlink:href="#xpointer(string-range(//body,'',619,1))"/><!-- ⲕ -->
<mark id="tok_174" xlink:href="#xpointer(string-range(//body,'',621,2))"/><!-- .ⲻ -->
<mark id="tok_175" xlink:href="#xpointer(string-range(//body,'',624,4))"/><!-- Ⲡⲉϫⲁ -->
<mark id="tok_176" xlink:href="#xpointer(string-range(//body,'',629,1))"/><!-- ϥ -->
<mark id="tok_177" xlink:href="#xpointer(string-range(//body,'',631,2))"/><!-- ⲛⲁ -->
<mark id="tok_178" xlink:href="#xpointer(string-range(//body,'',634,1))"/><!-- ϥ -->
<mark id="tok_179" xlink:href="#xpointer(string-range(//body,'',636,5))"/><!-- ⲛ̇ϭⲓ̇ -->
<mark id="tok_180" xlink:href="#xpointer(string-range(//body,'',642,2))"/><!-- ⲡ̇ -->
<mark id="tok_181" xlink:href="#xpointer(string-range(//body,'',645,3))"/><!-- ϩⲗ̇ -->
<mark id="tok_182" xlink:href="#xpointer(string-range(//body,'',649,2))"/><!-- ⲗⲟ -->
<mark id="tok_183" xlink:href="#xpointer(string-range(//body,'',652,2))"/><!-- ϫⲉ -->
<mark id="tok_184" xlink:href="#xpointer(string-range(//body,'',655,2))"/><!-- ϯ̇ -->
<mark id="tok_185" xlink:href="#xpointer(string-range(//body,'',658,7))"/><!-- ⲡⲓⲥⲧⲉⲩⲉ -->
<mark id="tok_186" xlink:href="#xpointer(string-range(//body,'',666,2))"/><!-- ⲉ̇ -->
<mark id="tok_187" xlink:href="#xpointer(string-range(//body,'',669,1))"/><!-- ⲡ -->
<mark id="tok_188" xlink:href="#xpointer(string-range(//body,'',671,5))"/><!-- ⲛⲟⲩⲧⲉ -->
<mark id="tok_189" xlink:href="#xpointer(string-range(//body,'',677,2))"/><!-- ϫⲉ -->
<mark id="tok_190" xlink:href="#xpointer(string-range(//body,'',680,2))"/><!-- ϥ̇ -->
<mark id="tok_191" xlink:href="#xpointer(string-range(//body,'',683,2))"/><!-- ⲛⲁ -->
<mark id="tok_192" xlink:href="#xpointer(string-range(//body,'',686,3))"/><!-- ⲉⲓ̇ -->
<mark id="tok_193" xlink:href="#xpointer(string-range(//body,'',690,2))"/><!-- ⲣⲉ -->
<mark id="tok_194" xlink:href="#xpointer(string-range(//body,'',693,2))"/><!-- ⲛⲁ -->
<mark id="tok_195" xlink:href="#xpointer(string-range(//body,'',696,1))"/><!-- ⲕ -->
<mark id="tok_196" xlink:href="#xpointer(string-range(//body,'',698,1))"/><!-- ⲛ -->
<mark id="tok_197" xlink:href="#xpointer(string-range(//body,'',700,2))"/><!-- ⲟⲩ -->
<mark id="tok_198" xlink:href="#xpointer(string-range(//body,'',703,2))"/><!-- ⲛⲁ -->
<mark id="tok_199" xlink:href="#xpointer(string-range(//body,'',706,5))"/><!-- ⲉ̇ⲧⲃⲉ -->
<mark id="tok_200" xlink:href="#xpointer(string-range(//body,'',712,3))"/><!-- ⲡⲉⲓ -->
<mark id="tok_201" xlink:href="#xpointer(string-range(//body,'',716,5))"/><!-- ⲁ̇ⲡⲟⲧ -->
<mark id="tok_202" xlink:href="#xpointer(string-range(//body,'',722,1))"/><!-- ⲛ -->
<mark id="tok_203" xlink:href="#xpointer(string-range(//body,'',724,4))"/><!-- ⲏⲣⲡ̇ -->
<mark id="tok_204" xlink:href="#xpointer(string-range(//body,'',729,3))"/><!-- ϩⲙ̇ -->
<mark id="tok_205" xlink:href="#xpointer(string-range(//body,'',733,4))"/><!-- ⲡⲉⲓ̇ -->
<mark id="tok_206" xlink:href="#xpointer(string-range(//body,'',738,5))"/><!-- ⲱ̇ⲛϩ̇ -->
<mark id="tok_207" xlink:href="#xpointer(string-range(//body,'',744,2))"/><!-- ⲙⲛ -->
<mark id="tok_208" xlink:href="#xpointer(string-range(//body,'',747,1))"/><!-- ⲡ -->
<mark id="tok_209" xlink:href="#xpointer(string-range(//body,'',749,2))"/><!-- ⲉⲧ -->
<mark id="tok_210" xlink:href="#xpointer(string-range(//body,'',752,3))"/><!-- ⲛⲏⲩ -->
<mark id="tok_211" xlink:href="#xpointer(string-range(//body,'',756,1))"/><!-- . -->
<mark id="tok_212" xlink:href="#xpointer(string-range(//body,'',758,4))"/><!-- Ⲡⲉϫⲁ -->
<mark id="tok_213" xlink:href="#xpointer(string-range(//body,'',763,1))"/><!-- ϥ -->
<mark id="tok_214" xlink:href="#xpointer(string-range(//body,'',765,2))"/><!-- ⲛⲁ -->
<mark id="tok_215" xlink:href="#xpointer(string-range(//body,'',768,1))"/><!-- ϥ -->
<mark id="tok_216" xlink:href="#xpointer(string-range(//body,'',770,5))"/><!-- ⲛ̇ϭⲓ̇ -->
<mark id="tok_217" xlink:href="#xpointer(string-range(//body,'',776,1))"/><!-- ⲡ -->
<mark id="tok_218" xlink:href="#xpointer(string-range(//body,'',778,2))"/><!-- ⲁⲣ -->
<mark id="tok_219" xlink:href="#xpointer(string-range(//body,'',781,8))"/><!-- ⲭⲏⲗⲏⲥⲧⲏⲥ -->
<mark id="tok_220" xlink:href="#xpointer(string-range(//body,'',790,2))"/><!-- ϫⲉ -->
<mark id="tok_221" xlink:href="#xpointer(string-range(//body,'',793,1))"/><!-- ϯ -->
<mark id="tok_222" xlink:href="#xpointer(string-range(//body,'',795,9))"/><!-- ⲡⲓ̇ⲥⲧⲉⲩⲉ̇ -->
<mark id="tok_223" xlink:href="#xpointer(string-range(//body,'',805,2))"/><!-- ⲉ̇ -->
<mark id="tok_224" xlink:href="#xpointer(string-range(//body,'',808,1))"/><!-- ⲡ -->
<mark id="tok_225" xlink:href="#xpointer(string-range(//body,'',810,5))"/><!-- ⲛⲟⲩⲧⲉ -->
<mark id="tok_226" xlink:href="#xpointer(string-range(//body,'',816,2))"/><!-- ϫⲉ -->
<mark id="tok_227" xlink:href="#xpointer(string-range(//body,'',819,4))"/><!-- ϫⲓ̇ⲛ -->
<mark id="tok_228" xlink:href="#xpointer(string-range(//body,'',824,5))"/><!-- ⲧⲉⲛⲟⲩ -->
<mark id="tok_229" xlink:href="#xpointer(string-range(//body,'',830,2))"/><!-- ⲛ̇ -->
<mark id="tok_230" xlink:href="#xpointer(string-range(//body,'',833,2))"/><!-- ϯ̇ -->
<mark id="tok_231" xlink:href="#xpointer(string-range(//body,'',836,2))"/><!-- ⲛⲁ -->
<mark id="tok_232" xlink:href="#xpointer(string-range(//body,'',839,2))"/><!-- ⲣ̇ -->
<mark id="tok_233" xlink:href="#xpointer(string-range(//body,'',842,1))"/><!-- ⲡ -->
<mark id="tok_234" xlink:href="#xpointer(string-range(//body,'',844,2))"/><!-- ⲉⲑ -->
<mark id="tok_235" xlink:href="#xpointer(string-range(//body,'',847,3))"/><!-- ⲟⲟⲩ -->
<mark id="tok_236" xlink:href="#xpointer(string-range(//body,'',851,3))"/><!-- ⲁ̇ⲛ -->
<mark id="tok_237" xlink:href="#xpointer(string-range(//body,'',855,2))"/><!-- ⲛ̇ -->
<mark id="tok_238" xlink:href="#xpointer(string-range(//body,'',858,4))"/><!-- ⲗⲁⲁⲩ -->
<mark id="tok_239" xlink:href="#xpointer(string-range(//body,'',863,1))"/><!-- . -->
<mark id="tok_240" xlink:href="#xpointer(string-range(//body,'',865,1))"/><!-- Ⲡ -->
<mark id="tok_241" xlink:href="#xpointer(string-range(//body,'',867,5))"/><!-- ϩⲗ̇ⲗⲟ -->
<mark id="tok_242" xlink:href="#xpointer(string-range(//body,'',873,2))"/><!-- ⲇⲉ -->
<mark id="tok_243" xlink:href="#xpointer(string-range(//body,'',876,2))"/><!-- ⲁ̇ -->
<mark id="tok_244" xlink:href="#xpointer(string-range(//body,'',879,1))"/><!-- ϥ -->
<mark id="tok_245" xlink:href="#xpointer(string-range(//body,'',881,3))"/><!-- ϫⲡⲟ -->
<mark id="tok_246" xlink:href="#xpointer(string-range(//body,'',885,2))"/><!-- ⲛⲁ -->
<mark id="tok_247" xlink:href="#xpointer(string-range(//body,'',888,1))"/><!-- ϥ -->
<mark id="tok_248" xlink:href="#xpointer(string-range(//body,'',890,2))"/><!-- ⲛ̇ -->
<mark id="tok_249" xlink:href="#xpointer(string-range(//body,'',893,2))"/><!-- ⲧ̇ -->
<mark id="tok_250" xlink:href="#xpointer(string-range(//body,'',896,7))"/><!-- ⲕⲟⲗⲗⲩϭⲉ -->
<mark id="tok_251" xlink:href="#xpointer(string-range(//body,'',904,4))"/><!-- ⲧⲏ̇ⲣ -->
<mark id="tok_252" xlink:href="#xpointer(string-range(//body,'',909,2))"/><!-- ⲥ̇ -->
<mark id="tok_253" xlink:href="#xpointer(string-range(//body,'',912,2))"/><!-- ϫⲉ -->
<mark id="tok_254" xlink:href="#xpointer(string-range(//body,'',915,2))"/><!-- ⲁ̇ -->
<mark id="tok_255" xlink:href="#xpointer(string-range(//body,'',918,1))"/><!-- ϥ -->
<mark id="tok_256" xlink:href="#xpointer(string-range(//body,'',920,2))"/><!-- ⲕⲱ -->
<mark id="tok_257" xlink:href="#xpointer(string-range(//body,'',923,4))"/><!-- ⲛ̇ⲥⲱ -->
<mark id="tok_258" xlink:href="#xpointer(string-range(//body,'',928,1))"/><!-- ϥ -->
<mark id="tok_259" xlink:href="#xpointer(string-range(//body,'',930,2))"/><!-- ⲙ̇ -->
<mark id="tok_260" xlink:href="#xpointer(string-range(//body,'',933,3))"/><!-- ⲡⲉϥ -->
<mark id="tok_261" xlink:href="#xpointer(string-range(//body,'',937,5))"/><!-- ⲟⲩⲱ̇ϣ -->
<mark id="tok_262" xlink:href="#xpointer(string-range(//body,'',943,6))"/><!-- ⲉ̇ⲧ̇ⲃⲉ -->
<mark id="tok_263" xlink:href="#xpointer(string-range(//body,'',950,2))"/><!-- ⲡ̇ -->
<mark id="tok_264" xlink:href="#xpointer(string-range(//body,'',953,5))"/><!-- ⲛⲟⲩⲧⲉ -->
<mark id="tok_265" xlink:href="#xpointer(string-range(//body,'',959,1))"/><!-- . -->
<mark id="tok_266" xlink:href="#xpointer(string-range(//body,'',961,1))"/><!-- ⲻ -->
</markList>
</paula>
