<?xml version="1.0" encoding="UTF-8" standalone="no"?>

<!DOCTYPE paula SYSTEM "paula_feat.dtd">
<paula version="1.0">

<header paula_id="AP.157.papnoute_coptic_sent"/>

<featList xmlns:xlink="http://www.w3.org/1999/xlink" type="coptic_sent" xml:base="AP.157.papnoute.coptic_sentSeg.xml">
<feat xlink:href="#coptic_sent_1" value="S"/><!-- Ⲁ -->
<feat xlink:href="#coptic_sent_19" value="S"/><!-- Ⲉ -->
<feat xlink:href="#coptic_sent_36" value="S"/><!-- ⲁⲩⲱ̇ -->
<feat xlink:href="#coptic_sent_45" value="S"/><!-- ⲁ̇ -->
<feat xlink:href="#coptic_sent_56" value="S"/><!-- ⲁⲩⲱ̇ -->
<feat xlink:href="#coptic_sent_67" value="S"/><!-- Ⲁ -->
<feat xlink:href="#coptic_sent_100" value="S"/><!-- ⲉ̇ -->
<feat xlink:href="#coptic_sent_109" value="S"/><!-- Ⲁ -->
<feat xlink:href="#coptic_sent_131" value="S"/><!-- ⲉ̇ -->
<feat xlink:href="#coptic_sent_137" value="S"/><!-- ⲁ̇ -->
<feat xlink:href="#coptic_sent_146" value="S"/><!-- Ⲡ -->
<feat xlink:href="#coptic_sent_161" value="S"/><!-- ⲕⲱ -->
<feat xlink:href="#coptic_sent_175" value="S"/><!-- Ⲡⲉϫⲁ -->
<feat xlink:href="#coptic_sent_184" value="S"/><!-- ϯ̇ -->
<feat xlink:href="#coptic_sent_212" value="S"/><!-- Ⲡⲉϫⲁ -->
<feat xlink:href="#coptic_sent_221" value="S"/><!-- ϯ -->
<feat xlink:href="#coptic_sent_240" value="S"/><!-- Ⲡ -->
<feat xlink:href="#coptic_sent_253" value="S"/><!-- ϫⲉ -->
</featList>
</paula>
