<?xml version='1.0' encoding='UTF-8'?><!DOCTYPE paula SYSTEM "paula_feat.dtd">
<paula version="1.1">
	<header paula_id="scriptorium.a22.YA421-428.mark_morph"/>
	<featList xmlns:xlink="http://www.w3.org/1999/xlink" type="morph" xml:base="scriptorium.a22.YA421-428.mark.xml">
		<feat xlink:href="#sSpan2" value="ⲣ"/>
		<feat xlink:href="#sSpan14" value="ⲙⲏ"/>
		<feat xlink:href="#sSpan97" value="ⲟⲩⲉϩ"/>
		<feat xlink:href="#sSpan101" value="ⲥⲁϩⲛⲉ"/>
		<feat xlink:href="#sSpan170" value="ⲣ"/>
		<feat xlink:href="#sSpan173" value="ϩⲁϩ"/>
		<feat xlink:href="#sSpan258" value="ⲣ"/>
		<feat xlink:href="#sSpan263" value="ⲭⲣⲉⲓⲁ"/>
		<feat xlink:href="#sSpan641" value="ⲙⲛⲧ"/>
		<feat xlink:href="#sSpan644" value="ⲣⲉϥ"/>
		<feat xlink:href="#sSpan645" value="ϩⲓⲗⲁ"/>
		<feat xlink:href="#sSpan798" value="ⲙⲛⲧ"/>
		<feat xlink:href="#sSpan802" value="ⲣⲉϥ"/>
		<feat xlink:href="#sSpan803" value="ⲧⲱϩ"/>
		<feat xlink:href="#sSpan1089" value="ⲙⲛⲧ"/>
		<feat xlink:href="#sSpan1092" value="ϣⲁϥⲧⲉ"/>
		<feat xlink:href="#sSpan1486" value="ⲛⲁ"/>
		<feat xlink:href="#sSpan1496" value="ⲉⲓⲁⲧ"/>
		<feat xlink:href="#sSpan2461" value="ⲁⲧ"/>
		<feat xlink:href="#sSpan2465" value="ϩⲏⲧ"/>
		<feat xlink:href="#sSpan2470" value="ⲣ"/>
		<feat xlink:href="#sSpan2473" value="ϩⲟⲩⲟ"/>
		<feat xlink:href="#sSpan2486" value="ⲙⲛⲧ"/>
		<feat xlink:href="#sSpan2490" value="ⲥⲟϭ"/>
		<feat xlink:href="#sSpan2742" value="ⲁⲧ"/>
		<feat xlink:href="#sSpan2746" value="ϩⲏⲧ"/>
		<feat xlink:href="#sSpan2757" value="ⲣ"/>
		<feat xlink:href="#sSpan2760" value="ϩⲟⲩⲟ"/>
		<feat xlink:href="#sSpan2773" value="ⲙⲛⲧ"/>
		<feat xlink:href="#sSpan2777" value="ⲥⲟϭ"/>
		<feat xlink:href="#sSpan3141" value="ⲣ"/>
		<feat xlink:href="#sSpan3144" value="ⲟⲩⲟⲉⲓⲛ"/>
		<feat xlink:href="#sSpan3332" value="ϫⲓ"/>
		<feat xlink:href="#sSpan3335" value="ϫⲣⲟⲡ"/>
		<feat xlink:href="#sSpan3392" value="ϫⲓ"/>
		<feat xlink:href="#sSpan3395" value="ϫⲣⲟⲡ"/>
		<feat xlink:href="#sSpan3487" value="ⲙⲛⲧ"/>
		<feat xlink:href="#sSpan3492" value="ⲥⲧⲙⲏⲧ"/>
		<feat xlink:href="#sSpan3573" value="ⲙⲛⲧ"/>
		<feat xlink:href="#sSpan3578" value="ⲁⲧ"/>
		<feat xlink:href="#sSpan3579" value="ⲥⲱⲧⲙ"/>
		<feat xlink:href="#sSpan3589" value="ⲙⲛⲧ"/>
		<feat xlink:href="#sSpan3593" value="ⲁⲧ"/>
		<feat xlink:href="#sSpan3594" value="ⲥⲃⲱ"/>
		<feat xlink:href="#sSpan3797" value="ⲡ"/>
		<feat xlink:href="#sSpan3800" value="ⲉⲧ"/>
		<feat xlink:href="#sSpan3801" value="ⲟⲩⲁⲁⲃ"/>
		<feat xlink:href="#sSpan3994" value="ⲡ"/>
		<feat xlink:href="#sSpan3998" value="ⲉⲧ"/>
		<feat xlink:href="#sSpan4000" value="ⲛⲁⲛⲟⲩ"/>
		<feat xlink:href="#sSpan4001" value="ϥ"/>
		<feat xlink:href="#sSpan4096" value="ⲙⲛⲧ"/>
		<feat xlink:href="#sSpan4099" value="ⲁⲅⲁⲑⲟⲥ"/>
		<feat xlink:href="#sSpan4146" value="ⲣⲉϥ"/>
		<feat xlink:href="#sSpan4149" value="ⲣ"/>
		<feat xlink:href="#sSpan4150" value="ⲛⲟⲃⲉ"/>
		<feat xlink:href="#sSpan4215" value="ⲙⲛⲧ"/>
		<feat xlink:href="#sSpan4218" value="ⲁⲅⲁⲑⲟⲥ"/>
		<feat xlink:href="#sSpan4313" value="ⲡ"/>
		<feat xlink:href="#sSpan4316" value="ⲉⲧ"/>
		<feat xlink:href="#sSpan4317" value="ⲛⲁⲛⲟⲩ"/>
		<feat xlink:href="#sSpan4319" value="ϥ"/>
		<feat xlink:href="#sSpan4336" value="ⲡ"/>
		<feat xlink:href="#sSpan4339" value="ⲉⲧ"/>
		<feat xlink:href="#sSpan4340" value="ϩⲟⲟⲩ"/>
		<feat xlink:href="#sSpan4364" value="ⲙⲛⲧ"/>
		<feat xlink:href="#sSpan4367" value="ⲛⲟⲩⲧⲉ"/>
		<feat xlink:href="#sSpan4422" value="ⲡ"/>
		<feat xlink:href="#sSpan4425" value="ⲉⲧ"/>
		<feat xlink:href="#sSpan4426" value="ϩⲟⲟⲩ"/>
		<feat xlink:href="#sSpan4444" value="ⲡ"/>
		<feat xlink:href="#sSpan4447" value="ⲉⲧ"/>
		<feat xlink:href="#sSpan4448" value="ⲛⲁⲛⲟⲩ"/>
		<feat xlink:href="#sSpan4450" value="ϥ"/>
		<feat xlink:href="#sSpan4474" value="ⲙⲛⲧ"/>
		<feat xlink:href="#sSpan4477" value="ⲁⲧ"/>
		<feat xlink:href="#sSpan4478" value="ⲛⲟⲩⲧⲉ"/>
		<feat xlink:href="#sSpan4487" value="ⲁⲧ"/>
		<feat xlink:href="#sSpan4490" value="ⲛⲟⲩⲧⲉ"/>
		<feat xlink:href="#sSpan5156" value="ⲙⲁⲓ"/>
		<feat xlink:href="#sSpan5159" value="ⲛⲟⲩⲧⲉ"/>
		<feat xlink:href="#sSpan5294" value="ⲙⲛⲧ"/>
		<feat xlink:href="#sSpan5297" value="ⲧⲉⲗⲓⲟⲥ"/>
		<feat xlink:href="#sSpan5449" value="ⲣ"/>
		<feat xlink:href="#sSpan5452" value="ⲛⲟⲃⲉ"/>
		<feat xlink:href="#sSpan5511" value="ⲙⲛⲧ"/>
		<feat xlink:href="#sSpan5517" value="ϫⲱⲱⲣⲉ"/>
		<feat xlink:href="#sSpan5662" value="ⲣ"/>
		<feat xlink:href="#sSpan5665" value="ⲛⲟⲃⲉ"/>
		<feat xlink:href="#sSpan5787" value="ⲣ"/>
		<feat xlink:href="#sSpan5791" value="ⲛⲟⲃⲉ"/>
		<feat xlink:href="#sSpan5848" value="ⲣ"/>
		<feat xlink:href="#sSpan5851" value="ⲛⲟⲃⲉ"/></featList></paula>