<?xml version='1.0' encoding='UTF-8'?><!DOCTYPE paula SYSTEM "paula_feat.dtd">
<paula version="1.1">
	<header paula_id="scriptorium.a22.YA421-428.mark_new_sent"/>
	<featList xmlns:xlink="http://www.w3.org/1999/xlink" type="new_sent" xml:base="scriptorium.a22.YA421-428.mark.xml">
		<feat xlink:href="#sSpan3" value="true"/>
		<feat xlink:href="#sSpan224" value="true"/>
		<feat xlink:href="#sSpan460" value="true"/>
		<feat xlink:href="#sSpan568" value="true"/>
		<feat xlink:href="#sSpan654" value="true"/>
		<feat xlink:href="#sSpan767" value="true"/>
		<feat xlink:href="#sSpan932" value="true"/>
		<feat xlink:href="#sSpan1173" value="true"/>
		<feat xlink:href="#sSpan1496" value="true"/>
		<feat xlink:href="#sSpan1810" value="true"/>
		<feat xlink:href="#sSpan2108" value="true"/>
		<feat xlink:href="#sSpan2243" value="true"/>
		<feat xlink:href="#sSpan2352" value="true"/>
		<feat xlink:href="#sSpan2416" value="true"/>
		<feat xlink:href="#sSpan2457" value="true"/>
		<feat xlink:href="#sSpan2528" value="true"/>
		<feat xlink:href="#sSpan2720" value="true"/>
		<feat xlink:href="#sSpan3028" value="true"/>
		<feat xlink:href="#sSpan3141" value="true"/>
		<feat xlink:href="#sSpan3203" value="true"/>
		<feat xlink:href="#sSpan3260" value="true"/>
		<feat xlink:href="#sSpan3301" value="true"/>
		<feat xlink:href="#sSpan3411" value="true"/>
		<feat xlink:href="#sSpan3528" value="true"/>
		<feat xlink:href="#sSpan3613" value="true"/>
		<feat xlink:href="#sSpan3747" value="true"/>
		<feat xlink:href="#sSpan3863" value="true"/>
		<feat xlink:href="#sSpan3972" value="true"/>
		<feat xlink:href="#sSpan4170" value="true"/>
		<feat xlink:href="#sSpan4290" value="true"/>
		<feat xlink:href="#sSpan4395" value="true"/>
		<feat xlink:href="#sSpan4514" value="true"/>
		<feat xlink:href="#sSpan4935" value="true"/>
		<feat xlink:href="#sSpan5085" value="true"/>
		<feat xlink:href="#sSpan5141" value="true"/>
		<feat xlink:href="#sSpan5281" value="true"/>
		<feat xlink:href="#sSpan5449" value="true"/>
		<feat xlink:href="#sSpan5500" value="true"/>
		<feat xlink:href="#sSpan5687" value="true"/>
		<feat xlink:href="#sSpan5830" value="true"/>
		<feat xlink:href="#sSpan5916" value="true"/>
		<feat xlink:href="#sSpan6029" value="true"/>
		<feat xlink:href="#sSpan6107" value="true"/>
		<feat xlink:href="#sSpan6244" value="true"/></featList></paula>