<?xml version='1.0' encoding='UTF-8'?><!DOCTYPE paula SYSTEM "paula_feat.dtd">
<paula version="1.1">
	<header paula_id="scriptorium.shenoute.night.BV278-282.mark_lang"/>
	<featList xmlns:xlink="http://www.w3.org/1999/xlink" type="lang" xml:base="scriptorium.shenoute.night.BV278-282.mark.xml">
		<feat xlink:href="#sSpan37" value="Greek"/>
		<feat xlink:href="#sSpan142" value="Greek"/>
		<feat xlink:href="#sSpan154" value="Greek"/>
		<feat xlink:href="#sSpan177" value="Greek"/>
		<feat xlink:href="#sSpan187" value="Greek"/>
		<feat xlink:href="#sSpan228" value="Greek"/>
		<feat xlink:href="#sSpan272" value="Greek"/>
		<feat xlink:href="#sSpan342" value="Greek"/>
		<feat xlink:href="#sSpan415" value="Greek"/>
		<feat xlink:href="#sSpan445" value="Greek"/>
		<feat xlink:href="#sSpan504" value="Greek"/>
		<feat xlink:href="#sSpan523" value="Greek"/>
		<feat xlink:href="#sSpan553" value="Greek"/>
		<feat xlink:href="#sSpan572" value="Greek"/>
		<feat xlink:href="#sSpan604" value="Greek"/>
		<feat xlink:href="#sSpan676" value="Greek"/>
		<feat xlink:href="#sSpan722" value="Greek"/>
		<feat xlink:href="#sSpan770" value="Greek"/>
		<feat xlink:href="#sSpan775" value="Greek"/>
		<feat xlink:href="#sSpan860" value="Greek"/>
		<feat xlink:href="#sSpan863" value="Greek"/>
		<feat xlink:href="#sSpan873" value="Greek"/>
		<feat xlink:href="#sSpan929" value="Greek"/>
		<feat xlink:href="#sSpan953" value="Greek"/>
		<feat xlink:href="#sSpan1102" value="Greek"/>
		<feat xlink:href="#sSpan1142" value="Greek"/>
		<feat xlink:href="#sSpan1428" value="Greek"/>
		<feat xlink:href="#sSpan1468" value="Greek"/>
		<feat xlink:href="#sSpan1517" value="Greek"/>
		<feat xlink:href="#sSpan1521" value="Greek"/>
		<feat xlink:href="#sSpan1526" value="Greek"/>
		<feat xlink:href="#sSpan1542" value="Greek"/>
		<feat xlink:href="#sSpan1547" value="Greek"/>
		<feat xlink:href="#sSpan1596" value="Greek"/>
		<feat xlink:href="#sSpan1681" value="Greek"/>
		<feat xlink:href="#sSpan1693" value="Greek"/>
		<feat xlink:href="#sSpan1721" value="Greek"/>
		<feat xlink:href="#sSpan1740" value="Hebrew"/>
		<feat xlink:href="#sSpan1751" value="Greek"/>
		<feat xlink:href="#sSpan1783" value="Greek"/>
		<feat xlink:href="#sSpan1804" value="Greek"/>
		<feat xlink:href="#sSpan1817" value="Greek"/>
		<feat xlink:href="#sSpan1843" value="Greek"/>
		<feat xlink:href="#sSpan1906" value="Greek"/>
		<feat xlink:href="#sSpan1926" value="Greek"/>
		<feat xlink:href="#sSpan1960" value="Greek"/>
		<feat xlink:href="#sSpan1973" value="Greek"/>
		<feat xlink:href="#sSpan2107" value="Greek"/>
		<feat xlink:href="#sSpan2196" value="Hebrew"/>
		<feat xlink:href="#sSpan2204" value="Greek"/>
		<feat xlink:href="#sSpan2267" value="Greek"/>
		<feat xlink:href="#sSpan2318" value="Greek"/>
		<feat xlink:href="#sSpan2376" value="Greek"/>
		<feat xlink:href="#sSpan2386" value="Greek"/>
		<feat xlink:href="#sSpan2405" value="Greek"/>
		<feat xlink:href="#sSpan2418" value="Greek"/>
		<feat xlink:href="#sSpan2471" value="Greek"/>
		<feat xlink:href="#sSpan2508" value="Greek"/>
		<feat xlink:href="#sSpan2529" value="Greek"/>
		<feat xlink:href="#sSpan2532" value="Greek"/>
		<feat xlink:href="#sSpan2553" value="Greek"/>
		<feat xlink:href="#sSpan2631" value="Greek"/>
		<feat xlink:href="#sSpan2654" value="Greek"/>
		<feat xlink:href="#sSpan2662" value="Greek"/>
		<feat xlink:href="#sSpan2679" value="Greek"/>
		<feat xlink:href="#sSpan2686" value="Greek"/>
		<feat xlink:href="#sSpan2698" value="Greek"/>
		<feat xlink:href="#sSpan2734" value="Greek"/>
		<feat xlink:href="#sSpan2749" value="Greek"/>
		<feat xlink:href="#sSpan2827" value="Greek"/>
		<feat xlink:href="#sSpan2851" value="Greek"/>
		<feat xlink:href="#sSpan2893" value="Greek"/>
		<feat xlink:href="#sSpan2916" value="Greek"/>
		<feat xlink:href="#sSpan2926" value="Greek"/>
		<feat xlink:href="#sSpan2967" value="Greek"/>
		<feat xlink:href="#sSpan2975" value="Greek"/>
		<feat xlink:href="#sSpan2996" value="Greek"/>
		<feat xlink:href="#sSpan3086" value="Greek"/>
		<feat xlink:href="#sSpan3107" value="Greek"/>
		<feat xlink:href="#sSpan3138" value="Greek"/>
		<feat xlink:href="#sSpan3141" value="Greek"/>
		<feat xlink:href="#sSpan3160" value="Greek"/>
		<feat xlink:href="#sSpan3180" value="Greek"/>
		<feat xlink:href="#sSpan3215" value="Greek"/>
		<feat xlink:href="#sSpan3261" value="Greek"/>
		<feat xlink:href="#sSpan3280" value="Greek"/>
		<feat xlink:href="#sSpan3321" value="Greek"/>
		<feat xlink:href="#sSpan3346" value="Greek"/>
		<feat xlink:href="#sSpan3368" value="Greek"/>
		<feat xlink:href="#sSpan3490" value="Greek"/>
		<feat xlink:href="#sSpan3512" value="Greek"/>
		<feat xlink:href="#sSpan3553" value="Greek"/>
		<feat xlink:href="#sSpan3598" value="Greek"/>
		<feat xlink:href="#sSpan3629" value="Greek"/>
		<feat xlink:href="#sSpan3664" value="Greek"/>
		<feat xlink:href="#sSpan3668" value="Greek"/>
		<feat xlink:href="#sSpan3706" value="Greek"/></featList></paula>