<?xml version='1.0' encoding='UTF-8'?><!DOCTYPE paula SYSTEM "paula_feat.dtd">
<paula version="1.1">
	<header paula_id="scriptorium.shenoute.night.BV278-282.mark_multiword"/>
	<featList xmlns:xlink="http://www.w3.org/1999/xlink" type="multiword" xml:base="scriptorium.shenoute.night.BV278-282.mark.xml">
		<feat xlink:href="#sSpan16" value="ϩⲣⲁⲓ ϩⲛ"/>
		<feat xlink:href="#sSpan348" value="ⲉ ⲁ"/>
		<feat xlink:href="#sSpan838" value="ⲟⲩⲱⲛϩ ⲉⲃⲟⲗ"/>
		<feat xlink:href="#sSpan878" value="ⲉ ⲁ"/>
		<feat xlink:href="#sSpan888" value="ⲉⲓ ⲉⲃⲟⲗ"/>
		<feat xlink:href="#sSpan1271" value="ⲣ ⲧ ϩⲉ"/>
		<feat xlink:href="#sSpan1333" value="ⲁⲙⲁϩⲧⲉ ⲉϫⲛ"/>
		<feat xlink:href="#sSpan1373" value="ⲙⲟⲩⲧⲉ ⲟⲩⲃⲉ"/>
		<feat xlink:href="#sSpan1676" value="ⲟⲩⲱⲛϩ ⲉⲃⲟⲗ"/>
		<feat xlink:href="#sSpan1796" value="ϥⲓ ϩⲁ"/>
		<feat xlink:href="#sSpan1829" value="ⲉⲓⲣⲉ ⲛ"/>
		<feat xlink:href="#sSpan1915" value="ⲥⲟⲧⲡ ⲉ"/>
		<feat xlink:href="#sSpan1952" value="ⲉⲓⲣⲉ ⲛ"/>
		<feat xlink:href="#sSpan2076" value="ⲉⲧⲃⲉ ⲟⲩ"/>
		<feat xlink:href="#sSpan2101" value="ⲉⲧⲃⲉ ⲟⲩ"/>
		<feat xlink:href="#sSpan2175" value="ϩⲱⲃ ⲛⲓⲙ"/>
		<feat xlink:href="#sSpan2262" value="ⲛ ⲁⲛ"/>
		<feat xlink:href="#sSpan2332" value="ⲁϩⲉ ⲛ"/>
		<feat xlink:href="#sSpan2362" value="ϣⲱⲱⲧ ⲉⲃⲟⲗ"/>
		<feat xlink:href="#sSpan2580" value="ϩⲉ ⲉ"/>
		<feat xlink:href="#sSpan2617" value="ⲙⲓϣⲉ ⲉϫⲛ"/>
		<feat xlink:href="#sSpan2739" value="ⲙⲓϣⲉ ⲙⲛ"/>
		<feat xlink:href="#sSpan3065" value="ϣⲏⲣⲉ ϣⲏⲙ"/>
		<feat xlink:href="#sSpan3079" value="ϣⲉⲉⲣⲉ ϣⲏⲙ"/>
		<feat xlink:href="#sSpan3517" value="ⲃⲱⲕ ⲉⲣⲁⲧ"/></featList></paula>