<?xml version='1.0' encoding='UTF-8'?><!DOCTYPE paula SYSTEM "paula_feat.dtd">
<paula version="1.1">
	<header paula_id="scriptorium.shenoute.night.BV278-282.mark_chapter_n"/>
	<featList xmlns:xlink="http://www.w3.org/1999/xlink" type="chapter_n" xml:base="scriptorium.shenoute.night.BV278-282.mark.xml">
		<feat xlink:href="#sSpan11" value="1"/>
		<feat xlink:href="#sSpan313" value="2"/>
		<feat xlink:href="#sSpan1138" value="3"/>
		<feat xlink:href="#sSpan1649" value="4"/>
		<feat xlink:href="#sSpan2325" value="5"/>
		<feat xlink:href="#sSpan2479" value="6"/>
		<feat xlink:href="#sSpan2974" value="7"/></featList></paula>