<?xml version='1.0' encoding='UTF-8'?><!DOCTYPE paula SYSTEM "paula_feat.dtd">
<paula version="1.1">
	<header paula_id="scriptorium.proclus.23.nativity.mark_entity"/>
	<featList xmlns:xlink="http://www.w3.org/1999/xlink" type="entity" xml:base="scriptorium.proclus.23.nativity.mark.xml">
		<feat xlink:href="#sSpan7" value="abstract"/>
		<feat xlink:href="#sSpan37" value="person"/>
		<feat xlink:href="#sSpan55" value="place"/>
		<feat xlink:href="#sSpan62" value="organization"/>
		<feat xlink:href="#sSpan81" value="place"/>
		<feat xlink:href="#sSpan99" value="person"/>
		<feat xlink:href="#sSpan118" value="abstract"/>
		<feat xlink:href="#sSpan134" value="abstract"/>
		<feat xlink:href="#sSpan149" value="time"/>
		<feat xlink:href="#sSpan203" value="abstract"/>
		<feat xlink:href="#sSpan224" value="place"/>
		<feat xlink:href="#sSpan239" value="abstract"/>
		<feat xlink:href="#sSpan250" value="abstract"/>
		<feat xlink:href="#sSpan260" value="person"/>
		<feat xlink:href="#sSpan269" value="person"/>
		<feat xlink:href="#sSpan295" value="abstract"/>
		<feat xlink:href="#sSpan321" value="abstract"/>
		<feat xlink:href="#sSpan341" value="abstract"/>
		<feat xlink:href="#sSpan352" value="place"/>
		<feat xlink:href="#sSpan362" value="organization"/>
		<feat xlink:href="#sSpan385" value="event"/>
		<feat xlink:href="#sSpan394" value="place"/>
		<feat xlink:href="#sSpan406" value="abstract"/>
		<feat xlink:href="#sSpan425" value="abstract"/>
		<feat xlink:href="#sSpan436" value="person"/>
		<feat xlink:href="#sSpan449" value="abstract"/>
		<feat xlink:href="#sSpan472" value="abstract"/>
		<feat xlink:href="#sSpan483" value="object"/>
		<feat xlink:href="#sSpan493" value="person"/>
		<feat xlink:href="#sSpan503" value="abstract"/>
		<feat xlink:href="#sSpan529" value="abstract"/>
		<feat xlink:href="#sSpan543" value="abstract"/>
		<feat xlink:href="#sSpan553" value="abstract"/>
		<feat xlink:href="#sSpan569" value="place"/>
		<feat xlink:href="#sSpan578" value="abstract"/>
		<feat xlink:href="#sSpan604" value="abstract"/>
		<feat xlink:href="#sSpan612" value="person"/>
		<feat xlink:href="#sSpan627" value="abstract"/>
		<feat xlink:href="#sSpan639" value="abstract"/>
		<feat xlink:href="#sSpan668" value="person"/>
		<feat xlink:href="#sSpan684" value="abstract"/>
		<feat xlink:href="#sSpan713" value="abstract"/>
		<feat xlink:href="#sSpan727" value="abstract"/>
		<feat xlink:href="#sSpan747" value="abstract"/>
		<feat xlink:href="#sSpan795" value="abstract"/>
		<feat xlink:href="#sSpan814" value="abstract"/>
		<feat xlink:href="#sSpan829" value="abstract"/>
		<feat xlink:href="#sSpan850" value="time"/>
		<feat xlink:href="#sSpan877" value="person"/>
		<feat xlink:href="#sSpan904" value="abstract"/>
		<feat xlink:href="#sSpan915" value="abstract"/>
		<feat xlink:href="#sSpan937" value="person"/>
		<feat xlink:href="#sSpan977" value="person"/>
		<feat xlink:href="#sSpan989" value="place"/>
		<feat xlink:href="#sSpan998" value="person"/>
		<feat xlink:href="#sSpan1035" value="object"/>
		<feat xlink:href="#sSpan1045" value="place"/>
		<feat xlink:href="#sSpan1072" value="person"/>
		<feat xlink:href="#sSpan1093" value="abstract"/>
		<feat xlink:href="#sSpan1112" value="event"/>
		<feat xlink:href="#sSpan1125" value="abstract"/>
		<feat xlink:href="#sSpan1135" value="person"/>
		<feat xlink:href="#sSpan1142" value="event"/>
		<feat xlink:href="#sSpan1171" value="person"/>
		<feat xlink:href="#sSpan1186" value="substance"/>
		<feat xlink:href="#sSpan1195" value="event"/>
		<feat xlink:href="#sSpan1230" value="object"/>
		<feat xlink:href="#sSpan1239" value="abstract"/>
		<feat xlink:href="#sSpan1278" value="person"/>
		<feat xlink:href="#sSpan1294" value="person"/>
		<feat xlink:href="#sSpan1321" value="organization"/>
		<feat xlink:href="#sSpan1365" value="person"/>
		<feat xlink:href="#sSpan1376" value="object"/>
		<feat xlink:href="#sSpan1398" value="abstract"/>
		<feat xlink:href="#sSpan1408" value="abstract"/>
		<feat xlink:href="#sSpan1418" value="abstract"/>
		<feat xlink:href="#sSpan1444" value="person"/>
		<feat xlink:href="#sSpan1465" value="place"/>
		<feat xlink:href="#sSpan1483" value="person"/>
		<feat xlink:href="#sSpan1492" value="organization"/>
		<feat xlink:href="#sSpan1523" value="person"/>
		<feat xlink:href="#sSpan1541" value="person"/>
		<feat xlink:href="#sSpan1548" value="place"/>
		<feat xlink:href="#sSpan1574" value="abstract"/>
		<feat xlink:href="#sSpan1583" value="object"/>
		<feat xlink:href="#sSpan1592" value="object"/>
		<feat xlink:href="#sSpan1620" value="person"/>
		<feat xlink:href="#sSpan1632" value="animal"/>
		<feat xlink:href="#sSpan1658" value="person"/>
		<feat xlink:href="#sSpan1665" value="abstract"/>
		<feat xlink:href="#sSpan1689" value="abstract"/>
		<feat xlink:href="#sSpan1702" value="abstract"/>
		<feat xlink:href="#sSpan1728" value="person"/>
		<feat xlink:href="#sSpan1733" value="event"/>
		<feat xlink:href="#sSpan1744" value="animal"/>
		<feat xlink:href="#sSpan1765" value="animal"/>
		<feat xlink:href="#sSpan1774" value="person"/>
		<feat xlink:href="#sSpan1790" value="abstract"/>
		<feat xlink:href="#sSpan1798" value="place"/>
		<feat xlink:href="#sSpan1807" value="abstract"/>
		<feat xlink:href="#sSpan1828" value="abstract"/>
		<feat xlink:href="#sSpan1854" value="abstract"/>
		<feat xlink:href="#sSpan1864" value="place"/>
		<feat xlink:href="#sSpan1892" value="object"/>
		<feat xlink:href="#sSpan1903" value="person"/>
		<feat xlink:href="#sSpan1915" value="person"/>
		<feat xlink:href="#sSpan1922" value="abstract"/>
		<feat xlink:href="#sSpan1940" value="abstract"/>
		<feat xlink:href="#sSpan1972" value="animal"/>
		<feat xlink:href="#sSpan1981" value="substance"/>
		<feat xlink:href="#sSpan1988" value="place"/>
		<feat xlink:href="#sSpan2007" value="person"/>
		<feat xlink:href="#sSpan2042" value="person"/>
		<feat xlink:href="#sSpan2085" value="person"/>
		<feat xlink:href="#sSpan2104" value="abstract"/>
		<feat xlink:href="#sSpan2113" value="object"/>
		<feat xlink:href="#sSpan2125" value="place"/>
		<feat xlink:href="#sSpan2138" value="abstract"/>
		<feat xlink:href="#sSpan2147" value="person"/>
		<feat xlink:href="#sSpan2179" value="animal"/>
		<feat xlink:href="#sSpan2190" value="place"/>
		<feat xlink:href="#sSpan2212" value="person"/>
		<feat xlink:href="#sSpan2232" value="person"/>
		<feat xlink:href="#sSpan2250" value="abstract"/>
		<feat xlink:href="#sSpan2259" value="animal"/>
		<feat xlink:href="#sSpan2271" value="place"/>
		<feat xlink:href="#sSpan2294" value="abstract"/>
		<feat xlink:href="#sSpan2304" value="person"/>
		<feat xlink:href="#sSpan2327" value="abstract"/>
		<feat xlink:href="#sSpan2338" value="person"/>
		<feat xlink:href="#sSpan2350" value="place"/>
		<feat xlink:href="#sSpan2361" value="abstract"/>
		<feat xlink:href="#sSpan2379" value="object"/>
		<feat xlink:href="#sSpan2403" value="abstract"/>
		<feat xlink:href="#sSpan2430" value="abstract"/>
		<feat xlink:href="#sSpan2450" value="abstract"/>
		<feat xlink:href="#sSpan2464" value="object"/>
		<feat xlink:href="#sSpan2475" value="event"/>
		<feat xlink:href="#sSpan2492" value="organization"/>
		<feat xlink:href="#sSpan2510" value="abstract"/>
		<feat xlink:href="#sSpan2528" value="abstract"/>
		<feat xlink:href="#sSpan2542" value="abstract"/>
		<feat xlink:href="#sSpan2579" value="abstract"/>
		<feat xlink:href="#sSpan2614" value="place"/>
		<feat xlink:href="#sSpan2644" value="person"/>
		<feat xlink:href="#sSpan2654" value="abstract"/>
		<feat xlink:href="#sSpan2670" value="place"/>
		<feat xlink:href="#sSpan2692" value="person"/>
		<feat xlink:href="#sSpan2699" value="place"/>
		<feat xlink:href="#sSpan2708" value="abstract"/>
		<feat xlink:href="#sSpan2715" value="place"/>
		<feat xlink:href="#sSpan2728" value="place"/>
		<feat xlink:href="#sSpan2733" value="abstract"/>
		<feat xlink:href="#sSpan2748" value="abstract"/>
		<feat xlink:href="#sSpan2757" value="abstract"/>
		<feat xlink:href="#sSpan2769" value="abstract"/>
		<feat xlink:href="#sSpan2782" value="place"/>
		<feat xlink:href="#sSpan2803" value="object"/>
		<feat xlink:href="#sSpan2813" value="place"/>
		<feat xlink:href="#sSpan2844" value="organization"/>
		<feat xlink:href="#sSpan2860" value="place"/>
		<feat xlink:href="#sSpan2865" value="abstract"/>
		<feat xlink:href="#sSpan2889" value="event"/>
		<feat xlink:href="#sSpan2898" value="substance"/>
		<feat xlink:href="#sSpan2907" value="substance"/>
		<feat xlink:href="#sSpan2914" value="abstract"/>
		<feat xlink:href="#sSpan2921" value="abstract"/>
		<feat xlink:href="#sSpan2941" value="place"/>
		<feat xlink:href="#sSpan2951" value="object"/>
		<feat xlink:href="#sSpan2958" value="person"/>
		<feat xlink:href="#sSpan2984" value="abstract"/>
		<feat xlink:href="#sSpan2994" value="abstract"/>
		<feat xlink:href="#sSpan3017" value="place"/>
		<feat xlink:href="#sSpan3025" value="abstract"/>
		<feat xlink:href="#sSpan3053" value="abstract"/>
		<feat xlink:href="#sSpan3066" value="abstract"/>
		<feat xlink:href="#sSpan3090" value="abstract"/>
		<feat xlink:href="#sSpan3114" value="place"/>
		<feat xlink:href="#sSpan3141" value="person"/>
		<feat xlink:href="#sSpan3156" value="place"/>
		<feat xlink:href="#sSpan3189" value="abstract"/>
		<feat xlink:href="#sSpan3207" value="place"/>
		<feat xlink:href="#sSpan3215" value="person"/>
		<feat xlink:href="#sSpan3246" value="place"/>
		<feat xlink:href="#sSpan3263" value="person"/>
		<feat xlink:href="#sSpan3274" value="person"/>
		<feat xlink:href="#sSpan3299" value="abstract"/>
		<feat xlink:href="#sSpan3318" value="person"/>
		<feat xlink:href="#sSpan3335" value="place"/>
		<feat xlink:href="#sSpan3354" value="abstract"/>
		<feat xlink:href="#sSpan3366" value="abstract"/>
		<feat xlink:href="#sSpan3394" value="abstract"/>
		<feat xlink:href="#sSpan3405" value="abstract"/>
		<feat xlink:href="#sSpan3421" value="place"/>
		<feat xlink:href="#sSpan3441" value="abstract"/>
		<feat xlink:href="#sSpan3463" value="time"/>
		<feat xlink:href="#sSpan3472" value="abstract"/>
		<feat xlink:href="#sSpan3492" value="event"/>
		<feat xlink:href="#sSpan3512" value="place"/>
		<feat xlink:href="#sSpan3521" value="abstract"/>
		<feat xlink:href="#sSpan3536" value="place"/>
		<feat xlink:href="#sSpan3551" value="place"/>
		<feat xlink:href="#sSpan3570" value="abstract"/>
		<feat xlink:href="#sSpan3585" value="abstract"/>
		<feat xlink:href="#sSpan3595" value="abstract"/>
		<feat xlink:href="#sSpan3602" value="abstract"/>
		<feat xlink:href="#sSpan3615" value="time"/>
		<feat xlink:href="#sSpan3640" value="abstract"/>
		<feat xlink:href="#sSpan3658" value="abstract"/>
		<feat xlink:href="#sSpan3670" value="person"/>
		<feat xlink:href="#sSpan3682" value="abstract"/>
		<feat xlink:href="#sSpan3694" value="abstract"/>
		<feat xlink:href="#sSpan3709" value="abstract"/>
		<feat xlink:href="#sSpan3718" value="abstract"/>
		<feat xlink:href="#sSpan3734" value="abstract"/>
		<feat xlink:href="#sSpan3747" value="abstract"/>
		<feat xlink:href="#sSpan3757" value="abstract"/>
		<feat xlink:href="#sSpan3768" value="abstract"/>
		<feat xlink:href="#sSpan3778" value="person"/>
		<feat xlink:href="#sSpan3789" value="abstract"/>
		<feat xlink:href="#sSpan3807" value="abstract"/>
		<feat xlink:href="#sSpan3821" value="abstract"/>
		<feat xlink:href="#sSpan3837" value="abstract"/>
		<feat xlink:href="#sSpan3849" value="abstract"/>
		<feat xlink:href="#sSpan3863" value="abstract"/>
		<feat xlink:href="#sSpan3875" value="abstract"/>
		<feat xlink:href="#sSpan3890" value="abstract"/>
		<feat xlink:href="#sSpan3900" value="object"/>
		<feat xlink:href="#sSpan3911" value="abstract"/>
		<feat xlink:href="#sSpan3939" value="abstract"/>
		<feat xlink:href="#sSpan3955" value="abstract"/>
		<feat xlink:href="#sSpan3977" value="event"/>
		<feat xlink:href="#sSpan4002" value="abstract"/>
		<feat xlink:href="#sSpan4024" value="abstract"/>
		<feat xlink:href="#sSpan4050" value="person"/>
		<feat xlink:href="#sSpan4064" value="person"/>
		<feat xlink:href="#sSpan4095" value="person"/>
		<feat xlink:href="#sSpan4106" value="abstract"/>
		<feat xlink:href="#sSpan4125" value="substance"/>
		<feat xlink:href="#sSpan4146" value="abstract"/>
		<feat xlink:href="#sSpan4156" value="object"/>
		<feat xlink:href="#sSpan4180" value="person"/>
		<feat xlink:href="#sSpan4202" value="time"/>
		<feat xlink:href="#sSpan4217" value="person"/>
		<feat xlink:href="#sSpan4236" value="person"/>
		<feat xlink:href="#sSpan4256" value="abstract"/>
		<feat xlink:href="#sSpan4265" value="time"/>
		<feat xlink:href="#sSpan4290" value="person"/>
		<feat xlink:href="#sSpan4302" value="person"/>
		<feat xlink:href="#sSpan4340" value="event"/>
		<feat xlink:href="#sSpan4364" value="abstract"/>
		<feat xlink:href="#sSpan4400" value="person"/>
		<feat xlink:href="#sSpan4423" value="person"/>
		<feat xlink:href="#sSpan4456" value="abstract"/>
		<feat xlink:href="#sSpan4463" value="person"/>
		<feat xlink:href="#sSpan4491" value="abstract"/>
		<feat xlink:href="#sSpan4531" value="abstract"/>
		<feat xlink:href="#sSpan4538" value="abstract"/>
		<feat xlink:href="#sSpan4548" value="abstract"/>
		<feat xlink:href="#sSpan4561" value="person"/>
		<feat xlink:href="#sSpan4570" value="object"/>
		<feat xlink:href="#sSpan4594" value="person"/>
		<feat xlink:href="#sSpan4621" value="abstract"/>
		<feat xlink:href="#sSpan4644" value="abstract"/>
		<feat xlink:href="#sSpan4684" value="abstract"/>
		<feat xlink:href="#sSpan4694" value="abstract"/>
		<feat xlink:href="#sSpan4718" value="abstract"/>
		<feat xlink:href="#sSpan4724" value="person"/>
		<feat xlink:href="#sSpan4737" value="abstract"/>
		<feat xlink:href="#sSpan4767" value="abstract"/>
		<feat xlink:href="#sSpan4778" value="abstract"/>
		<feat xlink:href="#sSpan4791" value="abstract"/>
		<feat xlink:href="#sSpan4801" value="event"/>
		<feat xlink:href="#sSpan4808" value="abstract"/>
		<feat xlink:href="#sSpan4838" value="abstract"/>
		<feat xlink:href="#sSpan4850" value="abstract"/>
		<feat xlink:href="#sSpan4873" value="person"/>
		<feat xlink:href="#sSpan4907" value="person"/>
		<feat xlink:href="#sSpan4934" value="abstract"/>
		<feat xlink:href="#sSpan4944" value="person"/>
		<feat xlink:href="#sSpan4977" value="person"/>
		<feat xlink:href="#sSpan4986" value="person"/>
		<feat xlink:href="#sSpan5006" value="person"/>
		<feat xlink:href="#sSpan5037" value="person"/>
		<feat xlink:href="#sSpan5064" value="abstract"/>
		<feat xlink:href="#sSpan5085" value="person"/>
		<feat xlink:href="#sSpan5136" value="place"/>
		<feat xlink:href="#sSpan5152" value="place"/>
		<feat xlink:href="#sSpan5200" value="place"/>
		<feat xlink:href="#sSpan5214" value="abstract"/>
		<feat xlink:href="#sSpan5233" value="person"/>
		<feat xlink:href="#sSpan5258" value="person"/>
		<feat xlink:href="#sSpan5299" value="abstract"/>
		<feat xlink:href="#sSpan5337" value="abstract"/>
		<feat xlink:href="#sSpan5347" value="person"/>
		<feat xlink:href="#sSpan5388" value="person"/>
		<feat xlink:href="#sSpan5398" value="person"/>
		<feat xlink:href="#sSpan5408" value="abstract"/>
		<feat xlink:href="#sSpan5425" value="person"/>
		<feat xlink:href="#sSpan5433" value="person"/>
		<feat xlink:href="#sSpan5470" value="abstract"/>
		<feat xlink:href="#sSpan5483" value="abstract"/>
		<feat xlink:href="#sSpan5495" value="abstract"/>
		<feat xlink:href="#sSpan5508" value="person"/>
		<feat xlink:href="#sSpan5519" value="abstract"/>
		<feat xlink:href="#sSpan5534" value="person"/>
		<feat xlink:href="#sSpan5541" value="abstract"/>
		<feat xlink:href="#sSpan5550" value="person"/>
		<feat xlink:href="#sSpan5564" value="person"/>
		<feat xlink:href="#sSpan5586" value="abstract"/>
		<feat xlink:href="#sSpan5597" value="person"/>
		<feat xlink:href="#sSpan5616" value="person"/>
		<feat xlink:href="#sSpan5631" value="abstract"/>
		<feat xlink:href="#sSpan5653" value="abstract"/>
		<feat xlink:href="#sSpan5677" value="person"/>
		<feat xlink:href="#sSpan5691" value="person"/>
		<feat xlink:href="#sSpan5700" value="abstract"/>
		<feat xlink:href="#sSpan5724" value="abstract"/>
		<feat xlink:href="#sSpan5755" value="abstract"/>
		<feat xlink:href="#sSpan5764" value="abstract"/>
		<feat xlink:href="#sSpan5783" value="object"/>
		<feat xlink:href="#sSpan5797" value="abstract"/>
		<feat xlink:href="#sSpan5807" value="abstract"/>
		<feat xlink:href="#sSpan5872" value="abstract"/>
		<feat xlink:href="#sSpan5904" value="person"/>
		<feat xlink:href="#sSpan5915" value="person"/>
		<feat xlink:href="#sSpan5936" value="abstract"/>
		<feat xlink:href="#sSpan5946" value="abstract"/>
		<feat xlink:href="#sSpan5970" value="person"/>
		<feat xlink:href="#sSpan5981" value="abstract"/>
		<feat xlink:href="#sSpan5995" value="abstract"/>
		<feat xlink:href="#sSpan6038" value="place"/>
		<feat xlink:href="#sSpan6054" value="substance"/>
		<feat xlink:href="#sSpan6063" value="event"/>
		<feat xlink:href="#sSpan6114" value="person"/>
		<feat xlink:href="#sSpan6121" value="object"/>
		<feat xlink:href="#sSpan6142" value="abstract"/>
		<feat xlink:href="#sSpan6149" value="time"/>
		<feat xlink:href="#sSpan6158" value="substance"/>
		<feat xlink:href="#sSpan6190" value="abstract"/>
		<feat xlink:href="#sSpan6222" value="person"/>
		<feat xlink:href="#sSpan6263" value="abstract"/>
		<feat xlink:href="#sSpan6279" value="abstract"/>
		<feat xlink:href="#sSpan6299" value="abstract"/>
		<feat xlink:href="#sSpan6309" value="object"/>
		<feat xlink:href="#sSpan6319" value="person"/>
		<feat xlink:href="#sSpan6369" value="event"/>
		<feat xlink:href="#sSpan6438" value="event"/>
		<feat xlink:href="#sSpan6450" value="person"/>
		<feat xlink:href="#sSpan6469" value="person"/>
		<feat xlink:href="#sSpan6478" value="abstract"/>
		<feat xlink:href="#sSpan6488" value="person"/>
		<feat xlink:href="#sSpan6500" value="person"/>
		<feat xlink:href="#sSpan6527" value="abstract"/>
		<feat xlink:href="#sSpan6557" value="person"/>
		<feat xlink:href="#sSpan6603" value="substance"/>
		<feat xlink:href="#sSpan6612" value="object"/>
		<feat xlink:href="#sSpan6632" value="abstract"/>
		<feat xlink:href="#sSpan6648" value="person"/>
		<feat xlink:href="#sSpan6697" value="person"/>
		<feat xlink:href="#sSpan6712" value="person"/>
		<feat xlink:href="#sSpan6721" value="place"/>
		<feat xlink:href="#sSpan6747" value="person"/>
		<feat xlink:href="#sSpan6763" value="person"/>
		<feat xlink:href="#sSpan6781" value="object"/>
		<feat xlink:href="#sSpan6800" value="person"/>
		<feat xlink:href="#sSpan6821" value="place"/>
		<feat xlink:href="#sSpan6831" value="abstract"/>
		<feat xlink:href="#sSpan6853" value="person"/>
		<feat xlink:href="#sSpan6869" value="animal"/>
		<feat xlink:href="#sSpan6886" value="animal"/>
		<feat xlink:href="#sSpan6921" value="place"/>
		<feat xlink:href="#sSpan6938" value="animal"/>
		<feat xlink:href="#sSpan6962" value="person"/>
		<feat xlink:href="#sSpan6973" value="place"/>
		<feat xlink:href="#sSpan6989" value="abstract"/>
		<feat xlink:href="#sSpan6998" value="abstract"/>
		<feat xlink:href="#sSpan7013" value="abstract"/>
		<feat xlink:href="#sSpan7035" value="person"/>
		<feat xlink:href="#sSpan7049" value="abstract"/>
		<feat xlink:href="#sSpan7062" value="person"/>
		<feat xlink:href="#sSpan7106" value="object"/>
		<feat xlink:href="#sSpan7125" value="person"/>
		<feat xlink:href="#sSpan7146" value="abstract"/>
		<feat xlink:href="#sSpan7166" value="place"/>
		<feat xlink:href="#sSpan7175" value="abstract"/>
		<feat xlink:href="#sSpan7187" value="person"/>
		<feat xlink:href="#sSpan7211" value="abstract"/>
		<feat xlink:href="#sSpan7226" value="abstract"/>
		<feat xlink:href="#sSpan7236" value="person"/>
		<feat xlink:href="#sSpan7256" value="object"/>
		<feat xlink:href="#sSpan7266" value="abstract"/>
		<feat xlink:href="#sSpan7279" value="abstract"/>
		<feat xlink:href="#sSpan7309" value="place"/>
		<feat xlink:href="#sSpan7337" value="place"/>
		<feat xlink:href="#sSpan7371" value="abstract"/>
		<feat xlink:href="#sSpan7379" value="place"/>
		<feat xlink:href="#sSpan7406" value="object"/>
		<feat xlink:href="#sSpan7413" value="abstract"/>
		<feat xlink:href="#sSpan7424" value="abstract"/>
		<feat xlink:href="#sSpan7466" value="event"/>
		<feat xlink:href="#sSpan7500" value="abstract"/>
		<feat xlink:href="#sSpan7519" value="abstract"/>
		<feat xlink:href="#sSpan7549" value="person"/>
		<feat xlink:href="#sSpan7565" value="event"/>
		<feat xlink:href="#sSpan7610" value="person"/>
		<feat xlink:href="#sSpan7622" value="person"/>
		<feat xlink:href="#sSpan7641" value="event"/>
		<feat xlink:href="#sSpan7732" value="person"/>
		<feat xlink:href="#sSpan7743" value="person"/>
		<feat xlink:href="#sSpan7793" value="place"/>
		<feat xlink:href="#sSpan7809" value="event"/>
		<feat xlink:href="#sSpan7824" value="person"/>
		<feat xlink:href="#sSpan7864" value="place"/>
		<feat xlink:href="#sSpan7887" value="object"/>
		<feat xlink:href="#sSpan7905" value="person"/>
		<feat xlink:href="#sSpan7925" value="object"/>
		<feat xlink:href="#sSpan7934" value="place"/>
		<feat xlink:href="#sSpan7984" value="person"/>
		<feat xlink:href="#sSpan8028" value="person"/>
		<feat xlink:href="#sSpan8036" value="object"/>
		<feat xlink:href="#sSpan8059" value="object"/>
		<feat xlink:href="#sSpan8074" value="place"/>
		<feat xlink:href="#sSpan8086" value="object"/>
		<feat xlink:href="#sSpan8105" value="place"/>
		<feat xlink:href="#sSpan8118" value="abstract"/>
		<feat xlink:href="#sSpan8140" value="person"/>
		<feat xlink:href="#sSpan8151" value="person"/>
		<feat xlink:href="#sSpan8173" value="person"/>
		<feat xlink:href="#sSpan8185" value="object"/>
		<feat xlink:href="#sSpan8216" value="person"/>
		<feat xlink:href="#sSpan8248" value="person"/>
		<feat xlink:href="#sSpan8315" value="event"/>
		<feat xlink:href="#sSpan8327" value="substance"/>
		<feat xlink:href="#sSpan8337" value="event"/>
		<feat xlink:href="#sSpan8346" value="place"/>
		<feat xlink:href="#sSpan8353" value="abstract"/>
		<feat xlink:href="#sSpan8369" value="person"/>
		<feat xlink:href="#sSpan8380" value="person"/>
		<feat xlink:href="#sSpan8406" value="abstract"/>
		<feat xlink:href="#sSpan8415" value="person"/>
		<feat xlink:href="#sSpan8426" value="person"/>
		<feat xlink:href="#sSpan8437" value="person"/>
		<feat xlink:href="#sSpan8453" value="abstract"/>
		<feat xlink:href="#sSpan8469" value="abstract"/>
		<feat xlink:href="#sSpan8480" value="object"/>
		<feat xlink:href="#sSpan8491" value="abstract"/>
		<feat xlink:href="#sSpan8501" value="person"/>
		<feat xlink:href="#sSpan8514" value="abstract"/>
		<feat xlink:href="#sSpan8523" value="person"/>
		<feat xlink:href="#sSpan8535" value="object"/>
		<feat xlink:href="#sSpan8549" value="person"/>
		<feat xlink:href="#sSpan8561" value="abstract"/>
		<feat xlink:href="#sSpan8574" value="place"/>
		<feat xlink:href="#sSpan8587" value="abstract"/>
		<feat xlink:href="#sSpan8598" value="abstract"/>
		<feat xlink:href="#sSpan8612" value="abstract"/>
		<feat xlink:href="#sSpan8625" value="event"/>
		<feat xlink:href="#sSpan8639" value="place"/>
		<feat xlink:href="#sSpan8651" value="event"/>
		<feat xlink:href="#sSpan8660" value="object"/>
		<feat xlink:href="#sSpan8671" value="event"/>
		<feat xlink:href="#sSpan8688" value="person"/>
		<feat xlink:href="#sSpan8701" value="event"/>
		<feat xlink:href="#sSpan8716" value="person"/>
		<feat xlink:href="#sSpan8728" value="event"/>
		<feat xlink:href="#sSpan8744" value="person"/>
		<feat xlink:href="#sSpan8756" value="event"/>
		<feat xlink:href="#sSpan8769" value="time"/>
		<feat xlink:href="#sSpan8779" value="person"/>
		<feat xlink:href="#sSpan8792" value="abstract"/>
		<feat xlink:href="#sSpan8805" value="abstract"/>
		<feat xlink:href="#sSpan8817" value="abstract"/>
		<feat xlink:href="#sSpan8832" value="place"/>
		<feat xlink:href="#sSpan8844" value="object"/>
		<feat xlink:href="#sSpan8871" value="object"/>
		<feat xlink:href="#sSpan8902" value="abstract"/>
		<feat xlink:href="#sSpan8909" value="place"/>
		<feat xlink:href="#sSpan8920" value="event"/>
		<feat xlink:href="#sSpan8935" value="place"/>
		<feat xlink:href="#sSpan8945" value="event"/>
		<feat xlink:href="#sSpan8964" value="person"/>
		<feat xlink:href="#sSpan8975" value="object"/>
		<feat xlink:href="#sSpan8987" value="event"/>
		<feat xlink:href="#sSpan9001" value="person"/>
		<feat xlink:href="#sSpan9013" value="event"/>
		<feat xlink:href="#sSpan9026" value="object"/>
		<feat xlink:href="#sSpan9036" value="object"/>
		<feat xlink:href="#sSpan9061" value="place"/>
		<feat xlink:href="#sSpan9075" value="event"/>
		<feat xlink:href="#sSpan9089" value="organization"/>
		<feat xlink:href="#sSpan9101" value="event"/>
		<feat xlink:href="#sSpan9115" value="abstract"/>
		<feat xlink:href="#sSpan9146" value="abstract"/>
		<feat xlink:href="#sSpan9158" value="abstract"/>
		<feat xlink:href="#sSpan9188" value="person"/>
		<feat xlink:href="#sSpan9203" value="person"/>
		<feat xlink:href="#sSpan9214" value="person"/>
		<feat xlink:href="#sSpan9250" value="abstract"/>
		<feat xlink:href="#sSpan9261" value="abstract"/>
		<feat xlink:href="#sSpan9271" value="time"/>
		<feat xlink:href="#sSpan9350" value="person"/></featList></paula>