<?xml version='1.0' encoding='UTF-8'?><!DOCTYPE paula SYSTEM "paula_feat.dtd">
<paula version="1.1">
	<header paula_id="scriptorium.proclus.23.nativity.mark_verse_n"/>
	<featList xmlns:xlink="http://www.w3.org/1999/xlink" type="verse_n" xml:base="scriptorium.proclus.23.nativity.mark.xml">
		<feat xlink:href="#sSpan9" value="1"/>
		<feat xlink:href="#sSpan201" value="1"/>
		<feat xlink:href="#sSpan268" value="2"/>
		<feat xlink:href="#sSpan326" value="3"/>
		<feat xlink:href="#sSpan370" value="4"/>
		<feat xlink:href="#sSpan403" value="5"/>
		<feat xlink:href="#sSpan447" value="1"/>
		<feat xlink:href="#sSpan502" value="2"/>
		<feat xlink:href="#sSpan577" value="3"/>
		<feat xlink:href="#sSpan762" value="4"/>
		<feat xlink:href="#sSpan839" value="1"/>
		<feat xlink:href="#sSpan933" value="2"/>
		<feat xlink:href="#sSpan1052" value="1"/>
		<feat xlink:href="#sSpan1148" value="1"/>
		<feat xlink:href="#sSpan1253" value="1"/>
		<feat xlink:href="#sSpan1331" value="1"/>
		<feat xlink:href="#sSpan1419" value="2"/>
		<feat xlink:href="#sSpan1506" value="3"/>
		<feat xlink:href="#sSpan1591" value="1"/>
		<feat xlink:href="#sSpan1698" value="1"/>
		<feat xlink:href="#sSpan1805" value="2"/>
		<feat xlink:href="#sSpan1867" value="3"/>
		<feat xlink:href="#sSpan1935" value="4"/>
		<feat xlink:href="#sSpan2009" value="1"/>
		<feat xlink:href="#sSpan2077" value="2"/>
		<feat xlink:href="#sSpan2152" value="3"/>
		<feat xlink:href="#sSpan2221" value="4"/>
		<feat xlink:href="#sSpan2298" value="1"/>
		<feat xlink:href="#sSpan2354" value="2"/>
		<feat xlink:href="#sSpan2410" value="3"/>
		<feat xlink:href="#sSpan2456" value="4"/>
		<feat xlink:href="#sSpan2644" value="1"/>
		<feat xlink:href="#sSpan2703" value="2"/>
		<feat xlink:href="#sSpan2757" value="3"/>
		<feat xlink:href="#sSpan2835" value="4"/>
		<feat xlink:href="#sSpan2915" value="1"/>
		<feat xlink:href="#sSpan2991" value="2"/>
		<feat xlink:href="#sSpan3088" value="3"/>
		<feat xlink:href="#sSpan3217" value="1"/>
		<feat xlink:href="#sSpan3307" value="2"/>
		<feat xlink:href="#sSpan3393" value="3"/>
		<feat xlink:href="#sSpan3463" value="1"/>
		<feat xlink:href="#sSpan3523" value="2"/>
		<feat xlink:href="#sSpan3799" value="1"/>
		<feat xlink:href="#sSpan3889" value="2"/>
		<feat xlink:href="#sSpan3993" value="1"/>
		<feat xlink:href="#sSpan4155" value="2"/>
		<feat xlink:href="#sSpan4211" value="3"/>
		<feat xlink:href="#sSpan4277" value="4"/>
		<feat xlink:href="#sSpan4317" value="5"/>
		<feat xlink:href="#sSpan4359" value="6"/>
		<feat xlink:href="#sSpan4523" value="1"/>
		<feat xlink:href="#sSpan4641" value="1"/>
		<feat xlink:href="#sSpan4866" value="1"/>
		<feat xlink:href="#sSpan4963" value="2"/>
		<feat xlink:href="#sSpan5025" value="3"/>
		<feat xlink:href="#sSpan5049" value="4"/>
		<feat xlink:href="#sSpan5094" value="5"/>
		<feat xlink:href="#sSpan5192" value="1"/>
		<feat xlink:href="#sSpan5342" value="2"/>
		<feat xlink:href="#sSpan5551" value="3"/>
		<feat xlink:href="#sSpan5632" value="1"/>
		<feat xlink:href="#sSpan5680" value="2"/>
		<feat xlink:href="#sSpan5746" value="3"/>
		<feat xlink:href="#sSpan5791" value="4"/>
		<feat xlink:href="#sSpan5856" value="5"/>
		<feat xlink:href="#sSpan5931" value="1"/>
		<feat xlink:href="#sSpan5979" value="2"/>
		<feat xlink:href="#sSpan6047" value="3"/>
		<feat xlink:href="#sSpan6152" value="4"/>
		<feat xlink:href="#sSpan6262" value="5"/>
		<feat xlink:href="#sSpan6301" value="1"/>
		<feat xlink:href="#sSpan6352" value="2"/>
		<feat xlink:href="#sSpan6481" value="3"/>
		<feat xlink:href="#sSpan6575" value="1"/>
		<feat xlink:href="#sSpan6608" value="2"/>
		<feat xlink:href="#sSpan6643" value="3"/>
		<feat xlink:href="#sSpan6702" value="4"/>
		<feat xlink:href="#sSpan6755" value="5"/>
		<feat xlink:href="#sSpan6814" value="6"/>
		<feat xlink:href="#sSpan6869" value="7"/>
		<feat xlink:href="#sSpan6922" value="1"/>
		<feat xlink:href="#sSpan6981" value="2"/>
		<feat xlink:href="#sSpan7046" value="1"/>
		<feat xlink:href="#sSpan7106" value="2"/>
		<feat xlink:href="#sSpan7129" value="3"/>
		<feat xlink:href="#sSpan7168" value="4"/>
		<feat xlink:href="#sSpan7219" value="5"/>
		<feat xlink:href="#sSpan7273" value="6"/>
		<feat xlink:href="#sSpan7300" value="7"/>
		<feat xlink:href="#sSpan7328" value="8"/>
		<feat xlink:href="#sSpan7368" value="9"/>
		<feat xlink:href="#sSpan7484" value="1"/>
		<feat xlink:href="#sSpan7575" value="2"/>
		<feat xlink:href="#sSpan7646" value="3"/>
		<feat xlink:href="#sSpan7773" value="1"/>
		<feat xlink:href="#sSpan7916" value="2"/>
		<feat xlink:href="#sSpan8018" value="3"/>
		<feat xlink:href="#sSpan8099" value="1"/>
		<feat xlink:href="#sSpan8175" value="2"/>
		<feat xlink:href="#sSpan8221" value="3"/>
		<feat xlink:href="#sSpan8293" value="4"/>
		<feat xlink:href="#sSpan8359" value="1"/>
		<feat xlink:href="#sSpan8434" value="2"/>
		<feat xlink:href="#sSpan8514" value="1"/>
		<feat xlink:href="#sSpan8565" value="2"/>
		<feat xlink:href="#sSpan8603" value="3"/>
		<feat xlink:href="#sSpan8649" value="4"/>
		<feat xlink:href="#sSpan8706" value="1"/>
		<feat xlink:href="#sSpan8734" value="2"/>
		<feat xlink:href="#sSpan8770" value="3"/>
		<feat xlink:href="#sSpan8795" value="4"/>
		<feat xlink:href="#sSpan8822" value="1"/>
		<feat xlink:href="#sSpan8849" value="2"/>
		<feat xlink:href="#sSpan8898" value="3"/>
		<feat xlink:href="#sSpan8922" value="1"/>
		<feat xlink:href="#sSpan8964" value="2"/>
		<feat xlink:href="#sSpan8990" value="3"/>
		<feat xlink:href="#sSpan9053" value="1"/>
		<feat xlink:href="#sSpan9102" value="2"/>
		<feat xlink:href="#sSpan9277" value="3"/></featList></paula>