<?xml version='1.0' encoding='UTF-8'?><!DOCTYPE paula SYSTEM "paula_feat.dtd">
<paula version="1.1">
	<header paula_id="scriptorium.proclus.23.nativity.mark_cb_n"/>
	<featList xmlns:xlink="http://www.w3.org/1999/xlink" type="cb_n" xml:base="scriptorium.proclus.23.nativity.mark.xml">
		<feat xlink:href="#sSpan11" value="1"/>
		<feat xlink:href="#sSpan304" value="2"/>
		<feat xlink:href="#sSpan594" value="1"/>
		<feat xlink:href="#sSpan921" value="2"/>
		<feat xlink:href="#sSpan1198" value="1"/>
		<feat xlink:href="#sSpan1519" value="2"/>
		<feat xlink:href="#sSpan1806" value="1"/>
		<feat xlink:href="#sSpan2138" value="2"/>
		<feat xlink:href="#sSpan2386" value="1"/>
		<feat xlink:href="#sSpan2687" value="2"/>
		<feat xlink:href="#sSpan3013" value="1"/>
		<feat xlink:href="#sSpan3334" value="2"/>
		<feat xlink:href="#sSpan3605" value="1"/>
		<feat xlink:href="#sSpan3854" value="2"/>
		<feat xlink:href="#sSpan4170" value="1"/>
		<feat xlink:href="#sSpan4512" value="2"/>
		<feat xlink:href="#sSpan4792" value="1"/>
		<feat xlink:href="#sSpan5068" value="2"/>
		<feat xlink:href="#sSpan5392" value="1"/>
		<feat xlink:href="#sSpan5756" value="2"/>
		<feat xlink:href="#sSpan6065" value="1"/>
		<feat xlink:href="#sSpan6382" value="2"/>
		<feat xlink:href="#sSpan6687" value="1"/>
		<feat xlink:href="#sSpan7025" value="2"/>
		<feat xlink:href="#sSpan7336" value="1"/>
		<feat xlink:href="#sSpan7624" value="2"/>
		<feat xlink:href="#sSpan7957" value="1"/>
		<feat xlink:href="#sSpan8266" value="2"/>
		<feat xlink:href="#sSpan8546" value="1"/>
		<feat xlink:href="#sSpan8865" value="2"/>
		<feat xlink:href="#sSpan9130" value="1"/></featList></paula>