<?xml version='1.0' encoding='UTF-8'?><!DOCTYPE paula SYSTEM "paula_feat.dtd">
<paula version="1.1">
	<header paula_id="scriptorium.johannes.canons.FA191-192.mark_translation"/>
	<featList xmlns:xlink="http://www.w3.org/1999/xlink" type="translation" xml:base="scriptorium.johannes.canons.FA191-192.mark.xml">
		<feat xlink:href="#sSpan10" value="..."/>
		<feat xlink:href="#sSpan118" value="..."/>
		<feat xlink:href="#sSpan246" value="..."/>
		<feat xlink:href="#sSpan391" value="..."/>
		<feat xlink:href="#sSpan602" value="..."/>
		<feat xlink:href="#sSpan695" value="..."/>
		<feat xlink:href="#sSpan897" value="..."/>
		<feat xlink:href="#sSpan950" value="..."/>
		<feat xlink:href="#sSpan1063" value="..."/>
		<feat xlink:href="#sSpan1103" value="..."/>
		<feat xlink:href="#sSpan1128" value="..."/>
		<feat xlink:href="#sSpan1147" value="..."/>
		<feat xlink:href="#sSpan1185" value="..."/>
		<feat xlink:href="#sSpan1255" value="..."/>
		<feat xlink:href="#sSpan1358" value="..."/>
		<feat xlink:href="#sSpan1394" value="..."/>
		<feat xlink:href="#sSpan1411" value="..."/></featList></paula>